Chargement MNIST…
  train: (60000, 28, 28, 1) | test: (10000, 28, 28, 1)
Modèle fp32 : 6,772,500 paramètres | latent_dim=2
Cible PyTorch à battre : MSE = 0.03087685
E  1/10000 | train 0.092784 | test 0.067733 | epoch 0.21s | total 0.2s | lr 0.00030
E  2/10000 | train 0.067248 | test 0.064072 | epoch 0.17s | total 0.4s | lr 0.00060
E  3/10000 | train 0.062856 | test 0.061905 | epoch 0.17s | total 0.6s | lr 0.00090
E  4/10000 | train 0.057731 | test 0.054506 | epoch 0.17s | total 0.8s | lr 0.00120
E  5/10000 | train 0.054101 | test 0.052396 | epoch 0.17s | total 1.0s | lr 0.00150
E  6/10000 | train 0.051408 | test 0.049816 | epoch 0.18s | total 1.2s | lr 0.00150
E  7/10000 | train 0.050528 | test 0.050189 | epoch 0.18s | total 1.4s | lr 0.00150
E  8/10000 | train 0.049690 | test 0.048730 | epoch 0.17s | total 1.5s | lr 0.00150
E  9/10000 | train 0.048493 | test 0.046666 | epoch 0.17s | total 1.7s | lr 0.00150
E 10/10000 | train 0.047607 | test 0.046096 | epoch 0.17s | total 1.9s | lr 0.00150
E 11/10000 | train 0.046169 | test 0.044967 | epoch 0.17s | total 2.1s | lr 0.00150
E 12/10000 | train 0.045359 | test 0.043953 | epoch 0.17s | total 2.3s | lr 0.00150
E 13/10000 | train 0.044276 | test 0.042597 | epoch 0.17s | total 2.5s | lr 0.00150
E 14/10000 | train 0.043276 | test 0.042409 | epoch 0.17s | total 2.7s | lr 0.00150
E 15/10000 | train 0.041975 | test 0.040855 | epoch 0.17s | total 2.9s | lr 0.00150
E 16/10000 | train 0.040441 | test 0.038711 | epoch 0.17s | total 3.0s | lr 0.00150
E 17/10000 | train 0.039209 | test 0.037764 | epoch 0.17s | total 3.2s | lr 0.00150
E 18/10000 | train 0.038752 | test 0.037708 | epoch 0.17s | total 3.4s | lr 0.00150
E 19/10000 | train 0.038801 | test 0.038258 | epoch 0.17s | total 3.6s | lr 0.00150
E 20/10000 | train 0.038208 | test 0.036614 | epoch 0.17s | total 3.8s | lr 0.00150
E 21/10000 | train 0.037481 | test 0.036495 | epoch 0.17s | total 4.0s | lr 0.00150
E 22/10000 | train 0.037294 | test 0.036539 | epoch 0.18s | total 4.1s | lr 0.00150
E 23/10000 | train 0.037126 | test 0.037102 | epoch 0.18s | total 4.3s | lr 0.00150
E 24/10000 | train 0.037052 | test 0.035924 | epoch 0.17s | total 4.5s | lr 0.00150
E 25/10000 | train 0.036505 | test 0.035533 | epoch 0.17s | total 4.7s | lr 0.00150
E 26/10000 | train 0.036496 | test 0.035411 | epoch 0.17s | total 4.9s | lr 0.00150
E 27/10000 | train 0.036204 | test 0.035449 | epoch 0.17s | total 5.0s | lr 0.00150
E 28/10000 | train 0.036044 | test 0.035172 | epoch 0.17s | total 5.2s | lr 0.00150
E 29/10000 | train 0.036035 | test 0.034892 | epoch 0.18s | total 5.4s | lr 0.00150
E 30/10000 | train 0.035791 | test 0.034905 | epoch 0.17s | total 5.6s | lr 0.00150
E 31/10000 | train 0.035621 | test 0.034893 | epoch 0.17s | total 5.8s | lr 0.00150
E 32/10000 | train 0.035592 | test 0.034755 | epoch 0.17s | total 6.0s | lr 0.00150
E 33/10000 | train 0.035464 | test 0.034745 | epoch 0.17s | total 6.1s | lr 0.00150
E 34/10000 | train 0.036320 | test 0.035599 | epoch 0.17s | total 6.3s | lr 0.00150
E 35/10000 | train 0.035834 | test 0.035300 | epoch 0.17s | total 6.5s | lr 0.00150
E 36/10000 | train 0.035674 | test 0.034882 | epoch 0.17s | total 6.7s | lr 0.00150
E 37/10000 | train 0.035848 | test 0.035211 | epoch 0.17s | total 6.9s | lr 0.00150
E 38/10000 | train 0.035439 | test 0.035223 | epoch 0.17s | total 7.1s | lr 0.00150
E 39/10000 | train 0.035412 | test 0.034509 | epoch 0.17s | total 7.2s | lr 0.00150
E 40/10000 | train 0.035264 | test 0.035126 | epoch 0.18s | total 7.4s | lr 0.00150
E 41/10000 | train 0.035437 | test 0.035038 | epoch 0.17s | total 7.6s | lr 0.00150
E 42/10000 | train 0.035204 | test 0.034460 | epoch 0.17s | total 7.8s | lr 0.00150
E 43/10000 | train 0.034944 | test 0.034217 | epoch 0.18s | total 8.0s | lr 0.00150
E 44/10000 | train 0.035120 | test 0.034282 | epoch 0.17s | total 8.2s | lr 0.00150
E 45/10000 | train 0.035086 | test 0.034665 | epoch 0.17s | total 8.4s | lr 0.00150
E 46/10000 | train 0.035472 | test 0.034498 | epoch 0.17s | total 8.5s | lr 0.00150
E 47/10000 | train 0.035252 | test 0.034598 | epoch 0.17s | total 8.7s | lr 0.00150
E 48/10000 | train 0.035425 | test 0.034896 | epoch 0.18s | total 8.9s | lr 0.00150
E 49/10000 | train 0.035200 | test 0.035588 | epoch 0.18s | total 9.1s | lr 0.00150
E 50/10000 | train 0.036107 | test 0.035827 | epoch 0.18s | total 9.3s | lr 0.00150
E 51/10000 | train 0.036088 | test 0.036717 | epoch 0.18s | total 9.5s | lr 0.00150
E 52/10000 | train 0.036483 | test 0.035195 | epoch 0.17s | total 9.6s | lr 0.00150
E 53/10000 | train 0.035479 | test 0.034465 | epoch 0.17s | total 9.8s | lr 0.00150
E 54/10000 | train 0.035106 | test 0.034715 | epoch 0.17s | total 10.0s | lr 0.00150
E 55/10000 | train 0.035094 | test 0.035023 | epoch 0.17s | total 10.2s | lr 0.00150
E 56/10000 | train 0.035523 | test 0.034949 | epoch 0.17s | total 10.4s | lr 0.00150
E 57/10000 | train 0.035180 | test 0.034164 | epoch 0.17s | total 10.5s | lr 0.00150
E 58/10000 | train 0.035072 | test 0.034705 | epoch 0.17s | total 10.7s | lr 0.00150
E 59/10000 | train 0.034931 | test 0.034201 | epoch 0.18s | total 10.9s | lr 0.00150
E 60/10000 | train 0.034686 | test 0.033960 | epoch 0.17s | total 11.1s | lr 0.00150
E 61/10000 | train 0.034912 | test 0.034920 | epoch 0.17s | total 11.3s | lr 0.00150
E 62/10000 | train 0.034870 | test 0.033926 | epoch 0.18s | total 11.5s | lr 0.00150
E 63/10000 | train 0.034512 | test 0.033731 | epoch 0.18s | total 11.6s | lr 0.00150
E 64/10000 | train 0.034567 | test 0.033984 | epoch 0.17s | total 11.8s | lr 0.00150
E 65/10000 | train 0.034465 | test 0.033935 | epoch 0.17s | total 12.0s | lr 0.00150
E 66/10000 | train 0.034491 | test 0.033600 | epoch 0.17s | total 12.2s | lr 0.00150
E 67/10000 | train 0.034072 | test 0.033420 | epoch 0.17s | total 12.4s | lr 0.00150
E 68/10000 | train 0.034125 | test 0.033366 | epoch 0.17s | total 12.6s | lr 0.00150
E 69/10000 | train 0.033922 | test 0.033317 | epoch 0.17s | total 12.8s | lr 0.00150
E 70/10000 | train 0.034054 | test 0.033569 | epoch 0.17s | total 12.9s | lr 0.00150
E 71/10000 | train 0.034100 | test 0.033822 | epoch 0.17s | total 13.1s | lr 0.00150
E 72/10000 | train 0.034001 | test 0.033356 | epoch 0.17s | total 13.3s | lr 0.00150
E 73/10000 | train 0.033964 | test 0.033156 | epoch 0.17s | total 13.5s | lr 0.00150
E 74/10000 | train 0.033930 | test 0.033302 | epoch 0.17s | total 13.7s | lr 0.00150
E 75/10000 | train 0.033886 | test 0.033240 | epoch 0.17s | total 13.9s | lr 0.00150
E 76/10000 | train 0.033780 | test 0.033410 | epoch 0.17s | total 14.0s | lr 0.00150
E 77/10000 | train 0.033886 | test 0.033207 | epoch 0.17s | total 14.2s | lr 0.00150
E 78/10000 | train 0.033705 | test 0.033094 | epoch 0.17s | total 14.4s | lr 0.00150
E 79/10000 | train 0.033793 | test 0.033669 | epoch 0.17s | total 14.6s | lr 0.00150
E 80/10000 | train 0.034419 | test 0.034782 | epoch 0.17s | total 14.8s | lr 0.00150
E 81/10000 | train 0.035358 | test 0.034868 | epoch 0.18s | total 14.9s | lr 0.00150
E 82/10000 | train 0.034965 | test 0.034029 | epoch 0.18s | total 15.1s | lr 0.00150
E 83/10000 | train 0.034388 | test 0.033327 | epoch 0.17s | total 15.3s | lr 0.00150
E 84/10000 | train 0.034202 | test 0.033731 | epoch 0.17s | total 15.5s | lr 0.00150
E 85/10000 | train 0.034487 | test 0.033531 | epoch 0.17s | total 15.7s | lr 0.00150
E 86/10000 | train 0.034268 | test 0.034077 | epoch 0.17s | total 15.8s | lr 0.00150
E 87/10000 | train 0.034491 | test 0.033642 | epoch 0.17s | total 16.0s | lr 0.00150
E 88/10000 | train 0.033963 | test 0.033028 | epoch 0.17s | total 16.2s | lr 0.00150
E 89/10000 | train 0.034088 | test 0.034073 | epoch 0.17s | total 16.4s | lr 0.00150
E 90/10000 | train 0.035036 | test 0.034100 | epoch 0.17s | total 16.6s | lr 0.00150
E 91/10000 | train 0.034722 | test 0.034037 | epoch 0.17s | total 16.7s | lr 0.00150
E 92/10000 | train 0.034217 | test 0.033564 | epoch 0.17s | total 16.9s | lr 0.00150
E 93/10000 | train 0.033944 | test 0.033641 | epoch 0.17s | total 17.1s | lr 0.00150
E 94/10000 | train 0.033832 | test 0.033252 | epoch 0.17s | total 17.3s | lr 0.00150
E 95/10000 | train 0.034216 | test 0.033542 | epoch 0.17s | total 17.5s | lr 0.00150
E 96/10000 | train 0.033863 | test 0.033101 | epoch 0.17s | total 17.6s | lr 0.00150
E 97/10000 | train 0.033752 | test 0.032797 | epoch 0.17s | total 17.8s | lr 0.00150
E 98/10000 | train 0.033467 | test 0.032984 | epoch 0.17s | total 18.0s | lr 0.00149
E 99/10000 | train 0.033582 | test 0.032940 | epoch 0.17s | total 18.2s | lr 0.00149
E100/10000 | train 0.033957 | test 0.032867 | epoch 0.17s | total 18.4s | lr 0.00149
E101/10000 | train 0.033708 | test 0.033113 | epoch 0.17s | total 18.5s | lr 0.00149
E102/10000 | train 0.033399 | test 0.032700 | epoch 0.17s | total 18.7s | lr 0.00149
E103/10000 | train 0.033170 | test 0.032872 | epoch 0.17s | total 18.9s | lr 0.00149
E104/10000 | train 0.033351 | test 0.032912 | epoch 0.17s | total 19.1s | lr 0.00149
E105/10000 | train 0.033606 | test 0.033363 | epoch 0.17s | total 19.3s | lr 0.00149
E106/10000 | train 0.034545 | test 0.033212 | epoch 0.18s | total 19.5s | lr 0.00149
E107/10000 | train 0.034101 | test 0.033040 | epoch 0.17s | total 19.6s | lr 0.00149
E108/10000 | train 0.033441 | test 0.032658 | epoch 0.17s | total 19.8s | lr 0.00149
E109/10000 | train 0.033335 | test 0.032653 | epoch 0.17s | total 20.0s | lr 0.00149
E110/10000 | train 0.033258 | test 0.033076 | epoch 0.17s | total 20.2s | lr 0.00149
E111/10000 | train 0.033729 | test 0.032977 | epoch 0.17s | total 20.4s | lr 0.00149
E112/10000 | train 0.033538 | test 0.033317 | epoch 0.17s | total 20.5s | lr 0.00149
E113/10000 | train 0.033497 | test 0.032932 | epoch 0.17s | total 20.7s | lr 0.00149
E114/10000 | train 0.033608 | test 0.033258 | epoch 0.17s | total 20.9s | lr 0.00149
E115/10000 | train 0.033749 | test 0.033699 | epoch 0.17s | total 21.1s | lr 0.00149
E116/10000 | train 0.033751 | test 0.032573 | epoch 0.17s | total 21.3s | lr 0.00149
E117/10000 | train 0.033174 | test 0.032509 | epoch 0.17s | total 21.4s | lr 0.00149
E118/10000 | train 0.033343 | test 0.033106 | epoch 0.17s | total 21.6s | lr 0.00149
E119/10000 | train 0.033283 | test 0.032492 | epoch 0.17s | total 21.8s | lr 0.00149
E120/10000 | train 0.032840 | test 0.032575 | epoch 0.17s | total 22.0s | lr 0.00149
E121/10000 | train 0.033139 | test 0.032875 | epoch 0.17s | total 22.2s | lr 0.00149
E122/10000 | train 0.035143 | test 0.033566 | epoch 0.17s | total 22.4s | lr 0.00149
E123/10000 | train 0.033605 | test 0.032614 | epoch 0.17s | total 22.5s | lr 0.00149
E124/10000 | train 0.033148 | test 0.032510 | epoch 0.17s | total 22.7s | lr 0.00149
E125/10000 | train 0.033400 | test 0.032714 | epoch 0.17s | total 22.9s | lr 0.00149
E126/10000 | train 0.033215 | test 0.032748 | epoch 0.17s | total 23.1s | lr 0.00149
E127/10000 | train 0.033280 | test 0.033213 | epoch 0.17s | total 23.3s | lr 0.00149
E128/10000 | train 0.033248 | test 0.032680 | epoch 0.17s | total 23.4s | lr 0.00149
E129/10000 | train 0.033017 | test 0.032433 | epoch 0.17s | total 23.6s | lr 0.00149
E130/10000 | train 0.033007 | test 0.032480 | epoch 0.17s | total 23.8s | lr 0.00149
E131/10000 | train 0.032960 | test 0.032370 | epoch 0.17s | total 24.0s | lr 0.00149
E132/10000 | train 0.032984 | test 0.032331 | epoch 0.17s | total 24.2s | lr 0.00149
E133/10000 | train 0.033100 | test 0.032740 | epoch 0.17s | total 24.4s | lr 0.00149
E134/10000 | train 0.033531 | test 0.032725 | epoch 0.17s | total 24.5s | lr 0.00149
E135/10000 | train 0.033147 | test 0.032592 | epoch 0.17s | total 24.7s | lr 0.00149
E136/10000 | train 0.033006 | test 0.032401 | epoch 0.17s | total 24.9s | lr 0.00149
E137/10000 | train 0.032933 | test 0.032596 | epoch 0.17s | total 25.1s | lr 0.00149
E138/10000 | train 0.033106 | test 0.032427 | epoch 0.17s | total 25.2s | lr 0.00149
E139/10000 | train 0.032900 | test 0.032415 | epoch 0.17s | total 25.4s | lr 0.00149
E140/10000 | train 0.033188 | test 0.032784 | epoch 0.17s | total 25.6s | lr 0.00149
E141/10000 | train 0.033081 | test 0.032501 | epoch 0.17s | total 25.8s | lr 0.00149
E142/10000 | train 0.032798 | test 0.032316 | epoch 0.17s | total 26.0s | lr 0.00149
E143/10000 | train 0.032750 | test 0.032627 | epoch 0.17s | total 26.2s | lr 0.00149
E144/10000 | train 0.032819 | test 0.032270 | epoch 0.17s | total 26.3s | lr 0.00149
E145/10000 | train 0.032916 | test 0.033327 | epoch 0.17s | total 26.5s | lr 0.00149
E146/10000 | train 0.033399 | test 0.032905 | epoch 0.17s | total 26.7s | lr 0.00149
E147/10000 | train 0.033434 | test 0.032864 | epoch 0.17s | total 26.9s | lr 0.00149
E148/10000 | train 0.033392 | test 0.032901 | epoch 0.17s | total 27.1s | lr 0.00149
E149/10000 | train 0.033149 | test 0.032779 | epoch 0.17s | total 27.2s | lr 0.00149
E150/10000 | train 0.032893 | test 0.032404 | epoch 0.17s | total 27.4s | lr 0.00149
E151/10000 | train 0.033006 | test 0.032391 | epoch 0.17s | total 27.6s | lr 0.00149
E152/10000 | train 0.032861 | test 0.032373 | epoch 0.17s | total 27.8s | lr 0.00149
E153/10000 | train 0.032598 | test 0.032131 | epoch 0.17s | total 28.0s | lr 0.00149
E154/10000 | train 0.032525 | test 0.032217 | epoch 0.18s | total 28.1s | lr 0.00149
E155/10000 | train 0.032619 | test 0.032386 | epoch 0.17s | total 28.3s | lr 0.00149
E156/10000 | train 0.032439 | test 0.031944 | epoch 0.17s | total 28.5s | lr 0.00149
E157/10000 | train 0.032301 | test 0.031700 | epoch 0.17s | total 28.7s | lr 0.00149
E158/10000 | train 0.032344 | test 0.032014 | epoch 0.17s | total 28.9s | lr 0.00149
E159/10000 | train 0.032767 | test 0.032116 | epoch 0.17s | total 29.1s | lr 0.00149
E160/10000 | train 0.032587 | test 0.032134 | epoch 0.17s | total 29.2s | lr 0.00149
E161/10000 | train 0.032878 | test 0.032255 | epoch 0.17s | total 29.4s | lr 0.00149
E162/10000 | train 0.032681 | test 0.032207 | epoch 0.17s | total 29.6s | lr 0.00149
E163/10000 | train 0.032873 | test 0.032637 | epoch 0.17s | total 29.8s | lr 0.00149
E164/10000 | train 0.032864 | test 0.032324 | epoch 0.17s | total 30.0s | lr 0.00149
E165/10000 | train 0.032916 | test 0.032370 | epoch 0.18s | total 30.2s | lr 0.00148
E166/10000 | train 0.032797 | test 0.032340 | epoch 0.17s | total 30.3s | lr 0.00148
E167/10000 | train 0.032489 | test 0.031931 | epoch 0.17s | total 30.5s | lr 0.00148
E168/10000 | train 0.032297 | test 0.031772 | epoch 0.17s | total 30.7s | lr 0.00148
E169/10000 | train 0.032360 | test 0.031749 | epoch 0.17s | total 30.9s | lr 0.00148
E170/10000 | train 0.032404 | test 0.031854 | epoch 0.17s | total 31.0s | lr 0.00148
E171/10000 | train 0.032552 | test 0.031902 | epoch 0.17s | total 31.2s | lr 0.00148
E172/10000 | train 0.032225 | test 0.031761 | epoch 0.17s | total 31.4s | lr 0.00148
E173/10000 | train 0.032451 | test 0.032067 | epoch 0.17s | total 31.6s | lr 0.00148
E174/10000 | train 0.032353 | test 0.032147 | epoch 0.17s | total 31.8s | lr 0.00148
E175/10000 | train 0.032272 | test 0.031877 | epoch 0.17s | total 31.9s | lr 0.00148
E176/10000 | train 0.032079 | test 0.031622 | epoch 0.17s | total 32.1s | lr 0.00148
E177/10000 | train 0.032219 | test 0.031776 | epoch 0.17s | total 32.3s | lr 0.00148
E178/10000 | train 0.031956 | test 0.031652 | epoch 0.17s | total 32.5s | lr 0.00148
E179/10000 | train 0.032059 | test 0.031623 | epoch 0.17s | total 32.7s | lr 0.00148
E180/10000 | train 0.032028 | test 0.031971 | epoch 0.17s | total 32.8s | lr 0.00148
E181/10000 | train 0.032508 | test 0.032089 | epoch 0.17s | total 33.0s | lr 0.00148
E182/10000 | train 0.032225 | test 0.031958 | epoch 0.17s | total 33.2s | lr 0.00148
E183/10000 | train 0.032375 | test 0.031853 | epoch 0.17s | total 33.4s | lr 0.00148
E184/10000 | train 0.032144 | test 0.031854 | epoch 0.17s | total 33.6s | lr 0.00148
E185/10000 | train 0.031990 | test 0.031717 | epoch 0.17s | total 33.7s | lr 0.00148
E186/10000 | train 0.032065 | test 0.031760 | epoch 0.17s | total 33.9s | lr 0.00148
E187/10000 | train 0.031943 | test 0.031582 | epoch 0.17s | total 34.1s | lr 0.00148
E188/10000 | train 0.032509 | test 0.032189 | epoch 0.17s | total 34.3s | lr 0.00148
E189/10000 | train 0.032459 | test 0.032157 | epoch 0.17s | total 34.5s | lr 0.00148
E190/10000 | train 0.032224 | test 0.031631 | epoch 0.17s | total 34.6s | lr 0.00148
E191/10000 | train 0.032058 | test 0.031658 | epoch 0.17s | total 34.8s | lr 0.00148
E192/10000 | train 0.032364 | test 0.032388 | epoch 0.17s | total 35.0s | lr 0.00148
E193/10000 | train 0.032554 | test 0.031769 | epoch 0.17s | total 35.2s | lr 0.00148
E194/10000 | train 0.032053 | test 0.032006 | epoch 0.17s | total 35.3s | lr 0.00148
E195/10000 | train 0.032061 | test 0.031440 | epoch 0.17s | total 35.5s | lr 0.00148
E196/10000 | train 0.031790 | test 0.031375 | epoch 0.17s | total 35.7s | lr 0.00148
E197/10000 | train 0.032005 | test 0.031636 | epoch 0.17s | total 35.9s | lr 0.00148
E198/10000 | train 0.032393 | test 0.032125 | epoch 0.17s | total 36.1s | lr 0.00148
E199/10000 | train 0.032467 | test 0.031923 | epoch 0.17s | total 36.2s | lr 0.00148
E200/10000 | train 0.032194 | test 0.031322 | epoch 0.17s | total 36.4s | lr 0.00148
E201/10000 | train 0.032017 | test 0.031496 | epoch 0.17s | total 36.6s | lr 0.00148
E202/10000 | train 0.032592 | test 0.032215 | epoch 0.17s | total 36.8s | lr 0.00148
E203/10000 | train 0.032665 | test 0.032285 | epoch 0.17s | total 37.0s | lr 0.00148
E204/10000 | train 0.032268 | test 0.031458 | epoch 0.17s | total 37.1s | lr 0.00148
E205/10000 | train 0.032074 | test 0.031494 | epoch 0.17s | total 37.3s | lr 0.00148
E206/10000 | train 0.031977 | test 0.031520 | epoch 0.17s | total 37.5s | lr 0.00148
E207/10000 | train 0.031969 | test 0.031767 | epoch 0.17s | total 37.7s | lr 0.00148
E208/10000 | train 0.032304 | test 0.031631 | epoch 0.17s | total 37.9s | lr 0.00148
E209/10000 | train 0.032219 | test 0.031999 | epoch 0.17s | total 38.0s | lr 0.00148
E210/10000 | train 0.032629 | test 0.032870 | epoch 0.17s | total 38.2s | lr 0.00148
E211/10000 | train 0.034076 | test 0.032487 | epoch 0.17s | total 38.4s | lr 0.00148
E212/10000 | train 0.032745 | test 0.032110 | epoch 0.17s | total 38.6s | lr 0.00147
E213/10000 | train 0.032655 | test 0.031881 | epoch 0.17s | total 38.8s | lr 0.00147
E214/10000 | train 0.032590 | test 0.031986 | epoch 0.17s | total 38.9s | lr 0.00147
E215/10000 | train 0.032403 | test 0.031728 | epoch 0.17s | total 39.1s | lr 0.00147
E216/10000 | train 0.032211 | test 0.032048 | epoch 0.17s | total 39.3s | lr 0.00147
E217/10000 | train 0.032270 | test 0.031699 | epoch 0.17s | total 39.5s | lr 0.00147
E218/10000 | train 0.031966 | test 0.031489 | epoch 0.17s | total 39.7s | lr 0.00147
E219/10000 | train 0.031874 | test 0.031578 | epoch 0.17s | total 39.8s | lr 0.00147
E220/10000 | train 0.032075 | test 0.031743 | epoch 0.17s | total 40.0s | lr 0.00147
E221/10000 | train 0.032170 | test 0.031699 | epoch 0.17s | total 40.2s | lr 0.00147
E222/10000 | train 0.032209 | test 0.031648 | epoch 0.17s | total 40.4s | lr 0.00147
E223/10000 | train 0.032327 | test 0.032164 | epoch 0.17s | total 40.5s | lr 0.00147
E224/10000 | train 0.033291 | test 0.033524 | epoch 0.17s | total 40.7s | lr 0.00147
E225/10000 | train 0.034464 | test 0.033073 | epoch 0.17s | total 40.9s | lr 0.00147
E226/10000 | train 0.033300 | test 0.032450 | epoch 0.17s | total 41.1s | lr 0.00147
E227/10000 | train 0.032627 | test 0.032129 | epoch 0.17s | total 41.3s | lr 0.00147
E228/10000 | train 0.032396 | test 0.031814 | epoch 0.17s | total 41.4s | lr 0.00147
E229/10000 | train 0.032192 | test 0.031635 | epoch 0.17s | total 41.6s | lr 0.00147
E230/10000 | train 0.032000 | test 0.031767 | epoch 0.17s | total 41.8s | lr 0.00147
E231/10000 | train 0.032972 | test 0.032142 | epoch 0.17s | total 42.0s | lr 0.00147
E232/10000 | train 0.032241 | test 0.032027 | epoch 0.17s | total 42.2s | lr 0.00147
E233/10000 | train 0.032663 | test 0.031902 | epoch 0.17s | total 42.3s | lr 0.00147
E234/10000 | train 0.032044 | test 0.031282 | epoch 0.17s | total 42.5s | lr 0.00147
E235/10000 | train 0.031674 | test 0.031177 | epoch 0.17s | total 42.7s | lr 0.00147
E236/10000 | train 0.031503 | test 0.031104 | epoch 0.17s | total 42.9s | lr 0.00147
E237/10000 | train 0.031611 | test 0.031400 | epoch 0.17s | total 43.1s | lr 0.00147
E238/10000 | train 0.032034 | test 0.031351 | epoch 0.17s | total 43.2s | lr 0.00147
E239/10000 | train 0.031984 | test 0.031462 | epoch 0.17s | total 43.4s | lr 0.00147
E240/10000 | train 0.031849 | test 0.031348 | epoch 0.17s | total 43.6s | lr 0.00147
E241/10000 | train 0.031945 | test 0.031790 | epoch 0.17s | total 43.8s | lr 0.00147
E242/10000 | train 0.031994 | test 0.031287 | epoch 0.17s | total 44.0s | lr 0.00147
E243/10000 | train 0.031921 | test 0.031299 | epoch 0.17s | total 44.1s | lr 0.00147
E244/10000 | train 0.031916 | test 0.031442 | epoch 0.17s | total 44.3s | lr 0.00147
E245/10000 | train 0.031810 | test 0.031503 | epoch 0.17s | total 44.5s | lr 0.00147
E246/10000 | train 0.031879 | test 0.031400 | epoch 0.17s | total 44.7s | lr 0.00147
E247/10000 | train 0.032186 | test 0.032183 | epoch 0.17s | total 44.8s | lr 0.00147
E248/10000 | train 0.032374 | test 0.031811 | epoch 0.17s | total 45.0s | lr 0.00147
E249/10000 | train 0.032322 | test 0.031825 | epoch 0.17s | total 45.2s | lr 0.00147
E250/10000 | train 0.032012 | test 0.031422 | epoch 0.17s | total 45.4s | lr 0.00146
E251/10000 | train 0.032039 | test 0.031326 | epoch 0.17s | total 45.6s | lr 0.00146
E252/10000 | train 0.031528 | test 0.031113 | epoch 0.17s | total 45.7s | lr 0.00146
E253/10000 | train 0.031426 | test 0.031042 | epoch 0.17s | total 45.9s | lr 0.00146
E254/10000 | train 0.031522 | test 0.031390 | epoch 0.17s | total 46.1s | lr 0.00146
E255/10000 | train 0.031765 | test 0.031581 | epoch 0.17s | total 46.3s | lr 0.00146
E256/10000 | train 0.031857 | test 0.031483 | epoch 0.17s | total 46.5s | lr 0.00146
E257/10000 | train 0.031708 | test 0.031733 | epoch 0.17s | total 46.6s | lr 0.00146
E258/10000 | train 0.031625 | test 0.031062 | epoch 0.17s | total 46.8s | lr 0.00146
E259/10000 | train 0.031677 | test 0.031562 | epoch 0.17s | total 47.0s | lr 0.00146
E260/10000 | train 0.031678 | test 0.031373 | epoch 0.17s | total 47.2s | lr 0.00146
E261/10000 | train 0.031621 | test 0.031083 | epoch 0.17s | total 47.4s | lr 0.00146
E262/10000 | train 0.031404 | test 0.031271 | epoch 0.17s | total 47.5s | lr 0.00146
E263/10000 | train 0.031661 | test 0.031265 | epoch 0.17s | total 47.7s | lr 0.00146
E264/10000 | train 0.031522 | test 0.031197 | epoch 0.17s | total 47.9s | lr 0.00146
E265/10000 | train 0.031349 | test 0.031154 | epoch 0.17s | total 48.1s | lr 0.00146
E266/10000 | train 0.031611 | test 0.031251 | epoch 0.17s | total 48.2s | lr 0.00146
E267/10000 | train 0.031503 | test 0.031172 | epoch 0.17s | total 48.4s | lr 0.00146
E268/10000 | train 0.031608 | test 0.031455 | epoch 0.17s | total 48.6s | lr 0.00146
E269/10000 | train 0.031612 | test 0.031006 | epoch 0.17s | total 48.8s | lr 0.00146
E270/10000 | train 0.031303 | test 0.030858 | epoch 0.17s | total 49.0s | lr 0.00146  ← BATTU!
E271/10000 | train 0.031217 | test 0.030914 | epoch 0.17s | total 49.1s | lr 0.00146
E272/10000 | train 0.031617 | test 0.031433 | epoch 0.17s | total 49.3s | lr 0.00146
E273/10000 | train 0.031838 | test 0.031215 | epoch 0.17s | total 49.5s | lr 0.00146
E274/10000 | train 0.031901 | test 0.031177 | epoch 0.17s | total 49.7s | lr 0.00146
E275/10000 | train 0.031560 | test 0.031097 | epoch 0.17s | total 49.9s | lr 0.00146
E276/10000 | train 0.031630 | test 0.031243 | epoch 0.17s | total 50.0s | lr 0.00146
E277/10000 | train 0.031646 | test 0.031069 | epoch 0.17s | total 50.2s | lr 0.00146
E278/10000 | train 0.031491 | test 0.031242 | epoch 0.17s | total 50.4s | lr 0.00146
E279/10000 | train 0.031373 | test 0.031025 | epoch 0.17s | total 50.6s | lr 0.00146
E280/10000 | train 0.031192 | test 0.030886 | epoch 0.17s | total 50.8s | lr 0.00146
E281/10000 | train 0.031208 | test 0.030886 | epoch 0.17s | total 50.9s | lr 0.00146
E282/10000 | train 0.031148 | test 0.031238 | epoch 0.17s | total 51.1s | lr 0.00146
E283/10000 | train 0.033021 | test 0.032805 | epoch 0.17s | total 51.3s | lr 0.00145
E284/10000 | train 0.033085 | test 0.032936 | epoch 0.17s | total 51.5s | lr 0.00145
E285/10000 | train 0.032106 | test 0.031231 | epoch 0.17s | total 51.7s | lr 0.00145
E286/10000 | train 0.031849 | test 0.032013 | epoch 0.17s | total 51.8s | lr 0.00145
E287/10000 | train 0.032003 | test 0.031283 | epoch 0.17s | total 52.0s | lr 0.00145
E288/10000 | train 0.031518 | test 0.031403 | epoch 0.17s | total 52.2s | lr 0.00145
E289/10000 | train 0.031758 | test 0.031665 | epoch 0.17s | total 52.4s | lr 0.00145
E290/10000 | train 0.031840 | test 0.031339 | epoch 0.17s | total 52.6s | lr 0.00145
E291/10000 | train 0.031481 | test 0.030907 | epoch 0.18s | total 52.7s | lr 0.00145
E292/10000 | train 0.031380 | test 0.030913 | epoch 0.17s | total 52.9s | lr 0.00145
E293/10000 | train 0.031269 | test 0.030939 | epoch 0.17s | total 53.1s | lr 0.00145
E294/10000 | train 0.031449 | test 0.031148 | epoch 0.17s | total 53.3s | lr 0.00145
E295/10000 | train 0.031569 | test 0.031140 | epoch 0.17s | total 53.5s | lr 0.00145
E296/10000 | train 0.032033 | test 0.031316 | epoch 0.17s | total 53.6s | lr 0.00145
E297/10000 | train 0.031886 | test 0.031339 | epoch 0.17s | total 53.8s | lr 0.00145
E298/10000 | train 0.031678 | test 0.031247 | epoch 0.17s | total 54.0s | lr 0.00145
E299/10000 | train 0.031375 | test 0.030865 | epoch 0.17s | total 54.2s | lr 0.00145
E300/10000 | train 0.031362 | test 0.031237 | epoch 0.17s | total 54.4s | lr 0.00145
E301/10000 | train 0.031553 | test 0.031282 | epoch 0.17s | total 54.5s | lr 0.00145
E302/10000 | train 0.031658 | test 0.031435 | epoch 0.17s | total 54.7s | lr 0.00145
E303/10000 | train 0.031849 | test 0.031326 | epoch 0.17s | total 54.9s | lr 0.00145
E304/10000 | train 0.031552 | test 0.031496 | epoch 0.17s | total 55.1s | lr 0.00145
E305/10000 | train 0.031654 | test 0.031302 | epoch 0.18s | total 55.3s | lr 0.00145
E306/10000 | train 0.031548 | test 0.031497 | epoch 0.17s | total 55.5s | lr 0.00145
E307/10000 | train 0.031398 | test 0.031218 | epoch 0.18s | total 55.6s | lr 0.00145
E308/10000 | train 0.031575 | test 0.030903 | epoch 0.17s | total 55.8s | lr 0.00145
E309/10000 | train 0.031379 | test 0.031096 | epoch 0.17s | total 56.0s | lr 0.00145
E310/10000 | train 0.031518 | test 0.031042 | epoch 0.17s | total 56.2s | lr 0.00145
E311/10000 | train 0.031478 | test 0.031210 | epoch 0.17s | total 56.4s | lr 0.00145
E312/10000 | train 0.031409 | test 0.030892 | epoch 0.17s | total 56.5s | lr 0.00145
E313/10000 | train 0.031049 | test 0.030818 | epoch 0.17s | total 56.7s | lr 0.00144
E314/10000 | train 0.031058 | test 0.030697 | epoch 0.17s | total 56.9s | lr 0.00144
E315/10000 | train 0.031044 | test 0.030816 | epoch 0.17s | total 57.1s | lr 0.00144
E316/10000 | train 0.031527 | test 0.031376 | epoch 0.17s | total 57.3s | lr 0.00144
E317/10000 | train 0.031563 | test 0.031241 | epoch 0.17s | total 57.4s | lr 0.00144
E318/10000 | train 0.031568 | test 0.031318 | epoch 0.17s | total 57.6s | lr 0.00144
E319/10000 | train 0.031721 | test 0.031616 | epoch 0.17s | total 57.8s | lr 0.00144
E320/10000 | train 0.031735 | test 0.031189 | epoch 0.17s | total 58.0s | lr 0.00144
E321/10000 | train 0.031552 | test 0.031316 | epoch 0.17s | total 58.1s | lr 0.00144
E322/10000 | train 0.031693 | test 0.032211 | epoch 0.17s | total 58.3s | lr 0.00144
E323/10000 | train 0.033010 | test 0.032236 | epoch 0.17s | total 58.5s | lr 0.00144
E324/10000 | train 0.032305 | test 0.031432 | epoch 0.17s | total 58.7s | lr 0.00144
E325/10000 | train 0.031706 | test 0.031443 | epoch 0.17s | total 58.9s | lr 0.00144
E326/10000 | train 0.031895 | test 0.031443 | epoch 0.17s | total 59.0s | lr 0.00144
E327/10000 | train 0.031809 | test 0.031620 | epoch 0.17s | total 59.2s | lr 0.00144
E328/10000 | train 0.032120 | test 0.032062 | epoch 0.17s | total 59.4s | lr 0.00144
E329/10000 | train 0.032085 | test 0.031948 | epoch 0.17s | total 59.6s | lr 0.00144
E330/10000 | train 0.031705 | test 0.031304 | epoch 0.17s | total 59.8s | lr 0.00144
E331/10000 | train 0.031717 | test 0.031059 | epoch 0.17s | total 59.9s | lr 0.00144
E332/10000 | train 0.031273 | test 0.030779 | epoch 0.17s | total 60.1s | lr 0.00144
E333/10000 | train 0.031426 | test 0.031210 | epoch 0.17s | total 60.3s | lr 0.00144
E334/10000 | train 0.031429 | test 0.031049 | epoch 0.17s | total 60.5s | lr 0.00144
E335/10000 | train 0.031433 | test 0.031101 | epoch 0.17s | total 60.7s | lr 0.00144
E336/10000 | train 0.031411 | test 0.030900 | epoch 0.17s | total 60.8s | lr 0.00144
E337/10000 | train 0.031207 | test 0.030935 | epoch 0.17s | total 61.0s | lr 0.00144
E338/10000 | train 0.031259 | test 0.030816 | epoch 0.18s | total 61.2s | lr 0.00144
E339/10000 | train 0.031293 | test 0.031258 | epoch 0.18s | total 61.4s | lr 0.00144
E340/10000 | train 0.031416 | test 0.030791 | epoch 0.17s | total 61.6s | lr 0.00143
E341/10000 | train 0.031189 | test 0.030907 | epoch 0.17s | total 61.7s | lr 0.00143
E342/10000 | train 0.031630 | test 0.031729 | epoch 0.17s | total 61.9s | lr 0.00143
E343/10000 | train 0.031747 | test 0.030904 | epoch 0.17s | total 62.1s | lr 0.00143
E344/10000 | train 0.031669 | test 0.031334 | epoch 0.17s | total 62.3s | lr 0.00143
E345/10000 | train 0.031519 | test 0.030758 | epoch 0.17s | total 62.5s | lr 0.00143
E346/10000 | train 0.030977 | test 0.030539 | epoch 0.17s | total 62.6s | lr 0.00143
E347/10000 | train 0.030877 | test 0.030563 | epoch 0.17s | total 62.8s | lr 0.00143
E348/10000 | train 0.030845 | test 0.030430 | epoch 0.18s | total 63.0s | lr 0.00143
E349/10000 | train 0.030835 | test 0.030687 | epoch 0.17s | total 63.2s | lr 0.00143
E350/10000 | train 0.030999 | test 0.030809 | epoch 0.17s | total 63.4s | lr 0.00143
E351/10000 | train 0.030797 | test 0.030668 | epoch 0.17s | total 63.5s | lr 0.00143
E352/10000 | train 0.030793 | test 0.030706 | epoch 0.17s | total 63.7s | lr 0.00143
E353/10000 | train 0.031006 | test 0.030808 | epoch 0.17s | total 63.9s | lr 0.00143
E354/10000 | train 0.030848 | test 0.030786 | epoch 0.17s | total 64.1s | lr 0.00143
E355/10000 | train 0.030857 | test 0.030606 | epoch 0.17s | total 64.3s | lr 0.00143
E356/10000 | train 0.030693 | test 0.030638 | epoch 0.17s | total 64.4s | lr 0.00143
E357/10000 | train 0.030738 | test 0.030622 | epoch 0.17s | total 64.6s | lr 0.00143
E358/10000 | train 0.031022 | test 0.030884 | epoch 0.17s | total 64.8s | lr 0.00143
E359/10000 | train 0.031100 | test 0.030810 | epoch 0.17s | total 65.0s | lr 0.00143
E360/10000 | train 0.030987 | test 0.030523 | epoch 0.17s | total 65.1s | lr 0.00143
E361/10000 | train 0.031156 | test 0.031038 | epoch 0.17s | total 65.3s | lr 0.00143
E362/10000 | train 0.031580 | test 0.031570 | epoch 0.17s | total 65.5s | lr 0.00143
E363/10000 | train 0.031598 | test 0.030971 | epoch 0.17s | total 65.7s | lr 0.00143
E364/10000 | train 0.031210 | test 0.030967 | epoch 0.17s | total 65.9s | lr 0.00143
E365/10000 | train 0.031104 | test 0.031216 | epoch 0.17s | total 66.0s | lr 0.00142
E366/10000 | train 0.031549 | test 0.031576 | epoch 0.17s | total 66.2s | lr 0.00142
E367/10000 | train 0.031729 | test 0.031229 | epoch 0.17s | total 66.4s | lr 0.00142
E368/10000 | train 0.031416 | test 0.031317 | epoch 0.17s | total 66.6s | lr 0.00142
E369/10000 | train 0.031305 | test 0.030922 | epoch 0.17s | total 66.8s | lr 0.00142
E370/10000 | train 0.031132 | test 0.030774 | epoch 0.17s | total 66.9s | lr 0.00142
E371/10000 | train 0.031276 | test 0.031204 | epoch 0.17s | total 67.1s | lr 0.00142
E372/10000 | train 0.031247 | test 0.030928 | epoch 0.17s | total 67.3s | lr 0.00142
E373/10000 | train 0.031122 | test 0.031080 | epoch 0.17s | total 67.5s | lr 0.00142
E374/10000 | train 0.031200 | test 0.031028 | epoch 0.17s | total 67.7s | lr 0.00142
E375/10000 | train 0.031311 | test 0.031123 | epoch 0.17s | total 67.8s | lr 0.00142
E376/10000 | train 0.031285 | test 0.031197 | epoch 0.17s | total 68.0s | lr 0.00142
E377/10000 | train 0.031288 | test 0.031198 | epoch 0.17s | total 68.2s | lr 0.00142
E378/10000 | train 0.031237 | test 0.031312 | epoch 0.17s | total 68.4s | lr 0.00142
E379/10000 | train 0.031501 | test 0.031434 | epoch 0.17s | total 68.5s | lr 0.00142
E380/10000 | train 0.032310 | test 0.032169 | epoch 0.17s | total 68.7s | lr 0.00142
E381/10000 | train 0.031745 | test 0.031162 | epoch 0.17s | total 68.9s | lr 0.00142
E382/10000 | train 0.031129 | test 0.030855 | epoch 0.17s | total 69.1s | lr 0.00142
E383/10000 | train 0.031192 | test 0.031183 | epoch 0.17s | total 69.3s | lr 0.00142
E384/10000 | train 0.031253 | test 0.031216 | epoch 0.17s | total 69.4s | lr 0.00142
E385/10000 | train 0.031305 | test 0.031071 | epoch 0.17s | total 69.6s | lr 0.00142
E386/10000 | train 0.031119 | test 0.030830 | epoch 0.17s | total 69.8s | lr 0.00142
E387/10000 | train 0.031142 | test 0.031015 | epoch 0.17s | total 70.0s | lr 0.00142
E388/10000 | train 0.031090 | test 0.030804 | epoch 0.17s | total 70.2s | lr 0.00142
E389/10000 | train 0.030936 | test 0.030922 | epoch 0.17s | total 70.3s | lr 0.00141
E390/10000 | train 0.031155 | test 0.031099 | epoch 0.17s | total 70.5s | lr 0.00141
E391/10000 | train 0.031252 | test 0.031174 | epoch 0.17s | total 70.7s | lr 0.00141
E392/10000 | train 0.031245 | test 0.031172 | epoch 0.17s | total 70.9s | lr 0.00141
E393/10000 | train 0.031600 | test 0.031503 | epoch 0.17s | total 71.1s | lr 0.00141
E394/10000 | train 0.031746 | test 0.031511 | epoch 0.17s | total 71.2s | lr 0.00141
E395/10000 | train 0.031736 | test 0.031453 | epoch 0.17s | total 71.4s | lr 0.00141
E396/10000 | train 0.031476 | test 0.031005 | epoch 0.17s | total 71.6s | lr 0.00141
E397/10000 | train 0.031231 | test 0.031063 | epoch 0.17s | total 71.8s | lr 0.00141
E398/10000 | train 0.031407 | test 0.031070 | epoch 0.17s | total 71.9s | lr 0.00141
E399/10000 | train 0.031310 | test 0.030939 | epoch 0.17s | total 72.1s | lr 0.00141
E400/10000 | train 0.031258 | test 0.031228 | epoch 0.17s | total 72.3s | lr 0.00141
E401/10000 | train 0.031835 | test 0.031899 | epoch 0.17s | total 72.5s | lr 0.00141
E402/10000 | train 0.031993 | test 0.031611 | epoch 0.17s | total 72.7s | lr 0.00141
E403/10000 | train 0.031591 | test 0.031031 | epoch 0.17s | total 72.8s | lr 0.00141
E404/10000 | train 0.031158 | test 0.030967 | epoch 0.17s | total 73.0s | lr 0.00141
E405/10000 | train 0.031198 | test 0.030984 | epoch 0.17s | total 73.2s | lr 0.00141
E406/10000 | train 0.031178 | test 0.031464 | epoch 0.17s | total 73.4s | lr 0.00141
E407/10000 | train 0.031392 | test 0.031277 | epoch 0.17s | total 73.6s | lr 0.00141
E408/10000 | train 0.031766 | test 0.031862 | epoch 0.17s | total 73.7s | lr 0.00141
E409/10000 | train 0.032218 | test 0.031351 | epoch 0.17s | total 73.9s | lr 0.00141
E410/10000 | train 0.031627 | test 0.031321 | epoch 0.17s | total 74.1s | lr 0.00141
E411/10000 | train 0.031458 | test 0.031182 | epoch 0.17s | total 74.3s | lr 0.00141
E412/10000 | train 0.031557 | test 0.031586 | epoch 0.17s | total 74.5s | lr 0.00140
E413/10000 | train 0.031745 | test 0.031004 | epoch 0.17s | total 74.6s | lr 0.00140
E414/10000 | train 0.031374 | test 0.031232 | epoch 0.17s | total 74.8s | lr 0.00140
E415/10000 | train 0.031266 | test 0.031165 | epoch 0.17s | total 75.0s | lr 0.00140
E416/10000 | train 0.031194 | test 0.030893 | epoch 0.17s | total 75.2s | lr 0.00140
E417/10000 | train 0.031248 | test 0.030962 | epoch 0.17s | total 75.3s | lr 0.00140
E418/10000 | train 0.030957 | test 0.030709 | epoch 0.17s | total 75.5s | lr 0.00140
E419/10000 | train 0.030840 | test 0.030735 | epoch 0.17s | total 75.7s | lr 0.00140
E420/10000 | train 0.030784 | test 0.030715 | epoch 0.17s | total 75.9s | lr 0.00140
E421/10000 | train 0.031018 | test 0.030926 | epoch 0.17s | total 76.1s | lr 0.00140
E422/10000 | train 0.031014 | test 0.030953 | epoch 0.17s | total 76.2s | lr 0.00140
E423/10000 | train 0.031053 | test 0.030782 | epoch 0.17s | total 76.4s | lr 0.00140
E424/10000 | train 0.030903 | test 0.030522 | epoch 0.17s | total 76.6s | lr 0.00140
E425/10000 | train 0.030606 | test 0.030415 | epoch 0.17s | total 76.8s | lr 0.00140
E426/10000 | train 0.030571 | test 0.030397 | epoch 0.17s | total 77.0s | lr 0.00140
E427/10000 | train 0.030672 | test 0.030549 | epoch 0.17s | total 77.1s | lr 0.00140
E428/10000 | train 0.030573 | test 0.030599 | epoch 0.17s | total 77.3s | lr 0.00140
E429/10000 | train 0.030806 | test 0.030769 | epoch 0.17s | total 77.5s | lr 0.00140
E430/10000 | train 0.030643 | test 0.030498 | epoch 0.17s | total 77.7s | lr 0.00140
E431/10000 | train 0.030478 | test 0.030391 | epoch 0.17s | total 77.9s | lr 0.00140
E432/10000 | train 0.030335 | test 0.030435 | epoch 0.17s | total 78.0s | lr 0.00140
E433/10000 | train 0.030446 | test 0.030214 | epoch 0.17s | total 78.2s | lr 0.00139
E434/10000 | train 0.030475 | test 0.030366 | epoch 0.17s | total 78.4s | lr 0.00139
E435/10000 | train 0.030598 | test 0.030520 | epoch 0.17s | total 78.6s | lr 0.00139
E436/10000 | train 0.030506 | test 0.030391 | epoch 0.17s | total 78.8s | lr 0.00139
E437/10000 | train 0.030608 | test 0.030772 | epoch 0.17s | total 78.9s | lr 0.00139
E438/10000 | train 0.030910 | test 0.031072 | epoch 0.17s | total 79.1s | lr 0.00139
E439/10000 | train 0.030618 | test 0.030818 | epoch 0.17s | total 79.3s | lr 0.00139
E440/10000 | train 0.030577 | test 0.030526 | epoch 0.17s | total 79.5s | lr 0.00139
E441/10000 | train 0.030526 | test 0.030375 | epoch 0.17s | total 79.7s | lr 0.00139
E442/10000 | train 0.030505 | test 0.030481 | epoch 0.17s | total 79.8s | lr 0.00139
E443/10000 | train 0.030482 | test 0.030256 | epoch 0.17s | total 80.0s | lr 0.00139
E444/10000 | train 0.030603 | test 0.030668 | epoch 0.17s | total 80.2s | lr 0.00139
E445/10000 | train 0.030695 | test 0.030317 | epoch 0.17s | total 80.4s | lr 0.00139
E446/10000 | train 0.030655 | test 0.030726 | epoch 0.17s | total 80.6s | lr 0.00139
E447/10000 | train 0.031131 | test 0.030679 | epoch 0.17s | total 80.7s | lr 0.00139
E448/10000 | train 0.031041 | test 0.030566 | epoch 0.17s | total 80.9s | lr 0.00139
E449/10000 | train 0.030786 | test 0.030572 | epoch 0.17s | total 81.1s | lr 0.00139
E450/10000 | train 0.030626 | test 0.030459 | epoch 0.17s | total 81.3s | lr 0.00139
E451/10000 | train 0.030425 | test 0.030194 | epoch 0.17s | total 81.4s | lr 0.00139
E452/10000 | train 0.030312 | test 0.030340 | epoch 0.17s | total 81.6s | lr 0.00139
E453/10000 | train 0.030353 | test 0.030100 | epoch 0.17s | total 81.8s | lr 0.00138
E454/10000 | train 0.030421 | test 0.030317 | epoch 0.17s | total 82.0s | lr 0.00138
E455/10000 | train 0.030487 | test 0.030416 | epoch 0.18s | total 82.2s | lr 0.00138
E456/10000 | train 0.030535 | test 0.030263 | epoch 0.17s | total 82.4s | lr 0.00138
E457/10000 | train 0.030400 | test 0.030143 | epoch 0.17s | total 82.5s | lr 0.00138
E458/10000 | train 0.030290 | test 0.030371 | epoch 0.17s | total 82.7s | lr 0.00138
E459/10000 | train 0.030238 | test 0.030030 | epoch 0.17s | total 82.9s | lr 0.00138
E460/10000 | train 0.030138 | test 0.030191 | epoch 0.17s | total 83.1s | lr 0.00138
E461/10000 | train 0.030340 | test 0.030198 | epoch 0.17s | total 83.3s | lr 0.00138
E462/10000 | train 0.030214 | test 0.030053 | epoch 0.17s | total 83.4s | lr 0.00138
E463/10000 | train 0.030054 | test 0.030029 | epoch 0.17s | total 83.6s | lr 0.00138
E464/10000 | train 0.031488 | test 0.031758 | epoch 0.17s | total 83.8s | lr 0.00138
E465/10000 | train 0.031147 | test 0.030339 | epoch 0.17s | total 84.0s | lr 0.00138
E466/10000 | train 0.030761 | test 0.030877 | epoch 0.17s | total 84.2s | lr 0.00138
E467/10000 | train 0.031064 | test 0.031003 | epoch 0.17s | total 84.3s | lr 0.00138
E468/10000 | train 0.030965 | test 0.030715 | epoch 0.18s | total 84.5s | lr 0.00138
E469/10000 | train 0.030940 | test 0.030707 | epoch 0.17s | total 84.7s | lr 0.00138
E470/10000 | train 0.031105 | test 0.031313 | epoch 0.17s | total 84.9s | lr 0.00138
E471/10000 | train 0.031299 | test 0.030617 | epoch 0.17s | total 85.1s | lr 0.00138
E472/10000 | train 0.030758 | test 0.030466 | epoch 0.17s | total 85.2s | lr 0.00138
E473/10000 | train 0.030527 | test 0.030426 | epoch 0.17s | total 85.4s | lr 0.00137
E474/10000 | train 0.030791 | test 0.030449 | epoch 0.17s | total 85.6s | lr 0.00137
E475/10000 | train 0.030630 | test 0.030491 | epoch 0.17s | total 85.8s | lr 0.00137
E476/10000 | train 0.030636 | test 0.030442 | epoch 0.17s | total 86.0s | lr 0.00137
E477/10000 | train 0.030725 | test 0.030974 | epoch 0.17s | total 86.1s | lr 0.00137
E478/10000 | train 0.030805 | test 0.030361 | epoch 0.17s | total 86.3s | lr 0.00137
E479/10000 | train 0.030529 | test 0.030261 | epoch 0.17s | total 86.5s | lr 0.00137
E480/10000 | train 0.030401 | test 0.030276 | epoch 0.17s | total 86.7s | lr 0.00137
E481/10000 | train 0.030416 | test 0.030787 | epoch 0.17s | total 86.8s | lr 0.00137
E482/10000 | train 0.030749 | test 0.030530 | epoch 0.17s | total 87.0s | lr 0.00137
E483/10000 | train 0.030578 | test 0.030772 | epoch 0.17s | total 87.2s | lr 0.00137
E484/10000 | train 0.030700 | test 0.030425 | epoch 0.17s | total 87.4s | lr 0.00137
E485/10000 | train 0.030456 | test 0.030559 | epoch 0.17s | total 87.6s | lr 0.00137
E486/10000 | train 0.030381 | test 0.030581 | epoch 0.17s | total 87.7s | lr 0.00137
E487/10000 | train 0.030340 | test 0.030480 | epoch 0.17s | total 87.9s | lr 0.00137
E488/10000 | train 0.030482 | test 0.030602 | epoch 0.17s | total 88.1s | lr 0.00137
E489/10000 | train 0.030660 | test 0.030776 | epoch 0.17s | total 88.3s | lr 0.00137
E490/10000 | train 0.030672 | test 0.030592 | epoch 0.17s | total 88.5s | lr 0.00137
E491/10000 | train 0.030524 | test 0.030393 | epoch 0.17s | total 88.6s | lr 0.00137
E492/10000 | train 0.030179 | test 0.029993 | epoch 0.17s | total 88.8s | lr 0.00136
E493/10000 | train 0.030200 | test 0.030195 | epoch 0.17s | total 89.0s | lr 0.00136
E494/10000 | train 0.030266 | test 0.030371 | epoch 0.17s | total 89.2s | lr 0.00136
E495/10000 | train 0.030285 | test 0.030090 | epoch 0.17s | total 89.4s | lr 0.00136
E496/10000 | train 0.030270 | test 0.030202 | epoch 0.17s | total 89.5s | lr 0.00136
E497/10000 | train 0.030229 | test 0.030373 | epoch 0.17s | total 89.7s | lr 0.00136
E498/10000 | train 0.030360 | test 0.030213 | epoch 0.17s | total 89.9s | lr 0.00136
E499/10000 | train 0.030187 | test 0.030352 | epoch 0.17s | total 90.1s | lr 0.00136
E500/10000 | train 0.030711 | test 0.030660 | epoch 0.17s | total 90.3s | lr 0.00136
E501/10000 | train 0.030294 | test 0.030183 | epoch 0.17s | total 90.4s | lr 0.00136
E502/10000 | train 0.030324 | test 0.030290 | epoch 0.17s | total 90.6s | lr 0.00136
E503/10000 | train 0.030264 | test 0.030104 | epoch 0.17s | total 90.8s | lr 0.00136
E504/10000 | train 0.030113 | test 0.029971 | epoch 0.17s | total 91.0s | lr 0.00136
E505/10000 | train 0.030169 | test 0.030192 | epoch 0.17s | total 91.1s | lr 0.00136
E506/10000 | train 0.030101 | test 0.029996 | epoch 0.18s | total 91.3s | lr 0.00136
E507/10000 | train 0.030176 | test 0.030192 | epoch 0.17s | total 91.5s | lr 0.00136
E508/10000 | train 0.030205 | test 0.030066 | epoch 0.17s | total 91.7s | lr 0.00136
E509/10000 | train 0.030314 | test 0.030273 | epoch 0.17s | total 91.9s | lr 0.00136
E510/10000 | train 0.030648 | test 0.030233 | epoch 0.17s | total 92.0s | lr 0.00135
E511/10000 | train 0.030276 | test 0.030061 | epoch 0.17s | total 92.2s | lr 0.00135
E512/10000 | train 0.030148 | test 0.029984 | epoch 0.17s | total 92.4s | lr 0.00135
E513/10000 | train 0.029983 | test 0.029955 | epoch 0.17s | total 92.6s | lr 0.00135
E514/10000 | train 0.029883 | test 0.030028 | epoch 0.17s | total 92.8s | lr 0.00135
E515/10000 | train 0.030173 | test 0.030043 | epoch 0.17s | total 92.9s | lr 0.00135
E516/10000 | train 0.030154 | test 0.030102 | epoch 0.17s | total 93.1s | lr 0.00135
E517/10000 | train 0.029998 | test 0.029798 | epoch 0.17s | total 93.3s | lr 0.00135
E518/10000 | train 0.029842 | test 0.029878 | epoch 0.17s | total 93.5s | lr 0.00135
E519/10000 | train 0.029960 | test 0.030288 | epoch 0.17s | total 93.7s | lr 0.00135
E520/10000 | train 0.030099 | test 0.030083 | epoch 0.17s | total 93.8s | lr 0.00135
E521/10000 | train 0.029933 | test 0.029845 | epoch 0.17s | total 94.0s | lr 0.00135
E522/10000 | train 0.029818 | test 0.029919 | epoch 0.17s | total 94.2s | lr 0.00135
E523/10000 | train 0.029792 | test 0.029793 | epoch 0.17s | total 94.4s | lr 0.00135
E524/10000 | train 0.029990 | test 0.030280 | epoch 0.17s | total 94.6s | lr 0.00135
E525/10000 | train 0.029899 | test 0.029935 | epoch 0.17s | total 94.7s | lr 0.00135
E526/10000 | train 0.029846 | test 0.030019 | epoch 0.17s | total 94.9s | lr 0.00135
E527/10000 | train 0.029881 | test 0.029990 | epoch 0.17s | total 95.1s | lr 0.00135
E528/10000 | train 0.029981 | test 0.029978 | epoch 0.17s | total 95.3s | lr 0.00134
E529/10000 | train 0.029757 | test 0.029837 | epoch 0.17s | total 95.5s | lr 0.00134
E530/10000 | train 0.030524 | test 0.030948 | epoch 0.17s | total 95.6s | lr 0.00134
E531/10000 | train 0.030790 | test 0.030744 | epoch 0.17s | total 95.8s | lr 0.00134
E532/10000 | train 0.030459 | test 0.030200 | epoch 0.17s | total 96.0s | lr 0.00134
E533/10000 | train 0.029953 | test 0.029988 | epoch 0.17s | total 96.2s | lr 0.00134
E534/10000 | train 0.029911 | test 0.029854 | epoch 0.17s | total 96.4s | lr 0.00134
E535/10000 | train 0.029815 | test 0.029804 | epoch 0.17s | total 96.5s | lr 0.00134
E536/10000 | train 0.029826 | test 0.029853 | epoch 0.17s | total 96.7s | lr 0.00134
E537/10000 | train 0.029680 | test 0.029811 | epoch 0.17s | total 96.9s | lr 0.00134
E538/10000 | train 0.029859 | test 0.030135 | epoch 0.17s | total 97.1s | lr 0.00134
E539/10000 | train 0.030127 | test 0.030354 | epoch 0.17s | total 97.3s | lr 0.00134
E540/10000 | train 0.030438 | test 0.030504 | epoch 0.17s | total 97.4s | lr 0.00134
E541/10000 | train 0.030164 | test 0.029926 | epoch 0.17s | total 97.6s | lr 0.00134
E542/10000 | train 0.029854 | test 0.030082 | epoch 0.17s | total 97.8s | lr 0.00134
E543/10000 | train 0.029909 | test 0.030007 | epoch 0.17s | total 98.0s | lr 0.00134
E544/10000 | train 0.029849 | test 0.029908 | epoch 0.17s | total 98.1s | lr 0.00134
E545/10000 | train 0.029735 | test 0.029943 | epoch 0.17s | total 98.3s | lr 0.00133
E546/10000 | train 0.029785 | test 0.029825 | epoch 0.17s | total 98.5s | lr 0.00133
E547/10000 | train 0.029719 | test 0.029888 | epoch 0.17s | total 98.7s | lr 0.00133
E548/10000 | train 0.029828 | test 0.030224 | epoch 0.17s | total 98.9s | lr 0.00133
E549/10000 | train 0.029928 | test 0.030499 | epoch 0.17s | total 99.0s | lr 0.00133
E550/10000 | train 0.030699 | test 0.030186 | epoch 0.17s | total 99.2s | lr 0.00133
E551/10000 | train 0.030142 | test 0.030230 | epoch 0.17s | total 99.4s | lr 0.00133
E552/10000 | train 0.030052 | test 0.030064 | epoch 0.17s | total 99.6s | lr 0.00133
E553/10000 | train 0.030195 | test 0.030103 | epoch 0.17s | total 99.8s | lr 0.00133
E554/10000 | train 0.029782 | test 0.030031 | epoch 0.17s | total 99.9s | lr 0.00133
E555/10000 | train 0.029827 | test 0.029836 | epoch 0.17s | total 100.1s | lr 0.00133
E556/10000 | train 0.029708 | test 0.029693 | epoch 0.17s | total 100.3s | lr 0.00133
E557/10000 | train 0.029740 | test 0.029980 | epoch 0.17s | total 100.5s | lr 0.00133
E558/10000 | train 0.029674 | test 0.029788 | epoch 0.17s | total 100.7s | lr 0.00133
E559/10000 | train 0.030013 | test 0.030221 | epoch 0.17s | total 100.8s | lr 0.00133
E560/10000 | train 0.029863 | test 0.029800 | epoch 0.17s | total 101.0s | lr 0.00133
E561/10000 | train 0.029861 | test 0.030157 | epoch 0.17s | total 101.2s | lr 0.00133
E562/10000 | train 0.030295 | test 0.030377 | epoch 0.17s | total 101.4s | lr 0.00132
E563/10000 | train 0.030223 | test 0.030066 | epoch 0.17s | total 101.5s | lr 0.00132
E564/10000 | train 0.030044 | test 0.030157 | epoch 0.17s | total 101.7s | lr 0.00132
E565/10000 | train 0.029925 | test 0.029916 | epoch 0.17s | total 101.9s | lr 0.00132
E566/10000 | train 0.029712 | test 0.029776 | epoch 0.17s | total 102.1s | lr 0.00132
E567/10000 | train 0.029750 | test 0.029737 | epoch 0.18s | total 102.3s | lr 0.00132
E568/10000 | train 0.029739 | test 0.029990 | epoch 0.17s | total 102.5s | lr 0.00132
E569/10000 | train 0.029735 | test 0.029792 | epoch 0.17s | total 102.6s | lr 0.00132
E570/10000 | train 0.029586 | test 0.029792 | epoch 0.17s | total 102.8s | lr 0.00132
E571/10000 | train 0.029607 | test 0.029817 | epoch 0.17s | total 103.0s | lr 0.00132
E572/10000 | train 0.029632 | test 0.029953 | epoch 0.17s | total 103.2s | lr 0.00132
E573/10000 | train 0.029777 | test 0.030146 | epoch 0.17s | total 103.3s | lr 0.00132
E574/10000 | train 0.029724 | test 0.029948 | epoch 0.17s | total 103.5s | lr 0.00132
E575/10000 | train 0.029693 | test 0.029817 | epoch 0.17s | total 103.7s | lr 0.00132
E576/10000 | train 0.029628 | test 0.029626 | epoch 0.17s | total 103.9s | lr 0.00132
E577/10000 | train 0.029499 | test 0.029695 | epoch 0.17s | total 104.1s | lr 0.00132
E578/10000 | train 0.029592 | test 0.029731 | epoch 0.17s | total 104.2s | lr 0.00131
E579/10000 | train 0.029541 | test 0.029958 | epoch 0.17s | total 104.4s | lr 0.00131
E580/10000 | train 0.029928 | test 0.030277 | epoch 0.17s | total 104.6s | lr 0.00131
E581/10000 | train 0.029857 | test 0.030029 | epoch 0.17s | total 104.8s | lr 0.00131
E582/10000 | train 0.029651 | test 0.029871 | epoch 0.17s | total 105.0s | lr 0.00131
E583/10000 | train 0.029636 | test 0.029807 | epoch 0.17s | total 105.1s | lr 0.00131
E584/10000 | train 0.029619 | test 0.029793 | epoch 0.17s | total 105.3s | lr 0.00131
E585/10000 | train 0.029564 | test 0.030008 | epoch 0.17s | total 105.5s | lr 0.00131
E586/10000 | train 0.030634 | test 0.031018 | epoch 0.17s | total 105.7s | lr 0.00131
E587/10000 | train 0.031202 | test 0.030790 | epoch 0.17s | total 105.9s | lr 0.00131
E588/10000 | train 0.031130 | test 0.031108 | epoch 0.17s | total 106.0s | lr 0.00131
E589/10000 | train 0.030970 | test 0.030743 | epoch 0.17s | total 106.2s | lr 0.00131
E590/10000 | train 0.030638 | test 0.030641 | epoch 0.17s | total 106.4s | lr 0.00131
E591/10000 | train 0.030395 | test 0.030445 | epoch 0.17s | total 106.6s | lr 0.00131
E592/10000 | train 0.030386 | test 0.030297 | epoch 0.17s | total 106.7s | lr 0.00131
E593/10000 | train 0.030242 | test 0.030498 | epoch 0.17s | total 106.9s | lr 0.00131
E594/10000 | train 0.030493 | test 0.030484 | epoch 0.17s | total 107.1s | lr 0.00130
E595/10000 | train 0.030241 | test 0.030174 | epoch 0.17s | total 107.3s | lr 0.00130
E596/10000 | train 0.030148 | test 0.030308 | epoch 0.17s | total 107.5s | lr 0.00130
E597/10000 | train 0.030223 | test 0.030511 | epoch 0.17s | total 107.6s | lr 0.00130
E598/10000 | train 0.030318 | test 0.030312 | epoch 0.17s | total 107.8s | lr 0.00130
E599/10000 | train 0.030118 | test 0.030186 | epoch 0.17s | total 108.0s | lr 0.00130
E600/10000 | train 0.030071 | test 0.030274 | epoch 0.17s | total 108.2s | lr 0.00130
E601/10000 | train 0.030202 | test 0.030295 | epoch 0.17s | total 108.4s | lr 0.00130
E602/10000 | train 0.030070 | test 0.030145 | epoch 0.17s | total 108.5s | lr 0.00130
E603/10000 | train 0.030019 | test 0.030034 | epoch 0.17s | total 108.7s | lr 0.00130
E604/10000 | train 0.029831 | test 0.029833 | epoch 0.17s | total 108.9s | lr 0.00130
E605/10000 | train 0.029701 | test 0.029994 | epoch 0.17s | total 109.1s | lr 0.00130
E606/10000 | train 0.029826 | test 0.029853 | epoch 0.18s | total 109.3s | lr 0.00130
E607/10000 | train 0.029849 | test 0.030095 | epoch 0.17s | total 109.4s | lr 0.00130
E608/10000 | train 0.029805 | test 0.030095 | epoch 0.17s | total 109.6s | lr 0.00130
E609/10000 | train 0.030132 | test 0.030531 | epoch 0.17s | total 109.8s | lr 0.00130
E610/10000 | train 0.030258 | test 0.030239 | epoch 0.17s | total 110.0s | lr 0.00129
E611/10000 | train 0.029851 | test 0.029877 | epoch 0.17s | total 110.2s | lr 0.00129
E612/10000 | train 0.029642 | test 0.029798 | epoch 0.17s | total 110.3s | lr 0.00129
E613/10000 | train 0.029602 | test 0.030018 | epoch 0.17s | total 110.5s | lr 0.00129
E614/10000 | train 0.029878 | test 0.030034 | epoch 0.17s | total 110.7s | lr 0.00129
E615/10000 | train 0.029829 | test 0.029901 | epoch 0.17s | total 110.9s | lr 0.00129
E616/10000 | train 0.029540 | test 0.029722 | epoch 0.17s | total 111.0s | lr 0.00129
E617/10000 | train 0.029414 | test 0.029776 | epoch 0.17s | total 111.2s | lr 0.00129
E618/10000 | train 0.029478 | test 0.029773 | epoch 0.17s | total 111.4s | lr 0.00129
E619/10000 | train 0.029501 | test 0.029734 | epoch 0.17s | total 111.6s | lr 0.00129
E620/10000 | train 0.029431 | test 0.029773 | epoch 0.17s | total 111.8s | lr 0.00129
E621/10000 | train 0.029509 | test 0.029909 | epoch 0.17s | total 111.9s | lr 0.00129
E622/10000 | train 0.029731 | test 0.030188 | epoch 0.17s | total 112.1s | lr 0.00129
E623/10000 | train 0.029810 | test 0.029910 | epoch 0.17s | total 112.3s | lr 0.00129
E624/10000 | train 0.029459 | test 0.029643 | epoch 0.17s | total 112.5s | lr 0.00129
E625/10000 | train 0.029458 | test 0.029926 | epoch 0.17s | total 112.7s | lr 0.00128
E626/10000 | train 0.029734 | test 0.030066 | epoch 0.17s | total 112.8s | lr 0.00128
E627/10000 | train 0.030463 | test 0.030294 | epoch 0.17s | total 113.0s | lr 0.00128
E628/10000 | train 0.029803 | test 0.029964 | epoch 0.17s | total 113.2s | lr 0.00128
E629/10000 | train 0.029590 | test 0.029789 | epoch 0.17s | total 113.4s | lr 0.00128
E630/10000 | train 0.029447 | test 0.029648 | epoch 0.17s | total 113.5s | lr 0.00128
E631/10000 | train 0.029523 | test 0.029933 | epoch 0.17s | total 113.7s | lr 0.00128
E632/10000 | train 0.029605 | test 0.029879 | epoch 0.17s | total 113.9s | lr 0.00128
E633/10000 | train 0.029530 | test 0.029545 | epoch 0.17s | total 114.1s | lr 0.00128
E634/10000 | train 0.029448 | test 0.029673 | epoch 0.17s | total 114.3s | lr 0.00128
E635/10000 | train 0.029453 | test 0.029816 | epoch 0.17s | total 114.4s | lr 0.00128
E636/10000 | train 0.029647 | test 0.029903 | epoch 0.17s | total 114.6s | lr 0.00128
E637/10000 | train 0.029596 | test 0.029765 | epoch 0.17s | total 114.8s | lr 0.00128
E638/10000 | train 0.029495 | test 0.029850 | epoch 0.17s | total 115.0s | lr 0.00128
E639/10000 | train 0.029481 | test 0.029858 | epoch 0.17s | total 115.2s | lr 0.00128
E640/10000 | train 0.029436 | test 0.029722 | epoch 0.17s | total 115.3s | lr 0.00127
E641/10000 | train 0.029341 | test 0.029503 | epoch 0.17s | total 115.5s | lr 0.00127
E642/10000 | train 0.029305 | test 0.029638 | epoch 0.17s | total 115.7s | lr 0.00127
E643/10000 | train 0.029387 | test 0.029559 | epoch 0.17s | total 115.9s | lr 0.00127
E644/10000 | train 0.029360 | test 0.029671 | epoch 0.17s | total 116.1s | lr 0.00127
E645/10000 | train 0.029329 | test 0.029665 | epoch 0.17s | total 116.2s | lr 0.00127
E646/10000 | train 0.029358 | test 0.029691 | epoch 0.17s | total 116.4s | lr 0.00127
E647/10000 | train 0.029385 | test 0.029532 | epoch 0.17s | total 116.6s | lr 0.00127
E648/10000 | train 0.029652 | test 0.029938 | epoch 0.17s | total 116.8s | lr 0.00127
E649/10000 | train 0.029815 | test 0.029881 | epoch 0.17s | total 117.0s | lr 0.00127
E650/10000 | train 0.029624 | test 0.029731 | epoch 0.17s | total 117.1s | lr 0.00127
E651/10000 | train 0.029558 | test 0.029755 | epoch 0.17s | total 117.3s | lr 0.00127
E652/10000 | train 0.029340 | test 0.029786 | epoch 0.17s | total 117.5s | lr 0.00127
E653/10000 | train 0.029437 | test 0.029930 | epoch 0.17s | total 117.7s | lr 0.00127
E654/10000 | train 0.029832 | test 0.030129 | epoch 0.17s | total 117.8s | lr 0.00127
E655/10000 | train 0.031007 | test 0.033604 | epoch 0.17s | total 118.0s | lr 0.00126
E656/10000 | train 0.031601 | test 0.030844 | epoch 0.17s | total 118.2s | lr 0.00126
E657/10000 | train 0.030049 | test 0.030001 | epoch 0.17s | total 118.4s | lr 0.00126
E658/10000 | train 0.029630 | test 0.029811 | epoch 0.17s | total 118.6s | lr 0.00126
E659/10000 | train 0.029577 | test 0.029837 | epoch 0.17s | total 118.7s | lr 0.00126
E660/10000 | train 0.029626 | test 0.029593 | epoch 0.17s | total 118.9s | lr 0.00126
E661/10000 | train 0.029424 | test 0.029566 | epoch 0.17s | total 119.1s | lr 0.00126
E662/10000 | train 0.029411 | test 0.030129 | epoch 0.17s | total 119.3s | lr 0.00126
E663/10000 | train 0.030064 | test 0.030184 | epoch 0.17s | total 119.5s | lr 0.00126
E664/10000 | train 0.030192 | test 0.030274 | epoch 0.17s | total 119.6s | lr 0.00126
E665/10000 | train 0.030066 | test 0.030200 | epoch 0.17s | total 119.8s | lr 0.00126
E666/10000 | train 0.029710 | test 0.029833 | epoch 0.17s | total 120.0s | lr 0.00126
E667/10000 | train 0.029583 | test 0.029850 | epoch 0.17s | total 120.2s | lr 0.00126
E668/10000 | train 0.029606 | test 0.029735 | epoch 0.17s | total 120.4s | lr 0.00126
E669/10000 | train 0.029700 | test 0.030000 | epoch 0.17s | total 120.5s | lr 0.00126
E670/10000 | train 0.029768 | test 0.030125 | epoch 0.17s | total 120.7s | lr 0.00125
E671/10000 | train 0.029785 | test 0.029966 | epoch 0.17s | total 120.9s | lr 0.00125
E672/10000 | train 0.029671 | test 0.030107 | epoch 0.17s | total 121.1s | lr 0.00125
E673/10000 | train 0.029688 | test 0.029950 | epoch 0.17s | total 121.2s | lr 0.00125
E674/10000 | train 0.029639 | test 0.029875 | epoch 0.17s | total 121.4s | lr 0.00125
E675/10000 | train 0.029867 | test 0.030178 | epoch 0.17s | total 121.6s | lr 0.00125
E676/10000 | train 0.029983 | test 0.030146 | epoch 0.17s | total 121.8s | lr 0.00125
E677/10000 | train 0.029855 | test 0.030261 | epoch 0.17s | total 122.0s | lr 0.00125
E678/10000 | train 0.029765 | test 0.029943 | epoch 0.17s | total 122.1s | lr 0.00125
E679/10000 | train 0.029540 | test 0.029900 | epoch 0.17s | total 122.3s | lr 0.00125
E680/10000 | train 0.029421 | test 0.029677 | epoch 0.17s | total 122.5s | lr 0.00125
E681/10000 | train 0.029402 | test 0.029786 | epoch 0.17s | total 122.7s | lr 0.00125
E682/10000 | train 0.029376 | test 0.029828 | epoch 0.17s | total 122.8s | lr 0.00125
E683/10000 | train 0.029365 | test 0.029759 | epoch 0.17s | total 123.0s | lr 0.00125
E684/10000 | train 0.029291 | test 0.029605 | epoch 0.17s | total 123.2s | lr 0.00124
E685/10000 | train 0.029204 | test 0.029741 | epoch 0.17s | total 123.4s | lr 0.00124
E686/10000 | train 0.029278 | test 0.029668 | epoch 0.17s | total 123.6s | lr 0.00124
E687/10000 | train 0.029368 | test 0.029790 | epoch 0.17s | total 123.7s | lr 0.00124
E688/10000 | train 0.029355 | test 0.029804 | epoch 0.17s | total 123.9s | lr 0.00124
E689/10000 | train 0.029417 | test 0.029801 | epoch 0.17s | total 124.1s | lr 0.00124
E690/10000 | train 0.029538 | test 0.029875 | epoch 0.18s | total 124.3s | lr 0.00124
E691/10000 | train 0.029762 | test 0.030215 | epoch 0.17s | total 124.5s | lr 0.00124
E692/10000 | train 0.030075 | test 0.030307 | epoch 0.17s | total 124.6s | lr 0.00124
E693/10000 | train 0.030058 | test 0.030171 | epoch 0.17s | total 124.8s | lr 0.00124
E694/10000 | train 0.029789 | test 0.030212 | epoch 0.17s | total 125.0s | lr 0.00124
E695/10000 | train 0.029907 | test 0.030430 | epoch 0.17s | total 125.2s | lr 0.00124
E696/10000 | train 0.029958 | test 0.030235 | epoch 0.17s | total 125.4s | lr 0.00124
E697/10000 | train 0.029910 | test 0.030008 | epoch 0.17s | total 125.5s | lr 0.00124
E698/10000 | train 0.029615 | test 0.030152 | epoch 0.17s | total 125.7s | lr 0.00123
E699/10000 | train 0.029804 | test 0.030189 | epoch 0.17s | total 125.9s | lr 0.00123
E700/10000 | train 0.029830 | test 0.030202 | epoch 0.17s | total 126.1s | lr 0.00123
E701/10000 | train 0.029663 | test 0.029836 | epoch 0.17s | total 126.3s | lr 0.00123
E702/10000 | train 0.029290 | test 0.029610 | epoch 0.17s | total 126.4s | lr 0.00123
E703/10000 | train 0.029335 | test 0.029592 | epoch 0.17s | total 126.6s | lr 0.00123
E704/10000 | train 0.029414 | test 0.029807 | epoch 0.17s | total 126.8s | lr 0.00123
E705/10000 | train 0.029515 | test 0.029781 | epoch 0.17s | total 127.0s | lr 0.00123
E706/10000 | train 0.029507 | test 0.029665 | epoch 0.17s | total 127.1s | lr 0.00123
E707/10000 | train 0.029322 | test 0.029560 | epoch 0.17s | total 127.3s | lr 0.00123
E708/10000 | train 0.029414 | test 0.030081 | epoch 0.17s | total 127.5s | lr 0.00123
E709/10000 | train 0.029870 | test 0.030885 | epoch 0.17s | total 127.7s | lr 0.00123
E710/10000 | train 0.030269 | test 0.029938 | epoch 0.17s | total 127.9s | lr 0.00123
E711/10000 | train 0.029723 | test 0.029960 | epoch 0.17s | total 128.0s | lr 0.00123
E712/10000 | train 0.029732 | test 0.029917 | epoch 0.17s | total 128.2s | lr 0.00122
E713/10000 | train 0.029778 | test 0.030332 | epoch 0.17s | total 128.4s | lr 0.00122
E714/10000 | train 0.030249 | test 0.030736 | epoch 0.17s | total 128.6s | lr 0.00122
E715/10000 | train 0.030861 | test 0.031159 | epoch 0.17s | total 128.8s | lr 0.00122
E716/10000 | train 0.030824 | test 0.030642 | epoch 0.17s | total 128.9s | lr 0.00122
E717/10000 | train 0.030342 | test 0.030530 | epoch 0.17s | total 129.1s | lr 0.00122
E718/10000 | train 0.030102 | test 0.030146 | epoch 0.17s | total 129.3s | lr 0.00122
E719/10000 | train 0.029716 | test 0.030025 | epoch 0.17s | total 129.5s | lr 0.00122
E720/10000 | train 0.029682 | test 0.029935 | epoch 0.17s | total 129.6s | lr 0.00122
E721/10000 | train 0.029622 | test 0.029966 | epoch 0.17s | total 129.8s | lr 0.00122
E722/10000 | train 0.029541 | test 0.029898 | epoch 0.17s | total 130.0s | lr 0.00122
E723/10000 | train 0.029490 | test 0.030034 | epoch 0.17s | total 130.2s | lr 0.00122
E724/10000 | train 0.029528 | test 0.029937 | epoch 0.17s | total 130.4s | lr 0.00122
E725/10000 | train 0.029739 | test 0.029984 | epoch 0.17s | total 130.5s | lr 0.00122
E726/10000 | train 0.029631 | test 0.029978 | epoch 0.17s | total 130.7s | lr 0.00121
E727/10000 | train 0.029566 | test 0.030075 | epoch 0.17s | total 130.9s | lr 0.00121
E728/10000 | train 0.029777 | test 0.030328 | epoch 0.17s | total 131.1s | lr 0.00121
E729/10000 | train 0.029840 | test 0.030134 | epoch 0.17s | total 131.3s | lr 0.00121
E730/10000 | train 0.029581 | test 0.029821 | epoch 0.17s | total 131.4s | lr 0.00121
E731/10000 | train 0.029279 | test 0.029899 | epoch 0.17s | total 131.6s | lr 0.00121
E732/10000 | train 0.029518 | test 0.030024 | epoch 0.17s | total 131.8s | lr 0.00121
E733/10000 | train 0.029504 | test 0.029933 | epoch 0.17s | total 132.0s | lr 0.00121
E734/10000 | train 0.029403 | test 0.029920 | epoch 0.17s | total 132.1s | lr 0.00121
E735/10000 | train 0.029409 | test 0.029950 | epoch 0.17s | total 132.3s | lr 0.00121
E736/10000 | train 0.029409 | test 0.029793 | epoch 0.17s | total 132.5s | lr 0.00121
E737/10000 | train 0.029430 | test 0.029716 | epoch 0.17s | total 132.7s | lr 0.00121
E738/10000 | train 0.029433 | test 0.029802 | epoch 0.17s | total 132.9s | lr 0.00121
E739/10000 | train 0.029836 | test 0.030274 | epoch 0.17s | total 133.0s | lr 0.00120
E740/10000 | train 0.029969 | test 0.030174 | epoch 0.17s | total 133.2s | lr 0.00120
E741/10000 | train 0.029553 | test 0.029988 | epoch 0.17s | total 133.4s | lr 0.00120
E742/10000 | train 0.029619 | test 0.030103 | epoch 0.17s | total 133.6s | lr 0.00120
E743/10000 | train 0.029830 | test 0.030251 | epoch 0.17s | total 133.8s | lr 0.00120
E744/10000 | train 0.029634 | test 0.030116 | epoch 0.17s | total 133.9s | lr 0.00120
E745/10000 | train 0.029691 | test 0.030152 | epoch 0.17s | total 134.1s | lr 0.00120
E746/10000 | train 0.029525 | test 0.029938 | epoch 0.17s | total 134.3s | lr 0.00120
E747/10000 | train 0.029409 | test 0.029886 | epoch 0.17s | total 134.5s | lr 0.00120
E748/10000 | train 0.029476 | test 0.029889 | epoch 0.17s | total 134.7s | lr 0.00120
E749/10000 | train 0.029332 | test 0.029770 | epoch 0.17s | total 134.8s | lr 0.00120
E750/10000 | train 0.029299 | test 0.030015 | epoch 0.17s | total 135.0s | lr 0.00120
E751/10000 | train 0.029526 | test 0.030274 | epoch 0.17s | total 135.2s | lr 0.00120
E752/10000 | train 0.029917 | test 0.030112 | epoch 0.17s | total 135.4s | lr 0.00119
E753/10000 | train 0.029700 | test 0.030055 | epoch 0.17s | total 135.6s | lr 0.00119
E754/10000 | train 0.029616 | test 0.029952 | epoch 0.17s | total 135.7s | lr 0.00119
E755/10000 | train 0.029815 | test 0.030224 | epoch 0.17s | total 135.9s | lr 0.00119
E756/10000 | train 0.029714 | test 0.029962 | epoch 0.17s | total 136.1s | lr 0.00119
E757/10000 | train 0.029403 | test 0.030096 | epoch 0.18s | total 136.3s | lr 0.00119
E758/10000 | train 0.030052 | test 0.030597 | epoch 0.17s | total 136.4s | lr 0.00119
E759/10000 | train 0.029771 | test 0.030197 | epoch 0.17s | total 136.6s | lr 0.00119
E760/10000 | train 0.029791 | test 0.030300 | epoch 0.19s | total 136.8s | lr 0.00119
E761/10000 | train 0.029858 | test 0.030503 | epoch 0.18s | total 137.0s | lr 0.00119
E762/10000 | train 0.030077 | test 0.030634 | epoch 0.18s | total 137.2s | lr 0.00119
E763/10000 | train 0.030052 | test 0.030440 | epoch 0.17s | total 137.4s | lr 0.00119
E764/10000 | train 0.029736 | test 0.030041 | epoch 0.17s | total 137.5s | lr 0.00119
E765/10000 | train 0.029470 | test 0.030086 | epoch 0.17s | total 137.7s | lr 0.00119
E766/10000 | train 0.029373 | test 0.030163 | epoch 0.17s | total 137.9s | lr 0.00118
E767/10000 | train 0.029381 | test 0.029989 | epoch 0.17s | total 138.1s | lr 0.00118
E768/10000 | train 0.029493 | test 0.030053 | epoch 0.17s | total 138.3s | lr 0.00118
E769/10000 | train 0.029427 | test 0.029943 | epoch 0.17s | total 138.4s | lr 0.00118
E770/10000 | train 0.029375 | test 0.030089 | epoch 0.17s | total 138.6s | lr 0.00118
E771/10000 | train 0.029503 | test 0.030097 | epoch 0.17s | total 138.8s | lr 0.00118
E772/10000 | train 0.029899 | test 0.030716 | epoch 0.17s | total 139.0s | lr 0.00118
E773/10000 | train 0.029860 | test 0.030399 | epoch 0.17s | total 139.2s | lr 0.00118
E774/10000 | train 0.029603 | test 0.030183 | epoch 0.17s | total 139.3s | lr 0.00118
E775/10000 | train 0.029509 | test 0.030071 | epoch 0.17s | total 139.5s | lr 0.00118
E776/10000 | train 0.029365 | test 0.030015 | epoch 0.17s | total 139.7s | lr 0.00118
E777/10000 | train 0.029397 | test 0.030070 | epoch 0.17s | total 139.9s | lr 0.00118
E778/10000 | train 0.029545 | test 0.029961 | epoch 0.17s | total 140.1s | lr 0.00118
E779/10000 | train 0.029204 | test 0.029830 | epoch 0.17s | total 140.2s | lr 0.00117
E780/10000 | train 0.029219 | test 0.029934 | epoch 0.17s | total 140.4s | lr 0.00117
E781/10000 | train 0.029240 | test 0.029872 | epoch 0.17s | total 140.6s | lr 0.00117
E782/10000 | train 0.029220 | test 0.029971 | epoch 0.17s | total 140.8s | lr 0.00117
E783/10000 | train 0.029342 | test 0.029921 | epoch 0.17s | total 141.0s | lr 0.00117
E784/10000 | train 0.029219 | test 0.029866 | epoch 0.17s | total 141.1s | lr 0.00117
E785/10000 | train 0.029097 | test 0.029699 | epoch 0.17s | total 141.3s | lr 0.00117
E786/10000 | train 0.029242 | test 0.029962 | epoch 0.17s | total 141.5s | lr 0.00117
E787/10000 | train 0.029343 | test 0.029755 | epoch 0.17s | total 141.7s | lr 0.00117
E788/10000 | train 0.029155 | test 0.029706 | epoch 0.17s | total 141.8s | lr 0.00117
E789/10000 | train 0.029269 | test 0.029804 | epoch 0.17s | total 142.0s | lr 0.00117
E790/10000 | train 0.029486 | test 0.029830 | epoch 0.17s | total 142.2s | lr 0.00117
E791/10000 | train 0.029324 | test 0.029697 | epoch 0.17s | total 142.4s | lr 0.00116
E792/10000 | train 0.029196 | test 0.029778 | epoch 0.17s | total 142.6s | lr 0.00116
E793/10000 | train 0.029325 | test 0.029708 | epoch 0.17s | total 142.7s | lr 0.00116
E794/10000 | train 0.029294 | test 0.029873 | epoch 0.17s | total 142.9s | lr 0.00116
E795/10000 | train 0.029218 | test 0.029915 | epoch 0.17s | total 143.1s | lr 0.00116
E796/10000 | train 0.029456 | test 0.029946 | epoch 0.17s | total 143.3s | lr 0.00116
E797/10000 | train 0.029318 | test 0.029863 | epoch 0.17s | total 143.5s | lr 0.00116
E798/10000 | train 0.029485 | test 0.030319 | epoch 0.17s | total 143.6s | lr 0.00116
E799/10000 | train 0.029550 | test 0.030002 | epoch 0.17s | total 143.8s | lr 0.00116
E800/10000 | train 0.029430 | test 0.030116 | epoch 0.17s | total 144.0s | lr 0.00116
E801/10000 | train 0.029399 | test 0.029936 | epoch 0.17s | total 144.2s | lr 0.00116
E802/10000 | train 0.029295 | test 0.029952 | epoch 0.17s | total 144.4s | lr 0.00116
E803/10000 | train 0.029283 | test 0.029825 | epoch 0.17s | total 144.5s | lr 0.00116
E804/10000 | train 0.029177 | test 0.029778 | epoch 0.17s | total 144.7s | lr 0.00115
E805/10000 | train 0.029189 | test 0.029833 | epoch 0.17s | total 144.9s | lr 0.00115
E806/10000 | train 0.029108 | test 0.029800 | epoch 0.17s | total 145.1s | lr 0.00115
E807/10000 | train 0.029199 | test 0.029875 | epoch 0.17s | total 145.2s | lr 0.00115
E808/10000 | train 0.029244 | test 0.029764 | epoch 0.17s | total 145.4s | lr 0.00115
E809/10000 | train 0.029155 | test 0.029735 | epoch 0.17s | total 145.6s | lr 0.00115
E810/10000 | train 0.029242 | test 0.030072 | epoch 0.17s | total 145.8s | lr 0.00115
E811/10000 | train 0.029303 | test 0.029826 | epoch 0.17s | total 146.0s | lr 0.00115
E812/10000 | train 0.029017 | test 0.029663 | epoch 0.17s | total 146.1s | lr 0.00115
E813/10000 | train 0.029065 | test 0.029759 | epoch 0.17s | total 146.3s | lr 0.00115
E814/10000 | train 0.029067 | test 0.029727 | epoch 0.17s | total 146.5s | lr 0.00115
E815/10000 | train 0.029169 | test 0.029845 | epoch 0.17s | total 146.7s | lr 0.00115
E816/10000 | train 0.029338 | test 0.029961 | epoch 0.17s | total 146.8s | lr 0.00115
E817/10000 | train 0.029203 | test 0.029748 | epoch 0.17s | total 147.0s | lr 0.00114
E818/10000 | train 0.029254 | test 0.029833 | epoch 0.17s | total 147.2s | lr 0.00114
E819/10000 | train 0.029260 | test 0.029942 | epoch 0.17s | total 147.4s | lr 0.00114
E820/10000 | train 0.029285 | test 0.029960 | epoch 0.17s | total 147.6s | lr 0.00114
E821/10000 | train 0.029351 | test 0.029734 | epoch 0.17s | total 147.7s | lr 0.00114
E822/10000 | train 0.029183 | test 0.029810 | epoch 0.17s | total 147.9s | lr 0.00114
E823/10000 | train 0.029153 | test 0.029752 | epoch 0.17s | total 148.1s | lr 0.00114
E824/10000 | train 0.029088 | test 0.029684 | epoch 0.17s | total 148.3s | lr 0.00114
E825/10000 | train 0.028963 | test 0.029879 | epoch 0.17s | total 148.5s | lr 0.00114
E826/10000 | train 0.029068 | test 0.029912 | epoch 0.17s | total 148.6s | lr 0.00114
E827/10000 | train 0.029386 | test 0.030062 | epoch 0.17s | total 148.8s | lr 0.00114
E828/10000 | train 0.029568 | test 0.030063 | epoch 0.17s | total 149.0s | lr 0.00114
E829/10000 | train 0.029457 | test 0.029730 | epoch 0.17s | total 149.2s | lr 0.00113
E830/10000 | train 0.029356 | test 0.030056 | epoch 0.17s | total 149.3s | lr 0.00113
E831/10000 | train 0.029491 | test 0.030142 | epoch 0.17s | total 149.5s | lr 0.00113
E832/10000 | train 0.029586 | test 0.029944 | epoch 0.17s | total 149.7s | lr 0.00113
E833/10000 | train 0.029219 | test 0.029725 | epoch 0.17s | total 149.9s | lr 0.00113
E834/10000 | train 0.028997 | test 0.029670 | epoch 0.17s | total 150.1s | lr 0.00113
E835/10000 | train 0.029077 | test 0.029820 | epoch 0.17s | total 150.2s | lr 0.00113
E836/10000 | train 0.029251 | test 0.030028 | epoch 0.17s | total 150.4s | lr 0.00113
E837/10000 | train 0.029123 | test 0.029839 | epoch 0.17s | total 150.6s | lr 0.00113
E838/10000 | train 0.029224 | test 0.029896 | epoch 0.17s | total 150.8s | lr 0.00113
E839/10000 | train 0.029129 | test 0.029803 | epoch 0.17s | total 151.0s | lr 0.00113
E840/10000 | train 0.029065 | test 0.029701 | epoch 0.17s | total 151.1s | lr 0.00113
E841/10000 | train 0.028997 | test 0.029857 | epoch 0.17s | total 151.3s | lr 0.00113
E842/10000 | train 0.029268 | test 0.029971 | epoch 0.17s | total 151.5s | lr 0.00112
E843/10000 | train 0.029291 | test 0.029936 | epoch 0.17s | total 151.7s | lr 0.00112
E844/10000 | train 0.029155 | test 0.029655 | epoch 0.17s | total 151.8s | lr 0.00112
E845/10000 | train 0.028952 | test 0.029918 | epoch 0.17s | total 152.0s | lr 0.00112
E846/10000 | train 0.029284 | test 0.029967 | epoch 0.17s | total 152.2s | lr 0.00112
E847/10000 | train 0.029367 | test 0.030032 | epoch 0.17s | total 152.4s | lr 0.00112
E848/10000 | train 0.029321 | test 0.029966 | epoch 0.17s | total 152.6s | lr 0.00112
E849/10000 | train 0.029268 | test 0.029887 | epoch 0.17s | total 152.7s | lr 0.00112
E850/10000 | train 0.029171 | test 0.029873 | epoch 0.17s | total 152.9s | lr 0.00112
E851/10000 | train 0.029028 | test 0.029810 | epoch 0.17s | total 153.1s | lr 0.00112
E852/10000 | train 0.029107 | test 0.030072 | epoch 0.17s | total 153.3s | lr 0.00112
E853/10000 | train 0.029277 | test 0.029855 | epoch 0.17s | total 153.5s | lr 0.00112
E854/10000 | train 0.029131 | test 0.029787 | epoch 0.17s | total 153.6s | lr 0.00111
E855/10000 | train 0.029094 | test 0.029883 | epoch 0.17s | total 153.8s | lr 0.00111
E856/10000 | train 0.029042 | test 0.029839 | epoch 0.17s | total 154.0s | lr 0.00111
E857/10000 | train 0.029024 | test 0.029792 | epoch 0.17s | total 154.2s | lr 0.00111
E858/10000 | train 0.028893 | test 0.029868 | epoch 0.17s | total 154.3s | lr 0.00111
E859/10000 | train 0.029219 | test 0.030045 | epoch 0.17s | total 154.5s | lr 0.00111
E860/10000 | train 0.029153 | test 0.029948 | epoch 0.17s | total 154.7s | lr 0.00111
E861/10000 | train 0.029268 | test 0.029876 | epoch 0.17s | total 154.9s | lr 0.00111
E862/10000 | train 0.029329 | test 0.029913 | epoch 0.17s | total 155.1s | lr 0.00111
E863/10000 | train 0.029199 | test 0.029897 | epoch 0.17s | total 155.2s | lr 0.00111
E864/10000 | train 0.029100 | test 0.029881 | epoch 0.17s | total 155.4s | lr 0.00111
E865/10000 | train 0.029129 | test 0.029813 | epoch 0.17s | total 155.6s | lr 0.00111
E866/10000 | train 0.028998 | test 0.029883 | epoch 0.17s | total 155.8s | lr 0.00110
E867/10000 | train 0.029045 | test 0.029938 | epoch 0.17s | total 156.0s | lr 0.00110
E868/10000 | train 0.029183 | test 0.030081 | epoch 0.17s | total 156.1s | lr 0.00110
E869/10000 | train 0.029129 | test 0.029906 | epoch 0.17s | total 156.3s | lr 0.00110
E870/10000 | train 0.029068 | test 0.029903 | epoch 0.17s | total 156.5s | lr 0.00110
E871/10000 | train 0.028897 | test 0.029850 | epoch 0.17s | total 156.7s | lr 0.00110
E872/10000 | train 0.029056 | test 0.029805 | epoch 0.17s | total 156.8s | lr 0.00110
E873/10000 | train 0.028893 | test 0.029776 | epoch 0.17s | total 157.0s | lr 0.00110
E874/10000 | train 0.029031 | test 0.029853 | epoch 0.18s | total 157.2s | lr 0.00110
E875/10000 | train 0.029084 | test 0.029714 | epoch 0.17s | total 157.4s | lr 0.00110
E876/10000 | train 0.029036 | test 0.029792 | epoch 0.17s | total 157.6s | lr 0.00110
E877/10000 | train 0.029119 | test 0.029827 | epoch 0.17s | total 157.7s | lr 0.00110
E878/10000 | train 0.028985 | test 0.029820 | epoch 0.17s | total 157.9s | lr 0.00109
E879/10000 | train 0.029114 | test 0.029748 | epoch 0.17s | total 158.1s | lr 0.00109
E880/10000 | train 0.028941 | test 0.029625 | epoch 0.17s | total 158.3s | lr 0.00109
E881/10000 | train 0.028842 | test 0.029555 | epoch 0.17s | total 158.5s | lr 0.00109
E882/10000 | train 0.028804 | test 0.029617 | epoch 0.17s | total 158.6s | lr 0.00109
E883/10000 | train 0.028733 | test 0.029521 | epoch 0.17s | total 158.8s | lr 0.00109
E884/10000 | train 0.028682 | test 0.029532 | epoch 0.17s | total 159.0s | lr 0.00109
E885/10000 | train 0.028688 | test 0.029586 | epoch 0.17s | total 159.2s | lr 0.00109
E886/10000 | train 0.028645 | test 0.029432 | epoch 0.17s | total 159.4s | lr 0.00109
E887/10000 | train 0.028737 | test 0.029563 | epoch 0.17s | total 159.5s | lr 0.00109
E888/10000 | train 0.028777 | test 0.029486 | epoch 0.17s | total 159.7s | lr 0.00109
E889/10000 | train 0.028747 | test 0.029593 | epoch 0.17s | total 159.9s | lr 0.00109
E890/10000 | train 0.028811 | test 0.029778 | epoch 0.17s | total 160.1s | lr 0.00108
E891/10000 | train 0.029053 | test 0.029784 | epoch 0.17s | total 160.3s | lr 0.00108
E892/10000 | train 0.029064 | test 0.029899 | epoch 0.17s | total 160.4s | lr 0.00108
E893/10000 | train 0.028949 | test 0.029614 | epoch 0.17s | total 160.6s | lr 0.00108
E894/10000 | train 0.028912 | test 0.029861 | epoch 0.17s | total 160.8s | lr 0.00108
E895/10000 | train 0.028905 | test 0.029727 | epoch 0.17s | total 161.0s | lr 0.00108
E896/10000 | train 0.028932 | test 0.029654 | epoch 0.17s | total 161.2s | lr 0.00108
E897/10000 | train 0.028824 | test 0.029572 | epoch 0.17s | total 161.3s | lr 0.00108
E898/10000 | train 0.028591 | test 0.029497 | epoch 0.17s | total 161.5s | lr 0.00108
E899/10000 | train 0.028656 | test 0.029573 | epoch 0.17s | total 161.7s | lr 0.00108
E900/10000 | train 0.028559 | test 0.029600 | epoch 0.17s | total 161.9s | lr 0.00108
E901/10000 | train 0.028640 | test 0.029593 | epoch 0.17s | total 162.0s | lr 0.00108
E902/10000 | train 0.028786 | test 0.029611 | epoch 0.17s | total 162.2s | lr 0.00107
E903/10000 | train 0.028736 | test 0.029544 | epoch 0.17s | total 162.4s | lr 0.00107
E904/10000 | train 0.028640 | test 0.029594 | epoch 0.17s | total 162.6s | lr 0.00107
E905/10000 | train 0.028738 | test 0.029629 | epoch 0.17s | total 162.8s | lr 0.00107
E906/10000 | train 0.028867 | test 0.029910 | epoch 0.17s | total 162.9s | lr 0.00107
E907/10000 | train 0.029028 | test 0.029736 | epoch 0.17s | total 163.1s | lr 0.00107
E908/10000 | train 0.028823 | test 0.029650 | epoch 0.17s | total 163.3s | lr 0.00107
E909/10000 | train 0.028960 | test 0.029973 | epoch 0.17s | total 163.5s | lr 0.00107
E910/10000 | train 0.029426 | test 0.030265 | epoch 0.17s | total 163.7s | lr 0.00107
E911/10000 | train 0.029479 | test 0.030118 | epoch 0.17s | total 163.8s | lr 0.00107
E912/10000 | train 0.029607 | test 0.030139 | epoch 0.17s | total 164.0s | lr 0.00107
E913/10000 | train 0.029209 | test 0.029742 | epoch 0.17s | total 164.2s | lr 0.00107
E914/10000 | train 0.029047 | test 0.029833 | epoch 0.17s | total 164.4s | lr 0.00106
E915/10000 | train 0.028906 | test 0.029637 | epoch 0.17s | total 164.6s | lr 0.00106
E916/10000 | train 0.028789 | test 0.029715 | epoch 0.17s | total 164.7s | lr 0.00106
E917/10000 | train 0.028713 | test 0.029445 | epoch 0.17s | total 164.9s | lr 0.00106
E918/10000 | train 0.028499 | test 0.029460 | epoch 0.17s | total 165.1s | lr 0.00106
E919/10000 | train 0.028526 | test 0.029364 | epoch 0.17s | total 165.3s | lr 0.00106
E920/10000 | train 0.028521 | test 0.029466 | epoch 0.17s | total 165.5s | lr 0.00106
E921/10000 | train 0.028534 | test 0.029409 | epoch 0.17s | total 165.6s | lr 0.00106
E922/10000 | train 0.028488 | test 0.029430 | epoch 0.17s | total 165.8s | lr 0.00106
E923/10000 | train 0.028402 | test 0.029432 | epoch 0.17s | total 166.0s | lr 0.00106
E924/10000 | train 0.028462 | test 0.029524 | epoch 0.17s | total 166.2s | lr 0.00106
E925/10000 | train 0.028653 | test 0.029666 | epoch 0.17s | total 166.3s | lr 0.00105
E926/10000 | train 0.028724 | test 0.029726 | epoch 0.17s | total 166.5s | lr 0.00105
E927/10000 | train 0.028640 | test 0.029646 | epoch 0.17s | total 166.7s | lr 0.00105
E928/10000 | train 0.028781 | test 0.029701 | epoch 0.17s | total 166.9s | lr 0.00105
E929/10000 | train 0.028712 | test 0.029428 | epoch 0.17s | total 167.1s | lr 0.00105
E930/10000 | train 0.028488 | test 0.029493 | epoch 0.17s | total 167.2s | lr 0.00105
E931/10000 | train 0.028609 | test 0.029596 | epoch 0.17s | total 167.4s | lr 0.00105
E932/10000 | train 0.028688 | test 0.029805 | epoch 0.17s | total 167.6s | lr 0.00105
E933/10000 | train 0.029086 | test 0.030013 | epoch 0.17s | total 167.8s | lr 0.00105
E934/10000 | train 0.029355 | test 0.029848 | epoch 0.17s | total 168.0s | lr 0.00105
E935/10000 | train 0.029070 | test 0.029760 | epoch 0.17s | total 168.1s | lr 0.00105
E936/10000 | train 0.028899 | test 0.029732 | epoch 0.17s | total 168.3s | lr 0.00105
E937/10000 | train 0.028774 | test 0.029590 | epoch 0.17s | total 168.5s | lr 0.00104
E938/10000 | train 0.028743 | test 0.029614 | epoch 0.17s | total 168.7s | lr 0.00104
E939/10000 | train 0.028791 | test 0.029520 | epoch 0.17s | total 168.9s | lr 0.00104
E940/10000 | train 0.028746 | test 0.029579 | epoch 0.17s | total 169.0s | lr 0.00104
E941/10000 | train 0.028648 | test 0.029431 | epoch 0.17s | total 169.2s | lr 0.00104
E942/10000 | train 0.028507 | test 0.029479 | epoch 0.17s | total 169.4s | lr 0.00104
E943/10000 | train 0.028906 | test 0.029624 | epoch 0.17s | total 169.6s | lr 0.00104
E944/10000 | train 0.028841 | test 0.029596 | epoch 0.17s | total 169.7s | lr 0.00104
E945/10000 | train 0.029077 | test 0.029659 | epoch 0.17s | total 169.9s | lr 0.00104
E946/10000 | train 0.028913 | test 0.029643 | epoch 0.17s | total 170.1s | lr 0.00104
E947/10000 | train 0.028972 | test 0.029433 | epoch 0.17s | total 170.3s | lr 0.00104
E948/10000 | train 0.028625 | test 0.029358 | epoch 0.17s | total 170.5s | lr 0.00103
E949/10000 | train 0.028496 | test 0.029310 | epoch 0.17s | total 170.6s | lr 0.00103
E950/10000 | train 0.028578 | test 0.029488 | epoch 0.17s | total 170.8s | lr 0.00103
E951/10000 | train 0.028632 | test 0.029414 | epoch 0.17s | total 171.0s | lr 0.00103
E952/10000 | train 0.028592 | test 0.029352 | epoch 0.17s | total 171.2s | lr 0.00103
E953/10000 | train 0.028604 | test 0.029447 | epoch 0.17s | total 171.4s | lr 0.00103
E954/10000 | train 0.028464 | test 0.029387 | epoch 0.17s | total 171.5s | lr 0.00103
E955/10000 | train 0.028396 | test 0.029281 | epoch 0.17s | total 171.7s | lr 0.00103
E956/10000 | train 0.028392 | test 0.029425 | epoch 0.17s | total 171.9s | lr 0.00103
E957/10000 | train 0.028300 | test 0.029281 | epoch 0.17s | total 172.1s | lr 0.00103
E958/10000 | train 0.028212 | test 0.029148 | epoch 0.17s | total 172.3s | lr 0.00103
E959/10000 | train 0.028221 | test 0.029220 | epoch 0.17s | total 172.4s | lr 0.00103
E960/10000 | train 0.028286 | test 0.029255 | epoch 0.17s | total 172.6s | lr 0.00102
E961/10000 | train 0.028212 | test 0.029357 | epoch 0.17s | total 172.8s | lr 0.00102
E962/10000 | train 0.028332 | test 0.029366 | epoch 0.17s | total 173.0s | lr 0.00102
E963/10000 | train 0.028812 | test 0.029610 | epoch 0.17s | total 173.2s | lr 0.00102
E964/10000 | train 0.028517 | test 0.029395 | epoch 0.17s | total 173.3s | lr 0.00102
E965/10000 | train 0.028410 | test 0.029455 | epoch 0.17s | total 173.5s | lr 0.00102
E966/10000 | train 0.028426 | test 0.029423 | epoch 0.17s | total 173.7s | lr 0.00102
E967/10000 | train 0.028448 | test 0.029643 | epoch 0.17s | total 173.9s | lr 0.00102
E968/10000 | train 0.028693 | test 0.029754 | epoch 0.17s | total 174.1s | lr 0.00102
E969/10000 | train 0.028667 | test 0.029641 | epoch 0.17s | total 174.2s | lr 0.00102
E970/10000 | train 0.028619 | test 0.029685 | epoch 0.17s | total 174.4s | lr 0.00102
E971/10000 | train 0.028773 | test 0.029887 | epoch 0.17s | total 174.6s | lr 0.00101
E972/10000 | train 0.028659 | test 0.029809 | epoch 0.17s | total 174.8s | lr 0.00101
E973/10000 | train 0.028815 | test 0.029724 | epoch 0.17s | total 175.0s | lr 0.00101
E974/10000 | train 0.028858 | test 0.029868 | epoch 0.17s | total 175.1s | lr 0.00101
E975/10000 | train 0.028798 | test 0.029809 | epoch 0.17s | total 175.3s | lr 0.00101
E976/10000 | train 0.028842 | test 0.029894 | epoch 0.17s | total 175.5s | lr 0.00101
E977/10000 | train 0.028741 | test 0.029662 | epoch 0.17s | total 175.7s | lr 0.00101
E978/10000 | train 0.028776 | test 0.030026 | epoch 0.17s | total 175.8s | lr 0.00101
E979/10000 | train 0.029153 | test 0.029972 | epoch 0.17s | total 176.0s | lr 0.00101
E980/10000 | train 0.028781 | test 0.029819 | epoch 0.17s | total 176.2s | lr 0.00101
E981/10000 | train 0.028692 | test 0.029655 | epoch 0.17s | total 176.4s | lr 0.00101
E982/10000 | train 0.028631 | test 0.029603 | epoch 0.17s | total 176.6s | lr 0.00101
E983/10000 | train 0.028482 | test 0.029545 | epoch 0.17s | total 176.7s | lr 0.00100
E984/10000 | train 0.028416 | test 0.029621 | epoch 0.17s | total 176.9s | lr 0.00100
E985/10000 | train 0.028470 | test 0.029591 | epoch 0.17s | total 177.1s | lr 0.00100
E986/10000 | train 0.028547 | test 0.029660 | epoch 0.17s | total 177.3s | lr 0.00100
E987/10000 | train 0.028455 | test 0.029637 | epoch 0.17s | total 177.5s | lr 0.00100
E988/10000 | train 0.028388 | test 0.029645 | epoch 0.17s | total 177.6s | lr 0.00100
E989/10000 | train 0.028397 | test 0.029526 | epoch 0.17s | total 177.8s | lr 0.00100
E990/10000 | train 0.028392 | test 0.029634 | epoch 0.17s | total 178.0s | lr 0.00100
E991/10000 | train 0.028514 | test 0.029555 | epoch 0.17s | total 178.2s | lr 0.00100
E992/10000 | train 0.028592 | test 0.029671 | epoch 0.17s | total 178.3s | lr 0.00100
E993/10000 | train 0.028478 | test 0.029343 | epoch 0.17s | total 178.5s | lr 0.00100
E994/10000 | train 0.028251 | test 0.029395 | epoch 0.17s | total 178.7s | lr 0.00099
E995/10000 | train 0.028235 | test 0.029327 | epoch 0.17s | total 178.9s | lr 0.00099
E996/10000 | train 0.028118 | test 0.029280 | epoch 0.17s | total 179.1s | lr 0.00099
E997/10000 | train 0.028118 | test 0.029342 | epoch 0.17s | total 179.2s | lr 0.00099
E998/10000 | train 0.028097 | test 0.029296 | epoch 0.17s | total 179.4s | lr 0.00099
E999/10000 | train 0.028192 | test 0.029415 | epoch 0.17s | total 179.6s | lr 0.00099
E1000/10000 | train 0.028171 | test 0.029352 | epoch 0.17s | total 179.8s | lr 0.00099
E1001/10000 | train 0.028150 | test 0.029429 | epoch 0.17s | total 180.0s | lr 0.00099
E1002/10000 | train 0.028137 | test 0.029425 | epoch 0.17s | total 180.1s | lr 0.00099
E1003/10000 | train 0.028123 | test 0.029389 | epoch 0.17s | total 180.3s | lr 0.00099
E1004/10000 | train 0.028050 | test 0.029251 | epoch 0.17s | total 180.5s | lr 0.00099
E1005/10000 | train 0.028009 | test 0.029342 | epoch 0.17s | total 180.7s | lr 0.00098
E1006/10000 | train 0.027900 | test 0.029152 | epoch 0.17s | total 180.8s | lr 0.00098
E1007/10000 | train 0.027927 | test 0.029309 | epoch 0.17s | total 181.0s | lr 0.00098
E1008/10000 | train 0.027893 | test 0.029216 | epoch 0.17s | total 181.2s | lr 0.00098
E1009/10000 | train 0.027939 | test 0.029366 | epoch 0.17s | total 181.4s | lr 0.00098
E1010/10000 | train 0.028126 | test 0.029308 | epoch 0.18s | total 181.6s | lr 0.00098
E1011/10000 | train 0.027992 | test 0.029323 | epoch 0.18s | total 181.8s | lr 0.00098
E1012/10000 | train 0.028018 | test 0.029433 | epoch 0.17s | total 181.9s | lr 0.00098
E1013/10000 | train 0.028085 | test 0.029467 | epoch 0.17s | total 182.1s | lr 0.00098
E1014/10000 | train 0.028274 | test 0.029538 | epoch 0.17s | total 182.3s | lr 0.00098
E1015/10000 | train 0.028172 | test 0.029377 | epoch 0.17s | total 182.5s | lr 0.00098
E1016/10000 | train 0.028130 | test 0.029524 | epoch 0.17s | total 182.7s | lr 0.00097
E1017/10000 | train 0.028272 | test 0.029442 | epoch 0.17s | total 182.8s | lr 0.00097
E1018/10000 | train 0.028160 | test 0.029506 | epoch 0.17s | total 183.0s | lr 0.00097
E1019/10000 | train 0.028256 | test 0.029513 | epoch 0.17s | total 183.2s | lr 0.00097
E1020/10000 | train 0.028126 | test 0.029356 | epoch 0.17s | total 183.4s | lr 0.00097
E1021/10000 | train 0.028120 | test 0.029501 | epoch 0.17s | total 183.6s | lr 0.00097
E1022/10000 | train 0.028166 | test 0.029439 | epoch 0.17s | total 183.7s | lr 0.00097
E1023/10000 | train 0.028026 | test 0.029402 | epoch 0.17s | total 183.9s | lr 0.00097
E1024/10000 | train 0.027930 | test 0.029304 | epoch 0.17s | total 184.1s | lr 0.00097
E1025/10000 | train 0.028056 | test 0.029430 | epoch 0.17s | total 184.3s | lr 0.00097
E1026/10000 | train 0.028073 | test 0.029466 | epoch 0.17s | total 184.4s | lr 0.00097
E1027/10000 | train 0.028028 | test 0.029402 | epoch 0.17s | total 184.6s | lr 0.00097
E1028/10000 | train 0.027994 | test 0.029362 | epoch 0.17s | total 184.8s | lr 0.00096
E1029/10000 | train 0.028008 | test 0.029267 | epoch 0.17s | total 185.0s | lr 0.00096
E1030/10000 | train 0.027983 | test 0.029416 | epoch 0.17s | total 185.2s | lr 0.00096
E1031/10000 | train 0.028274 | test 0.029532 | epoch 0.17s | total 185.3s | lr 0.00096
E1032/10000 | train 0.028393 | test 0.029502 | epoch 0.17s | total 185.5s | lr 0.00096
E1033/10000 | train 0.028225 | test 0.029497 | epoch 0.17s | total 185.7s | lr 0.00096
E1034/10000 | train 0.028179 | test 0.029354 | epoch 0.17s | total 185.9s | lr 0.00096
E1035/10000 | train 0.028068 | test 0.029318 | epoch 0.17s | total 186.1s | lr 0.00096
E1036/10000 | train 0.028073 | test 0.029350 | epoch 0.17s | total 186.2s | lr 0.00096
E1037/10000 | train 0.028062 | test 0.029261 | epoch 0.17s | total 186.4s | lr 0.00096
E1038/10000 | train 0.028052 | test 0.029336 | epoch 0.17s | total 186.6s | lr 0.00096
E1039/10000 | train 0.027892 | test 0.029347 | epoch 0.17s | total 186.8s | lr 0.00095
E1040/10000 | train 0.027928 | test 0.029273 | epoch 0.17s | total 186.9s | lr 0.00095
E1041/10000 | train 0.027962 | test 0.029333 | epoch 0.18s | total 187.1s | lr 0.00095
E1042/10000 | train 0.028007 | test 0.029354 | epoch 0.17s | total 187.3s | lr 0.00095
E1043/10000 | train 0.028051 | test 0.029369 | epoch 0.17s | total 187.5s | lr 0.00095
E1044/10000 | train 0.028013 | test 0.029370 | epoch 0.17s | total 187.7s | lr 0.00095
E1045/10000 | train 0.028170 | test 0.029511 | epoch 0.17s | total 187.8s | lr 0.00095
E1046/10000 | train 0.028064 | test 0.029532 | epoch 0.17s | total 188.0s | lr 0.00095
E1047/10000 | train 0.028313 | test 0.029704 | epoch 0.17s | total 188.2s | lr 0.00095
E1048/10000 | train 0.028219 | test 0.029485 | epoch 0.17s | total 188.4s | lr 0.00095
E1049/10000 | train 0.028115 | test 0.029446 | epoch 0.17s | total 188.6s | lr 0.00095
E1050/10000 | train 0.028024 | test 0.029304 | epoch 0.17s | total 188.7s | lr 0.00094
E1051/10000 | train 0.027940 | test 0.029316 | epoch 0.17s | total 188.9s | lr 0.00094
E1052/10000 | train 0.027827 | test 0.029420 | epoch 0.17s | total 189.1s | lr 0.00094
E1053/10000 | train 0.027962 | test 0.029394 | epoch 0.17s | total 189.3s | lr 0.00094
E1054/10000 | train 0.027960 | test 0.029367 | epoch 0.17s | total 189.5s | lr 0.00094
E1055/10000 | train 0.027919 | test 0.029327 | epoch 0.18s | total 189.6s | lr 0.00094
E1056/10000 | train 0.027937 | test 0.029338 | epoch 0.17s | total 189.8s | lr 0.00094
E1057/10000 | train 0.027945 | test 0.029255 | epoch 0.17s | total 190.0s | lr 0.00094
E1058/10000 | train 0.027840 | test 0.029259 | epoch 0.17s | total 190.2s | lr 0.00094
E1059/10000 | train 0.027841 | test 0.029307 | epoch 0.17s | total 190.4s | lr 0.00094
E1060/10000 | train 0.027801 | test 0.029324 | epoch 0.17s | total 190.5s | lr 0.00094
E1061/10000 | train 0.027842 | test 0.029451 | epoch 0.17s | total 190.7s | lr 0.00093
E1062/10000 | train 0.027914 | test 0.029409 | epoch 0.17s | total 190.9s | lr 0.00093
E1063/10000 | train 0.028538 | test 0.029715 | epoch 0.17s | total 191.1s | lr 0.00093
E1064/10000 | train 0.028696 | test 0.029643 | epoch 0.17s | total 191.2s | lr 0.00093
E1065/10000 | train 0.028623 | test 0.029532 | epoch 0.17s | total 191.4s | lr 0.00093
E1066/10000 | train 0.028409 | test 0.029560 | epoch 0.17s | total 191.6s | lr 0.00093
E1067/10000 | train 0.028344 | test 0.029516 | epoch 0.17s | total 191.8s | lr 0.00093
E1068/10000 | train 0.028254 | test 0.029381 | epoch 0.17s | total 192.0s | lr 0.00093
E1069/10000 | train 0.028012 | test 0.029249 | epoch 0.17s | total 192.1s | lr 0.00093
E1070/10000 | train 0.027946 | test 0.029122 | epoch 0.17s | total 192.3s | lr 0.00093
E1071/10000 | train 0.027869 | test 0.029233 | epoch 0.17s | total 192.5s | lr 0.00093
E1072/10000 | train 0.028078 | test 0.029445 | epoch 0.17s | total 192.7s | lr 0.00092
E1073/10000 | train 0.027995 | test 0.029338 | epoch 0.17s | total 192.9s | lr 0.00092
E1074/10000 | train 0.028040 | test 0.029189 | epoch 0.17s | total 193.0s | lr 0.00092
E1075/10000 | train 0.028028 | test 0.029265 | epoch 0.17s | total 193.2s | lr 0.00092
E1076/10000 | train 0.028030 | test 0.029340 | epoch 0.17s | total 193.4s | lr 0.00092
E1077/10000 | train 0.028086 | test 0.029290 | epoch 0.17s | total 193.6s | lr 0.00092
E1078/10000 | train 0.027927 | test 0.029278 | epoch 0.17s | total 193.8s | lr 0.00092
E1079/10000 | train 0.027881 | test 0.029331 | epoch 0.17s | total 193.9s | lr 0.00092
E1080/10000 | train 0.027870 | test 0.029418 | epoch 0.17s | total 194.1s | lr 0.00092
E1081/10000 | train 0.027985 | test 0.029370 | epoch 0.17s | total 194.3s | lr 0.00092
E1082/10000 | train 0.028097 | test 0.029691 | epoch 0.18s | total 194.5s | lr 0.00092
E1083/10000 | train 0.028382 | test 0.029727 | epoch 0.17s | total 194.7s | lr 0.00091
E1084/10000 | train 0.028155 | test 0.029405 | epoch 0.17s | total 194.8s | lr 0.00091
E1085/10000 | train 0.028051 | test 0.029302 | epoch 0.17s | total 195.0s | lr 0.00091
E1086/10000 | train 0.027948 | test 0.029360 | epoch 0.17s | total 195.2s | lr 0.00091
E1087/10000 | train 0.027977 | test 0.029301 | epoch 0.17s | total 195.4s | lr 0.00091
E1088/10000 | train 0.028031 | test 0.029410 | epoch 0.17s | total 195.5s | lr 0.00091
E1089/10000 | train 0.028131 | test 0.029315 | epoch 0.17s | total 195.7s | lr 0.00091
E1090/10000 | train 0.028017 | test 0.029265 | epoch 0.17s | total 195.9s | lr 0.00091
E1091/10000 | train 0.027996 | test 0.029294 | epoch 0.17s | total 196.1s | lr 0.00091
E1092/10000 | train 0.028123 | test 0.029338 | epoch 0.17s | total 196.3s | lr 0.00091
E1093/10000 | train 0.028006 | test 0.029404 | epoch 0.17s | total 196.4s | lr 0.00091
E1094/10000 | train 0.028107 | test 0.029571 | epoch 0.17s | total 196.6s | lr 0.00090
E1095/10000 | train 0.028052 | test 0.029477 | epoch 0.17s | total 196.8s | lr 0.00090
E1096/10000 | train 0.028010 | test 0.029368 | epoch 0.17s | total 197.0s | lr 0.00090
E1097/10000 | train 0.028058 | test 0.029446 | epoch 0.17s | total 197.2s | lr 0.00090
E1098/10000 | train 0.028148 | test 0.029429 | epoch 0.18s | total 197.3s | lr 0.00090
E1099/10000 | train 0.027950 | test 0.029347 | epoch 0.17s | total 197.5s | lr 0.00090
E1100/10000 | train 0.027918 | test 0.029402 | epoch 0.17s | total 197.7s | lr 0.00090
E1101/10000 | train 0.028127 | test 0.029398 | epoch 0.17s | total 197.9s | lr 0.00090
E1102/10000 | train 0.027890 | test 0.029347 | epoch 0.17s | total 198.1s | lr 0.00090
E1103/10000 | train 0.027795 | test 0.029297 | epoch 0.17s | total 198.2s | lr 0.00090
E1104/10000 | train 0.027915 | test 0.029320 | epoch 0.17s | total 198.4s | lr 0.00090
E1105/10000 | train 0.027836 | test 0.029243 | epoch 0.17s | total 198.6s | lr 0.00089
E1106/10000 | train 0.027718 | test 0.029330 | epoch 0.17s | total 198.8s | lr 0.00089
E1107/10000 | train 0.027674 | test 0.029177 | epoch 0.17s | total 199.0s | lr 0.00089
E1108/10000 | train 0.027890 | test 0.029454 | epoch 0.17s | total 199.1s | lr 0.00089
E1109/10000 | train 0.028236 | test 0.029648 | epoch 0.17s | total 199.3s | lr 0.00089
E1110/10000 | train 0.028255 | test 0.029421 | epoch 0.17s | total 199.5s | lr 0.00089
E1111/10000 | train 0.028124 | test 0.029521 | epoch 0.17s | total 199.7s | lr 0.00089
E1112/10000 | train 0.027948 | test 0.029249 | epoch 0.17s | total 199.8s | lr 0.00089
E1113/10000 | train 0.027776 | test 0.029254 | epoch 0.17s | total 200.0s | lr 0.00089
E1114/10000 | train 0.027742 | test 0.029175 | epoch 0.17s | total 200.2s | lr 0.00089
E1115/10000 | train 0.027833 | test 0.029376 | epoch 0.17s | total 200.4s | lr 0.00088
E1116/10000 | train 0.027814 | test 0.029288 | epoch 0.17s | total 200.6s | lr 0.00088
E1117/10000 | train 0.027813 | test 0.029357 | epoch 0.17s | total 200.7s | lr 0.00088
E1118/10000 | train 0.027749 | test 0.029324 | epoch 0.17s | total 200.9s | lr 0.00088
E1119/10000 | train 0.027653 | test 0.029233 | epoch 0.17s | total 201.1s | lr 0.00088
E1120/10000 | train 0.027588 | test 0.029313 | epoch 0.17s | total 201.3s | lr 0.00088
E1121/10000 | train 0.027639 | test 0.029192 | epoch 0.17s | total 201.5s | lr 0.00088
E1122/10000 | train 0.027586 | test 0.029129 | epoch 0.17s | total 201.6s | lr 0.00088
E1123/10000 | train 0.027475 | test 0.029083 | epoch 0.17s | total 201.8s | lr 0.00088
E1124/10000 | train 0.027532 | test 0.029218 | epoch 0.17s | total 202.0s | lr 0.00088
E1125/10000 | train 0.027625 | test 0.029188 | epoch 0.17s | total 202.2s | lr 0.00088
E1126/10000 | train 0.027596 | test 0.029287 | epoch 0.17s | total 202.3s | lr 0.00087
E1127/10000 | train 0.027581 | test 0.029172 | epoch 0.17s | total 202.5s | lr 0.00087
E1128/10000 | train 0.027514 | test 0.029211 | epoch 0.17s | total 202.7s | lr 0.00087
E1129/10000 | train 0.027545 | test 0.029286 | epoch 0.17s | total 202.9s | lr 0.00087
E1130/10000 | train 0.027579 | test 0.029203 | epoch 0.17s | total 203.1s | lr 0.00087
E1131/10000 | train 0.027591 | test 0.029332 | epoch 0.17s | total 203.2s | lr 0.00087
E1132/10000 | train 0.027513 | test 0.029235 | epoch 0.17s | total 203.4s | lr 0.00087
E1133/10000 | train 0.027503 | test 0.029428 | epoch 0.17s | total 203.6s | lr 0.00087
E1134/10000 | train 0.027608 | test 0.029266 | epoch 0.17s | total 203.8s | lr 0.00087
E1135/10000 | train 0.027742 | test 0.029534 | epoch 0.17s | total 204.0s | lr 0.00087
E1136/10000 | train 0.027789 | test 0.029310 | epoch 0.17s | total 204.1s | lr 0.00087
E1137/10000 | train 0.027700 | test 0.029343 | epoch 0.17s | total 204.3s | lr 0.00086
E1138/10000 | train 0.027733 | test 0.029513 | epoch 0.17s | total 204.5s | lr 0.00086
E1139/10000 | train 0.027823 | test 0.029384 | epoch 0.17s | total 204.7s | lr 0.00086
E1140/10000 | train 0.027926 | test 0.029619 | epoch 0.17s | total 204.9s | lr 0.00086
E1141/10000 | train 0.027869 | test 0.029472 | epoch 0.17s | total 205.0s | lr 0.00086
E1142/10000 | train 0.027895 | test 0.029714 | epoch 0.17s | total 205.2s | lr 0.00086
E1143/10000 | train 0.028000 | test 0.029652 | epoch 0.17s | total 205.4s | lr 0.00086
E1144/10000 | train 0.028017 | test 0.029805 | epoch 0.17s | total 205.6s | lr 0.00086
E1145/10000 | train 0.028349 | test 0.029752 | epoch 0.17s | total 205.7s | lr 0.00086
E1146/10000 | train 0.028096 | test 0.029361 | epoch 0.17s | total 205.9s | lr 0.00086
E1147/10000 | train 0.027901 | test 0.029263 | epoch 0.17s | total 206.1s | lr 0.00086
E1148/10000 | train 0.027858 | test 0.029531 | epoch 0.17s | total 206.3s | lr 0.00085
E1149/10000 | train 0.027867 | test 0.029363 | epoch 0.17s | total 206.5s | lr 0.00085
E1150/10000 | train 0.027765 | test 0.029377 | epoch 0.17s | total 206.6s | lr 0.00085
E1151/10000 | train 0.027691 | test 0.029347 | epoch 0.17s | total 206.8s | lr 0.00085
E1152/10000 | train 0.027635 | test 0.029318 | epoch 0.17s | total 207.0s | lr 0.00085
E1153/10000 | train 0.027608 | test 0.029331 | epoch 0.17s | total 207.2s | lr 0.00085
E1154/10000 | train 0.027694 | test 0.029325 | epoch 0.17s | total 207.4s | lr 0.00085
E1155/10000 | train 0.027689 | test 0.029302 | epoch 0.17s | total 207.5s | lr 0.00085
E1156/10000 | train 0.027532 | test 0.029220 | epoch 0.17s | total 207.7s | lr 0.00085
E1157/10000 | train 0.027467 | test 0.029268 | epoch 0.17s | total 207.9s | lr 0.00085
E1158/10000 | train 0.027392 | test 0.029177 | epoch 0.17s | total 208.1s | lr 0.00085
E1159/10000 | train 0.027509 | test 0.029263 | epoch 0.17s | total 208.2s | lr 0.00084
E1160/10000 | train 0.027470 | test 0.029220 | epoch 0.17s | total 208.4s | lr 0.00084
E1161/10000 | train 0.027484 | test 0.029224 | epoch 0.17s | total 208.6s | lr 0.00084
E1162/10000 | train 0.027480 | test 0.029191 | epoch 0.17s | total 208.8s | lr 0.00084
E1163/10000 | train 0.027526 | test 0.029323 | epoch 0.17s | total 209.0s | lr 0.00084
E1164/10000 | train 0.027500 | test 0.029159 | epoch 0.17s | total 209.1s | lr 0.00084
E1165/10000 | train 0.027521 | test 0.029231 | epoch 0.17s | total 209.3s | lr 0.00084
E1166/10000 | train 0.027445 | test 0.029281 | epoch 0.17s | total 209.5s | lr 0.00084
E1167/10000 | train 0.027498 | test 0.029162 | epoch 0.17s | total 209.7s | lr 0.00084
E1168/10000 | train 0.027366 | test 0.029069 | epoch 0.17s | total 209.9s | lr 0.00084
E1169/10000 | train 0.027397 | test 0.029154 | epoch 0.17s | total 210.0s | lr 0.00083
E1170/10000 | train 0.027658 | test 0.029273 | epoch 0.17s | total 210.2s | lr 0.00083
E1171/10000 | train 0.027711 | test 0.029420 | epoch 0.17s | total 210.4s | lr 0.00083
E1172/10000 | train 0.028131 | test 0.029566 | epoch 0.17s | total 210.6s | lr 0.00083
E1173/10000 | train 0.028286 | test 0.029756 | epoch 0.17s | total 210.7s | lr 0.00083
E1174/10000 | train 0.028197 | test 0.029780 | epoch 0.17s | total 210.9s | lr 0.00083
E1175/10000 | train 0.028344 | test 0.029938 | epoch 0.17s | total 211.1s | lr 0.00083
E1176/10000 | train 0.028415 | test 0.029856 | epoch 0.17s | total 211.3s | lr 0.00083
E1177/10000 | train 0.028298 | test 0.029717 | epoch 0.17s | total 211.5s | lr 0.00083
E1178/10000 | train 0.028222 | test 0.029674 | epoch 0.17s | total 211.6s | lr 0.00083
E1179/10000 | train 0.028584 | test 0.029871 | epoch 0.17s | total 211.8s | lr 0.00083
E1180/10000 | train 0.028326 | test 0.029782 | epoch 0.17s | total 212.0s | lr 0.00082
E1181/10000 | train 0.028192 | test 0.029607 | epoch 0.17s | total 212.2s | lr 0.00082
E1182/10000 | train 0.028074 | test 0.029623 | epoch 0.17s | total 212.4s | lr 0.00082
E1183/10000 | train 0.028228 | test 0.029723 | epoch 0.17s | total 212.5s | lr 0.00082
E1184/10000 | train 0.028364 | test 0.029787 | epoch 0.17s | total 212.7s | lr 0.00082
E1185/10000 | train 0.028208 | test 0.029848 | epoch 0.17s | total 212.9s | lr 0.00082
E1186/10000 | train 0.028555 | test 0.029780 | epoch 0.17s | total 213.1s | lr 0.00082
E1187/10000 | train 0.028181 | test 0.029647 | epoch 0.17s | total 213.3s | lr 0.00082
E1188/10000 | train 0.028172 | test 0.029743 | epoch 0.17s | total 213.4s | lr 0.00082
E1189/10000 | train 0.028022 | test 0.029604 | epoch 0.17s | total 213.6s | lr 0.00082
E1190/10000 | train 0.028056 | test 0.029893 | epoch 0.17s | total 213.8s | lr 0.00082
E1191/10000 | train 0.028289 | test 0.029713 | epoch 0.17s | total 214.0s | lr 0.00081
E1192/10000 | train 0.028025 | test 0.029500 | epoch 0.17s | total 214.1s | lr 0.00081
E1193/10000 | train 0.027924 | test 0.029504 | epoch 0.17s | total 214.3s | lr 0.00081
E1194/10000 | train 0.027891 | test 0.029573 | epoch 0.17s | total 214.5s | lr 0.00081
E1195/10000 | train 0.027921 | test 0.029599 | epoch 0.17s | total 214.7s | lr 0.00081
E1196/10000 | train 0.027802 | test 0.029551 | epoch 0.17s | total 214.9s | lr 0.00081
E1197/10000 | train 0.027816 | test 0.029451 | epoch 0.17s | total 215.0s | lr 0.00081
E1198/10000 | train 0.027894 | test 0.029543 | epoch 0.17s | total 215.2s | lr 0.00081
E1199/10000 | train 0.027873 | test 0.029430 | epoch 0.17s | total 215.4s | lr 0.00081
E1200/10000 | train 0.027707 | test 0.029441 | epoch 0.17s | total 215.6s | lr 0.00081
E1201/10000 | train 0.027706 | test 0.029334 | epoch 0.17s | total 215.8s | lr 0.00080
E1202/10000 | train 0.027717 | test 0.029352 | epoch 0.17s | total 215.9s | lr 0.00080
E1203/10000 | train 0.027644 | test 0.029309 | epoch 0.17s | total 216.1s | lr 0.00080
E1204/10000 | train 0.027512 | test 0.029347 | epoch 0.17s | total 216.3s | lr 0.00080
E1205/10000 | train 0.027509 | test 0.029307 | epoch 0.18s | total 216.5s | lr 0.00080
E1206/10000 | train 0.027561 | test 0.029370 | epoch 0.17s | total 216.7s | lr 0.00080
E1207/10000 | train 0.027593 | test 0.029427 | epoch 0.17s | total 216.8s | lr 0.00080
E1208/10000 | train 0.027733 | test 0.029544 | epoch 0.17s | total 217.0s | lr 0.00080
E1209/10000 | train 0.027737 | test 0.029571 | epoch 0.17s | total 217.2s | lr 0.00080
E1210/10000 | train 0.027793 | test 0.029584 | epoch 0.17s | total 217.4s | lr 0.00080
E1211/10000 | train 0.027641 | test 0.029478 | epoch 0.17s | total 217.5s | lr 0.00080
E1212/10000 | train 0.027593 | test 0.029377 | epoch 0.18s | total 217.7s | lr 0.00079
E1213/10000 | train 0.027938 | test 0.029544 | epoch 0.17s | total 217.9s | lr 0.00079
E1214/10000 | train 0.027842 | test 0.029644 | epoch 0.17s | total 218.1s | lr 0.00079
E1215/10000 | train 0.027729 | test 0.029485 | epoch 0.17s | total 218.3s | lr 0.00079
E1216/10000 | train 0.027619 | test 0.029559 | epoch 0.17s | total 218.4s | lr 0.00079
E1217/10000 | train 0.027662 | test 0.029639 | epoch 0.17s | total 218.6s | lr 0.00079
E1218/10000 | train 0.027711 | test 0.029610 | epoch 0.17s | total 218.8s | lr 0.00079
E1219/10000 | train 0.027703 | test 0.029492 | epoch 0.17s | total 219.0s | lr 0.00079
E1220/10000 | train 0.027660 | test 0.029501 | epoch 0.17s | total 219.2s | lr 0.00079
E1221/10000 | train 0.027796 | test 0.029646 | epoch 0.17s | total 219.3s | lr 0.00079
E1222/10000 | train 0.027804 | test 0.029571 | epoch 0.17s | total 219.5s | lr 0.00079
E1223/10000 | train 0.027590 | test 0.029509 | epoch 0.17s | total 219.7s | lr 0.00078
E1224/10000 | train 0.027567 | test 0.029480 | epoch 0.17s | total 219.9s | lr 0.00078
E1225/10000 | train 0.027491 | test 0.029489 | epoch 0.17s | total 220.1s | lr 0.00078
E1226/10000 | train 0.027511 | test 0.029678 | epoch 0.17s | total 220.2s | lr 0.00078
E1227/10000 | train 0.027732 | test 0.029722 | epoch 0.17s | total 220.4s | lr 0.00078
E1228/10000 | train 0.028084 | test 0.029920 | epoch 0.17s | total 220.6s | lr 0.00078
E1229/10000 | train 0.028011 | test 0.029819 | epoch 0.17s | total 220.8s | lr 0.00078
E1230/10000 | train 0.027814 | test 0.029553 | epoch 0.17s | total 220.9s | lr 0.00078
E1231/10000 | train 0.027692 | test 0.029697 | epoch 0.17s | total 221.1s | lr 0.00078
E1232/10000 | train 0.027860 | test 0.029897 | epoch 0.17s | total 221.3s | lr 0.00078
E1233/10000 | train 0.028176 | test 0.029929 | epoch 0.17s | total 221.5s | lr 0.00078
E1234/10000 | train 0.028205 | test 0.029861 | epoch 0.17s | total 221.7s | lr 0.00077
E1235/10000 | train 0.027923 | test 0.029741 | epoch 0.17s | total 221.8s | lr 0.00077
E1236/10000 | train 0.027864 | test 0.029773 | epoch 0.17s | total 222.0s | lr 0.00077
E1237/10000 | train 0.027794 | test 0.029660 | epoch 0.17s | total 222.2s | lr 0.00077
E1238/10000 | train 0.027622 | test 0.029578 | epoch 0.17s | total 222.4s | lr 0.00077
E1239/10000 | train 0.027647 | test 0.029709 | epoch 0.17s | total 222.6s | lr 0.00077
E1240/10000 | train 0.027761 | test 0.029626 | epoch 0.17s | total 222.7s | lr 0.00077
E1241/10000 | train 0.027660 | test 0.029641 | epoch 0.17s | total 222.9s | lr 0.00077
E1242/10000 | train 0.027754 | test 0.029769 | epoch 0.17s | total 223.1s | lr 0.00077
E1243/10000 | train 0.027983 | test 0.029770 | epoch 0.17s | total 223.3s | lr 0.00077
E1244/10000 | train 0.027871 | test 0.029661 | epoch 0.17s | total 223.4s | lr 0.00076
E1245/10000 | train 0.027715 | test 0.029678 | epoch 0.17s | total 223.6s | lr 0.00076
E1246/10000 | train 0.027689 | test 0.029669 | epoch 0.17s | total 223.8s | lr 0.00076
E1247/10000 | train 0.027625 | test 0.029570 | epoch 0.17s | total 224.0s | lr 0.00076
E1248/10000 | train 0.027612 | test 0.029498 | epoch 0.17s | total 224.2s | lr 0.00076
E1249/10000 | train 0.027582 | test 0.029536 | epoch 0.17s | total 224.3s | lr 0.00076
E1250/10000 | train 0.027523 | test 0.029596 | epoch 0.17s | total 224.5s | lr 0.00076
E1251/10000 | train 0.027550 | test 0.029591 | epoch 0.17s | total 224.7s | lr 0.00076
E1252/10000 | train 0.027594 | test 0.029520 | epoch 0.17s | total 224.9s | lr 0.00076
E1253/10000 | train 0.027474 | test 0.029507 | epoch 0.17s | total 225.1s | lr 0.00076
E1254/10000 | train 0.027408 | test 0.029453 | epoch 0.17s | total 225.2s | lr 0.00076
E1255/10000 | train 0.027486 | test 0.029518 | epoch 0.17s | total 225.4s | lr 0.00075
E1256/10000 | train 0.027426 | test 0.029442 | epoch 0.17s | total 225.6s | lr 0.00075
E1257/10000 | train 0.027454 | test 0.029507 | epoch 0.17s | total 225.8s | lr 0.00075
E1258/10000 | train 0.027489 | test 0.029684 | epoch 0.17s | total 225.9s | lr 0.00075
E1259/10000 | train 0.027740 | test 0.029685 | epoch 0.17s | total 226.1s | lr 0.00075
E1260/10000 | train 0.027843 | test 0.029763 | epoch 0.17s | total 226.3s | lr 0.00075
E1261/10000 | train 0.027879 | test 0.029727 | epoch 0.17s | total 226.5s | lr 0.00075
E1262/10000 | train 0.027776 | test 0.029740 | epoch 0.17s | total 226.7s | lr 0.00075
E1263/10000 | train 0.027915 | test 0.029619 | epoch 0.17s | total 226.8s | lr 0.00075
E1264/10000 | train 0.027711 | test 0.029540 | epoch 0.17s | total 227.0s | lr 0.00075
E1265/10000 | train 0.027660 | test 0.029604 | epoch 0.17s | total 227.2s | lr 0.00075
E1266/10000 | train 0.027597 | test 0.029559 | epoch 0.17s | total 227.4s | lr 0.00074
E1267/10000 | train 0.027571 | test 0.029644 | epoch 0.17s | total 227.6s | lr 0.00074
E1268/10000 | train 0.027611 | test 0.029624 | epoch 0.17s | total 227.7s | lr 0.00074
E1269/10000 | train 0.027701 | test 0.029617 | epoch 0.17s | total 227.9s | lr 0.00074
E1270/10000 | train 0.027626 | test 0.029629 | epoch 0.17s | total 228.1s | lr 0.00074
E1271/10000 | train 0.027523 | test 0.029535 | epoch 0.17s | total 228.3s | lr 0.00074
E1272/10000 | train 0.027397 | test 0.029518 | epoch 0.17s | total 228.5s | lr 0.00074
E1273/10000 | train 0.027367 | test 0.029466 | epoch 0.17s | total 228.6s | lr 0.00074
E1274/10000 | train 0.027332 | test 0.029512 | epoch 0.17s | total 228.8s | lr 0.00074
E1275/10000 | train 0.027362 | test 0.029584 | epoch 0.17s | total 229.0s | lr 0.00074
E1276/10000 | train 0.027448 | test 0.029584 | epoch 0.17s | total 229.2s | lr 0.00073
E1277/10000 | train 0.027509 | test 0.029600 | epoch 0.17s | total 229.3s | lr 0.00073
E1278/10000 | train 0.027565 | test 0.029625 | epoch 0.17s | total 229.5s | lr 0.00073
E1279/10000 | train 0.027606 | test 0.029573 | epoch 0.17s | total 229.7s | lr 0.00073
E1280/10000 | train 0.027634 | test 0.029697 | epoch 0.17s | total 229.9s | lr 0.00073
E1281/10000 | train 0.027735 | test 0.029834 | epoch 0.17s | total 230.1s | lr 0.00073
E1282/10000 | train 0.027777 | test 0.029702 | epoch 0.17s | total 230.2s | lr 0.00073
E1283/10000 | train 0.027783 | test 0.029602 | epoch 0.17s | total 230.4s | lr 0.00073
E1284/10000 | train 0.027784 | test 0.029746 | epoch 0.17s | total 230.6s | lr 0.00073
E1285/10000 | train 0.027682 | test 0.029745 | epoch 0.17s | total 230.8s | lr 0.00073
E1286/10000 | train 0.027827 | test 0.029597 | epoch 0.17s | total 231.0s | lr 0.00073
E1287/10000 | train 0.027757 | test 0.029809 | epoch 0.17s | total 231.1s | lr 0.00072
E1288/10000 | train 0.027806 | test 0.029715 | epoch 0.17s | total 231.3s | lr 0.00072
E1289/10000 | train 0.027669 | test 0.029585 | epoch 0.17s | total 231.5s | lr 0.00072
E1290/10000 | train 0.027532 | test 0.029488 | epoch 0.17s | total 231.7s | lr 0.00072
E1291/10000 | train 0.027442 | test 0.029567 | epoch 0.17s | total 231.8s | lr 0.00072
E1292/10000 | train 0.027473 | test 0.029655 | epoch 0.17s | total 232.0s | lr 0.00072
E1293/10000 | train 0.027674 | test 0.029806 | epoch 0.17s | total 232.2s | lr 0.00072
E1294/10000 | train 0.027562 | test 0.029506 | epoch 0.17s | total 232.4s | lr 0.00072
E1295/10000 | train 0.027370 | test 0.029480 | epoch 0.17s | total 232.6s | lr 0.00072
E1296/10000 | train 0.027279 | test 0.029556 | epoch 0.17s | total 232.7s | lr 0.00072
E1297/10000 | train 0.027304 | test 0.029408 | epoch 0.17s | total 232.9s | lr 0.00072
E1298/10000 | train 0.027287 | test 0.029419 | epoch 0.17s | total 233.1s | lr 0.00071
E1299/10000 | train 0.027204 | test 0.029480 | epoch 0.17s | total 233.3s | lr 0.00071
E1300/10000 | train 0.027203 | test 0.029415 | epoch 0.17s | total 233.5s | lr 0.00071
E1301/10000 | train 0.027306 | test 0.029500 | epoch 0.17s | total 233.6s | lr 0.00071
E1302/10000 | train 0.027562 | test 0.029776 | epoch 0.17s | total 233.8s | lr 0.00071
E1303/10000 | train 0.027504 | test 0.029545 | epoch 0.17s | total 234.0s | lr 0.00071
E1304/10000 | train 0.027281 | test 0.029385 | epoch 0.17s | total 234.2s | lr 0.00071
E1305/10000 | train 0.027156 | test 0.029353 | epoch 0.17s | total 234.3s | lr 0.00071
E1306/10000 | train 0.027238 | test 0.029440 | epoch 0.17s | total 234.5s | lr 0.00071
E1307/10000 | train 0.027166 | test 0.029408 | epoch 0.17s | total 234.7s | lr 0.00071
E1308/10000 | train 0.027175 | test 0.029444 | epoch 0.17s | total 234.9s | lr 0.00070
E1309/10000 | train 0.027374 | test 0.029451 | epoch 0.17s | total 235.1s | lr 0.00070
E1310/10000 | train 0.027370 | test 0.029492 | epoch 0.17s | total 235.2s | lr 0.00070
E1311/10000 | train 0.027329 | test 0.029419 | epoch 0.17s | total 235.4s | lr 0.00070
E1312/10000 | train 0.027362 | test 0.029440 | epoch 0.17s | total 235.6s | lr 0.00070
E1313/10000 | train 0.027371 | test 0.029424 | epoch 0.17s | total 235.8s | lr 0.00070
E1314/10000 | train 0.027250 | test 0.029457 | epoch 0.17s | total 236.0s | lr 0.00070
E1315/10000 | train 0.027281 | test 0.029488 | epoch 0.17s | total 236.1s | lr 0.00070
E1316/10000 | train 0.027225 | test 0.029440 | epoch 0.17s | total 236.3s | lr 0.00070
E1317/10000 | train 0.027213 | test 0.029388 | epoch 0.17s | total 236.5s | lr 0.00070
E1318/10000 | train 0.027134 | test 0.029427 | epoch 0.17s | total 236.7s | lr 0.00070
E1319/10000 | train 0.027197 | test 0.029346 | epoch 0.17s | total 236.8s | lr 0.00069
E1320/10000 | train 0.027371 | test 0.029426 | epoch 0.17s | total 237.0s | lr 0.00069
E1321/10000 | train 0.027137 | test 0.029317 | epoch 0.17s | total 237.2s | lr 0.00069
E1322/10000 | train 0.027103 | test 0.029445 | epoch 0.17s | total 237.4s | lr 0.00069
E1323/10000 | train 0.027221 | test 0.029546 | epoch 0.17s | total 237.6s | lr 0.00069
E1324/10000 | train 0.027405 | test 0.029542 | epoch 0.17s | total 237.7s | lr 0.00069
E1325/10000 | train 0.027484 | test 0.029476 | epoch 0.17s | total 237.9s | lr 0.00069
E1326/10000 | train 0.027364 | test 0.029500 | epoch 0.17s | total 238.1s | lr 0.00069
E1327/10000 | train 0.027376 | test 0.029552 | epoch 0.17s | total 238.3s | lr 0.00069
E1328/10000 | train 0.027287 | test 0.029451 | epoch 0.17s | total 238.5s | lr 0.00069
E1329/10000 | train 0.027151 | test 0.029417 | epoch 0.17s | total 238.6s | lr 0.00069
E1330/10000 | train 0.027156 | test 0.029564 | epoch 0.17s | total 238.8s | lr 0.00068
E1331/10000 | train 0.027185 | test 0.029567 | epoch 0.17s | total 239.0s | lr 0.00068
E1332/10000 | train 0.027266 | test 0.029401 | epoch 0.17s | total 239.2s | lr 0.00068
E1333/10000 | train 0.027175 | test 0.029502 | epoch 0.17s | total 239.3s | lr 0.00068
E1334/10000 | train 0.027148 | test 0.029423 | epoch 0.17s | total 239.5s | lr 0.00068
E1335/10000 | train 0.027099 | test 0.029526 | epoch 0.17s | total 239.7s | lr 0.00068
E1336/10000 | train 0.027086 | test 0.029459 | epoch 0.17s | total 239.9s | lr 0.00068
E1337/10000 | train 0.027123 | test 0.029432 | epoch 0.17s | total 240.1s | lr 0.00068
E1338/10000 | train 0.027062 | test 0.029325 | epoch 0.17s | total 240.2s | lr 0.00068
E1339/10000 | train 0.027072 | test 0.029300 | epoch 0.17s | total 240.4s | lr 0.00068
E1340/10000 | train 0.027050 | test 0.029322 | epoch 0.18s | total 240.6s | lr 0.00067
E1341/10000 | train 0.026988 | test 0.029342 | epoch 0.17s | total 240.8s | lr 0.00067
E1342/10000 | train 0.027081 | test 0.029414 | epoch 0.17s | total 241.0s | lr 0.00067
E1343/10000 | train 0.027093 | test 0.029479 | epoch 0.17s | total 241.1s | lr 0.00067
E1344/10000 | train 0.027041 | test 0.029305 | epoch 0.17s | total 241.3s | lr 0.00067
E1345/10000 | train 0.026957 | test 0.029328 | epoch 0.17s | total 241.5s | lr 0.00067
E1346/10000 | train 0.027183 | test 0.029584 | epoch 0.17s | total 241.7s | lr 0.00067
E1347/10000 | train 0.027338 | test 0.029562 | epoch 0.17s | total 241.9s | lr 0.00067
E1348/10000 | train 0.027461 | test 0.029715 | epoch 0.17s | total 242.0s | lr 0.00067
E1349/10000 | train 0.027333 | test 0.029480 | epoch 0.17s | total 242.2s | lr 0.00067
E1350/10000 | train 0.027292 | test 0.029447 | epoch 0.17s | total 242.4s | lr 0.00067
E1351/10000 | train 0.027246 | test 0.029455 | epoch 0.17s | total 242.6s | lr 0.00066
E1352/10000 | train 0.027169 | test 0.029501 | epoch 0.17s | total 242.7s | lr 0.00066
E1353/10000 | train 0.027123 | test 0.029377 | epoch 0.17s | total 242.9s | lr 0.00066
E1354/10000 | train 0.027080 | test 0.029392 | epoch 0.17s | total 243.1s | lr 0.00066
E1355/10000 | train 0.027035 | test 0.029400 | epoch 0.17s | total 243.3s | lr 0.00066
E1356/10000 | train 0.026986 | test 0.029319 | epoch 0.17s | total 243.5s | lr 0.00066
E1357/10000 | train 0.026949 | test 0.029346 | epoch 0.17s | total 243.6s | lr 0.00066
E1358/10000 | train 0.026956 | test 0.029459 | epoch 0.17s | total 243.8s | lr 0.00066
E1359/10000 | train 0.027108 | test 0.029538 | epoch 0.17s | total 244.0s | lr 0.00066
E1360/10000 | train 0.027200 | test 0.029615 | epoch 0.17s | total 244.2s | lr 0.00066
E1361/10000 | train 0.027458 | test 0.029487 | epoch 0.17s | total 244.4s | lr 0.00066
E1362/10000 | train 0.027259 | test 0.029484 | epoch 0.17s | total 244.5s | lr 0.00065
E1363/10000 | train 0.027097 | test 0.029305 | epoch 0.17s | total 244.7s | lr 0.00065
E1364/10000 | train 0.026971 | test 0.029459 | epoch 0.17s | total 244.9s | lr 0.00065
E1365/10000 | train 0.026913 | test 0.029375 | epoch 0.17s | total 245.1s | lr 0.00065
E1366/10000 | train 0.026892 | test 0.029396 | epoch 0.17s | total 245.2s | lr 0.00065
E1367/10000 | train 0.026805 | test 0.029366 | epoch 0.17s | total 245.4s | lr 0.00065
E1368/10000 | train 0.026824 | test 0.029358 | epoch 0.18s | total 245.6s | lr 0.00065
E1369/10000 | train 0.026913 | test 0.029447 | epoch 0.17s | total 245.8s | lr 0.00065
E1370/10000 | train 0.026959 | test 0.029440 | epoch 0.17s | total 246.0s | lr 0.00065
E1371/10000 | train 0.026861 | test 0.029383 | epoch 0.17s | total 246.1s | lr 0.00065
E1372/10000 | train 0.026856 | test 0.029360 | epoch 0.17s | total 246.3s | lr 0.00065
E1373/10000 | train 0.026826 | test 0.029425 | epoch 0.17s | total 246.5s | lr 0.00064
E1374/10000 | train 0.026789 | test 0.029243 | epoch 0.17s | total 246.7s | lr 0.00064
E1375/10000 | train 0.026803 | test 0.029202 | epoch 0.17s | total 246.9s | lr 0.00064
E1376/10000 | train 0.026786 | test 0.029236 | epoch 0.17s | total 247.0s | lr 0.00064
E1377/10000 | train 0.026770 | test 0.029271 | epoch 0.17s | total 247.2s | lr 0.00064
E1378/10000 | train 0.026719 | test 0.029358 | epoch 0.17s | total 247.4s | lr 0.00064
E1379/10000 | train 0.026751 | test 0.029303 | epoch 0.17s | total 247.6s | lr 0.00064
E1380/10000 | train 0.026746 | test 0.029168 | epoch 0.17s | total 247.8s | lr 0.00064
E1381/10000 | train 0.026744 | test 0.029277 | epoch 0.17s | total 247.9s | lr 0.00064
E1382/10000 | train 0.026707 | test 0.029327 | epoch 0.17s | total 248.1s | lr 0.00064
E1383/10000 | train 0.026746 | test 0.029440 | epoch 0.17s | total 248.3s | lr 0.00064
E1384/10000 | train 0.026790 | test 0.029363 | epoch 0.17s | total 248.5s | lr 0.00063
E1385/10000 | train 0.026820 | test 0.029338 | epoch 0.17s | total 248.6s | lr 0.00063
E1386/10000 | train 0.026819 | test 0.029358 | epoch 0.17s | total 248.8s | lr 0.00063
E1387/10000 | train 0.026933 | test 0.029423 | epoch 0.17s | total 249.0s | lr 0.00063
E1388/10000 | train 0.026825 | test 0.029375 | epoch 0.17s | total 249.2s | lr 0.00063
E1389/10000 | train 0.026700 | test 0.029383 | epoch 0.17s | total 249.4s | lr 0.00063
E1390/10000 | train 0.026731 | test 0.029319 | epoch 0.17s | total 249.5s | lr 0.00063
E1391/10000 | train 0.026795 | test 0.029514 | epoch 0.17s | total 249.7s | lr 0.00063
E1392/10000 | train 0.026939 | test 0.029443 | epoch 0.17s | total 249.9s | lr 0.00063
E1393/10000 | train 0.026906 | test 0.029501 | epoch 0.17s | total 250.1s | lr 0.00063
E1394/10000 | train 0.026936 | test 0.029446 | epoch 0.17s | total 250.3s | lr 0.00062
E1395/10000 | train 0.026875 | test 0.029475 | epoch 0.17s | total 250.4s | lr 0.00062
E1396/10000 | train 0.027048 | test 0.029548 | epoch 0.17s | total 250.6s | lr 0.00062
E1397/10000 | train 0.027017 | test 0.029497 | epoch 0.17s | total 250.8s | lr 0.00062
E1398/10000 | train 0.027004 | test 0.029586 | epoch 0.17s | total 251.0s | lr 0.00062
E1399/10000 | train 0.026977 | test 0.029539 | epoch 0.17s | total 251.1s | lr 0.00062
E1400/10000 | train 0.026969 | test 0.029546 | epoch 0.17s | total 251.3s | lr 0.00062
E1401/10000 | train 0.026906 | test 0.029354 | epoch 0.17s | total 251.5s | lr 0.00062
E1402/10000 | train 0.026786 | test 0.029362 | epoch 0.17s | total 251.7s | lr 0.00062
E1403/10000 | train 0.026832 | test 0.029415 | epoch 0.17s | total 251.9s | lr 0.00062
E1404/10000 | train 0.026806 | test 0.029327 | epoch 0.17s | total 252.0s | lr 0.00062
E1405/10000 | train 0.026828 | test 0.029404 | epoch 0.17s | total 252.2s | lr 0.00061
E1406/10000 | train 0.026825 | test 0.029421 | epoch 0.17s | total 252.4s | lr 0.00061
E1407/10000 | train 0.026813 | test 0.029420 | epoch 0.17s | total 252.6s | lr 0.00061
E1408/10000 | train 0.026836 | test 0.029458 | epoch 0.17s | total 252.7s | lr 0.00061
E1409/10000 | train 0.026782 | test 0.029484 | epoch 0.17s | total 252.9s | lr 0.00061
E1410/10000 | train 0.026729 | test 0.029368 | epoch 0.17s | total 253.1s | lr 0.00061
E1411/10000 | train 0.026885 | test 0.029449 | epoch 0.17s | total 253.3s | lr 0.00061
E1412/10000 | train 0.026823 | test 0.029421 | epoch 0.17s | total 253.5s | lr 0.00061
E1413/10000 | train 0.026710 | test 0.029488 | epoch 0.17s | total 253.6s | lr 0.00061
E1414/10000 | train 0.026638 | test 0.029438 | epoch 0.17s | total 253.8s | lr 0.00061
E1415/10000 | train 0.026670 | test 0.029409 | epoch 0.17s | total 254.0s | lr 0.00061
E1416/10000 | train 0.026622 | test 0.029394 | epoch 0.17s | total 254.2s | lr 0.00060
E1417/10000 | train 0.026814 | test 0.029386 | epoch 0.17s | total 254.4s | lr 0.00060
E1418/10000 | train 0.026871 | test 0.029396 | epoch 0.17s | total 254.5s | lr 0.00060
E1419/10000 | train 0.026734 | test 0.029407 | epoch 0.17s | total 254.7s | lr 0.00060
E1420/10000 | train 0.026815 | test 0.029349 | epoch 0.17s | total 254.9s | lr 0.00060
E1421/10000 | train 0.026782 | test 0.029332 | epoch 0.17s | total 255.1s | lr 0.00060
E1422/10000 | train 0.027013 | test 0.029549 | epoch 0.17s | total 255.2s | lr 0.00060
E1423/10000 | train 0.027181 | test 0.029561 | epoch 0.17s | total 255.4s | lr 0.00060
E1424/10000 | train 0.027058 | test 0.029475 | epoch 0.17s | total 255.6s | lr 0.00060
E1425/10000 | train 0.027217 | test 0.029681 | epoch 0.17s | total 255.8s | lr 0.00060
E1426/10000 | train 0.027185 | test 0.029502 | epoch 0.17s | total 256.0s | lr 0.00060
E1427/10000 | train 0.027091 | test 0.029472 | epoch 0.17s | total 256.1s | lr 0.00059
E1428/10000 | train 0.027022 | test 0.029397 | epoch 0.17s | total 256.3s | lr 0.00059
E1429/10000 | train 0.026889 | test 0.029417 | epoch 0.17s | total 256.5s | lr 0.00059
E1430/10000 | train 0.026832 | test 0.029475 | epoch 0.17s | total 256.7s | lr 0.00059
E1431/10000 | train 0.026961 | test 0.029455 | epoch 0.17s | total 256.9s | lr 0.00059
E1432/10000 | train 0.026867 | test 0.029447 | epoch 0.17s | total 257.0s | lr 0.00059
E1433/10000 | train 0.026825 | test 0.029382 | epoch 0.17s | total 257.2s | lr 0.00059
E1434/10000 | train 0.026781 | test 0.029398 | epoch 0.17s | total 257.4s | lr 0.00059
E1435/10000 | train 0.026771 | test 0.029301 | epoch 0.17s | total 257.6s | lr 0.00059
E1436/10000 | train 0.026631 | test 0.029431 | epoch 0.17s | total 257.8s | lr 0.00059
E1437/10000 | train 0.026586 | test 0.029418 | epoch 0.17s | total 257.9s | lr 0.00059
E1438/10000 | train 0.026543 | test 0.029346 | epoch 0.17s | total 258.1s | lr 0.00058
E1439/10000 | train 0.026469 | test 0.029303 | epoch 0.17s | total 258.3s | lr 0.00058
E1440/10000 | train 0.026458 | test 0.029212 | epoch 0.17s | total 258.5s | lr 0.00058
E1441/10000 | train 0.026464 | test 0.029201 | epoch 0.17s | total 258.6s | lr 0.00058
E1442/10000 | train 0.026472 | test 0.029308 | epoch 0.17s | total 258.8s | lr 0.00058
E1443/10000 | train 0.026446 | test 0.029187 | epoch 0.17s | total 259.0s | lr 0.00058
E1444/10000 | train 0.026407 | test 0.029281 | epoch 0.17s | total 259.2s | lr 0.00058
E1445/10000 | train 0.026457 | test 0.029297 | epoch 0.17s | total 259.4s | lr 0.00058
E1446/10000 | train 0.026415 | test 0.029322 | epoch 0.17s | total 259.5s | lr 0.00058
E1447/10000 | train 0.026391 | test 0.029238 | epoch 0.18s | total 259.7s | lr 0.00058
E1448/10000 | train 0.026596 | test 0.029410 | epoch 0.17s | total 259.9s | lr 0.00058
E1449/10000 | train 0.026690 | test 0.029402 | epoch 0.17s | total 260.1s | lr 0.00057
E1450/10000 | train 0.026594 | test 0.029368 | epoch 0.17s | total 260.3s | lr 0.00057
E1451/10000 | train 0.026608 | test 0.029400 | epoch 0.17s | total 260.4s | lr 0.00057
E1452/10000 | train 0.026667 | test 0.029499 | epoch 0.17s | total 260.6s | lr 0.00057
E1453/10000 | train 0.026644 | test 0.029467 | epoch 0.17s | total 260.8s | lr 0.00057
E1454/10000 | train 0.026506 | test 0.029399 | epoch 0.17s | total 261.0s | lr 0.00057
E1455/10000 | train 0.026516 | test 0.029370 | epoch 0.17s | total 261.1s | lr 0.00057
E1456/10000 | train 0.026531 | test 0.029482 | epoch 0.17s | total 261.3s | lr 0.00057
E1457/10000 | train 0.026492 | test 0.029415 | epoch 0.17s | total 261.5s | lr 0.00057
E1458/10000 | train 0.026478 | test 0.029455 | epoch 0.17s | total 261.7s | lr 0.00057
E1459/10000 | train 0.026481 | test 0.029468 | epoch 0.17s | total 261.9s | lr 0.00057
E1460/10000 | train 0.026479 | test 0.029419 | epoch 0.17s | total 262.0s | lr 0.00056
E1461/10000 | train 0.026450 | test 0.029374 | epoch 0.17s | total 262.2s | lr 0.00056
E1462/10000 | train 0.026398 | test 0.029355 | epoch 0.17s | total 262.4s | lr 0.00056
E1463/10000 | train 0.026402 | test 0.029467 | epoch 0.17s | total 262.6s | lr 0.00056
E1464/10000 | train 0.026411 | test 0.029355 | epoch 0.17s | total 262.8s | lr 0.00056
E1465/10000 | train 0.026412 | test 0.029308 | epoch 0.17s | total 262.9s | lr 0.00056
E1466/10000 | train 0.026373 | test 0.029386 | epoch 0.17s | total 263.1s | lr 0.00056
E1467/10000 | train 0.026401 | test 0.029350 | epoch 0.17s | total 263.3s | lr 0.00056
E1468/10000 | train 0.026370 | test 0.029308 | epoch 0.17s | total 263.5s | lr 0.00056
E1469/10000 | train 0.026312 | test 0.029311 | epoch 0.17s | total 263.6s | lr 0.00056
E1470/10000 | train 0.026312 | test 0.029258 | epoch 0.17s | total 263.8s | lr 0.00056
E1471/10000 | train 0.026348 | test 0.029341 | epoch 0.17s | total 264.0s | lr 0.00055
E1472/10000 | train 0.026396 | test 0.029398 | epoch 0.17s | total 264.2s | lr 0.00055
E1473/10000 | train 0.026359 | test 0.029329 | epoch 0.17s | total 264.4s | lr 0.00055
E1474/10000 | train 0.026471 | test 0.029431 | epoch 0.17s | total 264.5s | lr 0.00055
E1475/10000 | train 0.026451 | test 0.029460 | epoch 0.17s | total 264.7s | lr 0.00055
E1476/10000 | train 0.026356 | test 0.029357 | epoch 0.17s | total 264.9s | lr 0.00055
E1477/10000 | train 0.026347 | test 0.029324 | epoch 0.17s | total 265.1s | lr 0.00055
E1478/10000 | train 0.026311 | test 0.029243 | epoch 0.17s | total 265.3s | lr 0.00055
E1479/10000 | train 0.026252 | test 0.029232 | epoch 0.17s | total 265.4s | lr 0.00055
E1480/10000 | train 0.026189 | test 0.029288 | epoch 0.17s | total 265.6s | lr 0.00055
E1481/10000 | train 0.026155 | test 0.029217 | epoch 0.17s | total 265.8s | lr 0.00055
E1482/10000 | train 0.026228 | test 0.029314 | epoch 0.17s | total 266.0s | lr 0.00054
E1483/10000 | train 0.026218 | test 0.029305 | epoch 0.17s | total 266.1s | lr 0.00054
E1484/10000 | train 0.026295 | test 0.029318 | epoch 0.17s | total 266.3s | lr 0.00054
E1485/10000 | train 0.026207 | test 0.029305 | epoch 0.17s | total 266.5s | lr 0.00054
E1486/10000 | train 0.026169 | test 0.029376 | epoch 0.17s | total 266.7s | lr 0.00054
E1487/10000 | train 0.026140 | test 0.029350 | epoch 0.17s | total 266.9s | lr 0.00054
E1488/10000 | train 0.026199 | test 0.029332 | epoch 0.17s | total 267.0s | lr 0.00054
E1489/10000 | train 0.026233 | test 0.029357 | epoch 0.17s | total 267.2s | lr 0.00054
E1490/10000 | train 0.026295 | test 0.029490 | epoch 0.17s | total 267.4s | lr 0.00054
E1491/10000 | train 0.026348 | test 0.029352 | epoch 0.17s | total 267.6s | lr 0.00054
E1492/10000 | train 0.026355 | test 0.029339 | epoch 0.17s | total 267.8s | lr 0.00054
E1493/10000 | train 0.026309 | test 0.029354 | epoch 0.17s | total 267.9s | lr 0.00053
E1494/10000 | train 0.026258 | test 0.029435 | epoch 0.17s | total 268.1s | lr 0.00053
E1495/10000 | train 0.026243 | test 0.029300 | epoch 0.17s | total 268.3s | lr 0.00053
E1496/10000 | train 0.026254 | test 0.029351 | epoch 0.17s | total 268.5s | lr 0.00053
E1497/10000 | train 0.026313 | test 0.029490 | epoch 0.17s | total 268.6s | lr 0.00053
E1498/10000 | train 0.026408 | test 0.029372 | epoch 0.17s | total 268.8s | lr 0.00053
E1499/10000 | train 0.026287 | test 0.029386 | epoch 0.17s | total 269.0s | lr 0.00053
E1500/10000 | train 0.026236 | test 0.029425 | epoch 0.17s | total 269.2s | lr 0.00053
E1501/10000 | train 0.026171 | test 0.029368 | epoch 0.17s | total 269.4s | lr 0.00053
E1502/10000 | train 0.026183 | test 0.029445 | epoch 0.18s | total 269.5s | lr 0.00053
E1503/10000 | train 0.026190 | test 0.029397 | epoch 0.17s | total 269.7s | lr 0.00053
E1504/10000 | train 0.026280 | test 0.029489 | epoch 0.17s | total 269.9s | lr 0.00053
E1505/10000 | train 0.026309 | test 0.029562 | epoch 0.17s | total 270.1s | lr 0.00052
E1506/10000 | train 0.026390 | test 0.029562 | epoch 0.17s | total 270.3s | lr 0.00052
E1507/10000 | train 0.026308 | test 0.029543 | epoch 0.17s | total 270.4s | lr 0.00052
E1508/10000 | train 0.026229 | test 0.029386 | epoch 0.17s | total 270.6s | lr 0.00052
E1509/10000 | train 0.026260 | test 0.029403 | epoch 0.17s | total 270.8s | lr 0.00052
E1510/10000 | train 0.026281 | test 0.029387 | epoch 0.17s | total 271.0s | lr 0.00052
E1511/10000 | train 0.026206 | test 0.029318 | epoch 0.17s | total 271.2s | lr 0.00052
E1512/10000 | train 0.026182 | test 0.029377 | epoch 0.17s | total 271.3s | lr 0.00052
E1513/10000 | train 0.026239 | test 0.029368 | epoch 0.17s | total 271.5s | lr 0.00052
E1514/10000 | train 0.026194 | test 0.029380 | epoch 0.17s | total 271.7s | lr 0.00052
E1515/10000 | train 0.026115 | test 0.029297 | epoch 0.19s | total 271.9s | lr 0.00052
E1516/10000 | train 0.026152 | test 0.029378 | epoch 0.18s | total 272.1s | lr 0.00051
E1517/10000 | train 0.026029 | test 0.029261 | epoch 0.18s | total 272.3s | lr 0.00051
E1518/10000 | train 0.026035 | test 0.029298 | epoch 0.17s | total 272.4s | lr 0.00051
E1519/10000 | train 0.026129 | test 0.029363 | epoch 0.17s | total 272.6s | lr 0.00051
E1520/10000 | train 0.026321 | test 0.029457 | epoch 0.17s | total 272.8s | lr 0.00051
E1521/10000 | train 0.026261 | test 0.029396 | epoch 0.17s | total 273.0s | lr 0.00051
E1522/10000 | train 0.026313 | test 0.029328 | epoch 0.17s | total 273.2s | lr 0.00051
E1523/10000 | train 0.026241 | test 0.029383 | epoch 0.17s | total 273.3s | lr 0.00051
E1524/10000 | train 0.026178 | test 0.029384 | epoch 0.17s | total 273.5s | lr 0.00051
E1525/10000 | train 0.026235 | test 0.029340 | epoch 0.18s | total 273.7s | lr 0.00051
E1526/10000 | train 0.026240 | test 0.029421 | epoch 0.17s | total 273.9s | lr 0.00051
E1527/10000 | train 0.026196 | test 0.029397 | epoch 0.17s | total 274.1s | lr 0.00050
E1528/10000 | train 0.026189 | test 0.029305 | epoch 0.17s | total 274.2s | lr 0.00050
E1529/10000 | train 0.026295 | test 0.029498 | epoch 0.17s | total 274.4s | lr 0.00050
E1530/10000 | train 0.026293 | test 0.029391 | epoch 0.17s | total 274.6s | lr 0.00050
E1531/10000 | train 0.026199 | test 0.029311 | epoch 0.17s | total 274.8s | lr 0.00050
E1532/10000 | train 0.026237 | test 0.029395 | epoch 0.17s | total 274.9s | lr 0.00050
E1533/10000 | train 0.026262 | test 0.029387 | epoch 0.17s | total 275.1s | lr 0.00050
E1534/10000 | train 0.026306 | test 0.029390 | epoch 0.17s | total 275.3s | lr 0.00050
E1535/10000 | train 0.026350 | test 0.029430 | epoch 0.17s | total 275.5s | lr 0.00050
E1536/10000 | train 0.026206 | test 0.029382 | epoch 0.17s | total 275.7s | lr 0.00050
E1537/10000 | train 0.026341 | test 0.029445 | epoch 0.17s | total 275.8s | lr 0.00050
E1538/10000 | train 0.026229 | test 0.029444 | epoch 0.17s | total 276.0s | lr 0.00049
E1539/10000 | train 0.026355 | test 0.029346 | epoch 0.17s | total 276.2s | lr 0.00049
E1540/10000 | train 0.026305 | test 0.029380 | epoch 0.17s | total 276.4s | lr 0.00049
E1541/10000 | train 0.026221 | test 0.029450 | epoch 0.17s | total 276.6s | lr 0.00049
E1542/10000 | train 0.026287 | test 0.029445 | epoch 0.17s | total 276.7s | lr 0.00049
E1543/10000 | train 0.026254 | test 0.029474 | epoch 0.17s | total 276.9s | lr 0.00049
E1544/10000 | train 0.026285 | test 0.029520 | epoch 0.17s | total 277.1s | lr 0.00049
E1545/10000 | train 0.026279 | test 0.029515 | epoch 0.17s | total 277.3s | lr 0.00049
E1546/10000 | train 0.026148 | test 0.029424 | epoch 0.17s | total 277.4s | lr 0.00049
E1547/10000 | train 0.026141 | test 0.029417 | epoch 0.17s | total 277.6s | lr 0.00049
E1548/10000 | train 0.026048 | test 0.029523 | epoch 0.17s | total 277.8s | lr 0.00049
E1549/10000 | train 0.026022 | test 0.029470 | epoch 0.17s | total 278.0s | lr 0.00049
E1550/10000 | train 0.026126 | test 0.029456 | epoch 0.17s | total 278.2s | lr 0.00048
E1551/10000 | train 0.026054 | test 0.029427 | epoch 0.17s | total 278.3s | lr 0.00048
E1552/10000 | train 0.026172 | test 0.029540 | epoch 0.17s | total 278.5s | lr 0.00048
E1553/10000 | train 0.026261 | test 0.029516 | epoch 0.17s | total 278.7s | lr 0.00048
E1554/10000 | train 0.026175 | test 0.029425 | epoch 0.17s | total 278.9s | lr 0.00048
E1555/10000 | train 0.026160 | test 0.029463 | epoch 0.17s | total 279.1s | lr 0.00048
E1556/10000 | train 0.026157 | test 0.029463 | epoch 0.17s | total 279.2s | lr 0.00048
E1557/10000 | train 0.026154 | test 0.029443 | epoch 0.17s | total 279.4s | lr 0.00048
E1558/10000 | train 0.026122 | test 0.029455 | epoch 0.17s | total 279.6s | lr 0.00048
E1559/10000 | train 0.026036 | test 0.029457 | epoch 0.17s | total 279.8s | lr 0.00048
E1560/10000 | train 0.025995 | test 0.029421 | epoch 0.17s | total 279.9s | lr 0.00048
E1561/10000 | train 0.026006 | test 0.029349 | epoch 0.17s | total 280.1s | lr 0.00047
E1562/10000 | train 0.025961 | test 0.029350 | epoch 0.17s | total 280.3s | lr 0.00047
E1563/10000 | train 0.025923 | test 0.029349 | epoch 0.17s | total 280.5s | lr 0.00047
E1564/10000 | train 0.025920 | test 0.029386 | epoch 0.17s | total 280.7s | lr 0.00047
E1565/10000 | train 0.025991 | test 0.029360 | epoch 0.17s | total 280.8s | lr 0.00047
E1566/10000 | train 0.025985 | test 0.029413 | epoch 0.17s | total 281.0s | lr 0.00047
E1567/10000 | train 0.026041 | test 0.029352 | epoch 0.17s | total 281.2s | lr 0.00047
E1568/10000 | train 0.026132 | test 0.029377 | epoch 0.17s | total 281.4s | lr 0.00047
E1569/10000 | train 0.026123 | test 0.029437 | epoch 0.17s | total 281.6s | lr 0.00047
E1570/10000 | train 0.026075 | test 0.029362 | epoch 0.17s | total 281.7s | lr 0.00047
E1571/10000 | train 0.025939 | test 0.029391 | epoch 0.17s | total 281.9s | lr 0.00047
E1572/10000 | train 0.025940 | test 0.029393 | epoch 0.17s | total 282.1s | lr 0.00047
E1573/10000 | train 0.026021 | test 0.029398 | epoch 0.17s | total 282.3s | lr 0.00046
E1574/10000 | train 0.025963 | test 0.029363 | epoch 0.17s | total 282.4s | lr 0.00046
E1575/10000 | train 0.025976 | test 0.029368 | epoch 0.17s | total 282.6s | lr 0.00046
E1576/10000 | train 0.026119 | test 0.029394 | epoch 0.17s | total 282.8s | lr 0.00046
E1577/10000 | train 0.026116 | test 0.029409 | epoch 0.17s | total 283.0s | lr 0.00046
E1578/10000 | train 0.026103 | test 0.029395 | epoch 0.17s | total 283.2s | lr 0.00046
E1579/10000 | train 0.026020 | test 0.029441 | epoch 0.17s | total 283.3s | lr 0.00046
E1580/10000 | train 0.026009 | test 0.029524 | epoch 0.17s | total 283.5s | lr 0.00046
E1581/10000 | train 0.026109 | test 0.029509 | epoch 0.17s | total 283.7s | lr 0.00046
E1582/10000 | train 0.026133 | test 0.029560 | epoch 0.17s | total 283.9s | lr 0.00046
E1583/10000 | train 0.026102 | test 0.029543 | epoch 0.17s | total 284.0s | lr 0.00046
E1584/10000 | train 0.026021 | test 0.029463 | epoch 0.17s | total 284.2s | lr 0.00046
E1585/10000 | train 0.026007 | test 0.029497 | epoch 0.17s | total 284.4s | lr 0.00045
E1586/10000 | train 0.026031 | test 0.029510 | epoch 0.17s | total 284.6s | lr 0.00045
E1587/10000 | train 0.026013 | test 0.029474 | epoch 0.17s | total 284.8s | lr 0.00045
E1588/10000 | train 0.025963 | test 0.029383 | epoch 0.17s | total 284.9s | lr 0.00045
E1589/10000 | train 0.025952 | test 0.029323 | epoch 0.17s | total 285.1s | lr 0.00045
E1590/10000 | train 0.025877 | test 0.029429 | epoch 0.17s | total 285.3s | lr 0.00045
E1591/10000 | train 0.025900 | test 0.029310 | epoch 0.17s | total 285.5s | lr 0.00045
E1592/10000 | train 0.025819 | test 0.029331 | epoch 0.17s | total 285.6s | lr 0.00045
E1593/10000 | train 0.025807 | test 0.029316 | epoch 0.17s | total 285.8s | lr 0.00045
E1594/10000 | train 0.025807 | test 0.029431 | epoch 0.17s | total 286.0s | lr 0.00045
E1595/10000 | train 0.025969 | test 0.029514 | epoch 0.17s | total 286.2s | lr 0.00045
E1596/10000 | train 0.025885 | test 0.029452 | epoch 0.17s | total 286.4s | lr 0.00044
E1597/10000 | train 0.025859 | test 0.029410 | epoch 0.17s | total 286.5s | lr 0.00044
E1598/10000 | train 0.025845 | test 0.029438 | epoch 0.17s | total 286.7s | lr 0.00044
E1599/10000 | train 0.025798 | test 0.029471 | epoch 0.17s | total 286.9s | lr 0.00044
E1600/10000 | train 0.025777 | test 0.029485 | epoch 0.17s | total 287.1s | lr 0.00044
E1601/10000 | train 0.025947 | test 0.029481 | epoch 0.17s | total 287.2s | lr 0.00044
E1602/10000 | train 0.025993 | test 0.029568 | epoch 0.17s | total 287.4s | lr 0.00044
E1603/10000 | train 0.025958 | test 0.029512 | epoch 0.17s | total 287.6s | lr 0.00044
E1604/10000 | train 0.025955 | test 0.029457 | epoch 0.17s | total 287.8s | lr 0.00044
E1605/10000 | train 0.025988 | test 0.029446 | epoch 0.17s | total 288.0s | lr 0.00044
E1606/10000 | train 0.025900 | test 0.029516 | epoch 0.17s | total 288.1s | lr 0.00044
E1607/10000 | train 0.025925 | test 0.029417 | epoch 0.17s | total 288.3s | lr 0.00044
E1608/10000 | train 0.025899 | test 0.029445 | epoch 0.17s | total 288.5s | lr 0.00043
E1609/10000 | train 0.026067 | test 0.029475 | epoch 0.17s | total 288.7s | lr 0.00043
E1610/10000 | train 0.026013 | test 0.029504 | epoch 0.17s | total 288.8s | lr 0.00043
E1611/10000 | train 0.025875 | test 0.029572 | epoch 0.17s | total 289.0s | lr 0.00043
E1612/10000 | train 0.025913 | test 0.029578 | epoch 0.17s | total 289.2s | lr 0.00043
E1613/10000 | train 0.025914 | test 0.029544 | epoch 0.17s | total 289.4s | lr 0.00043
E1614/10000 | train 0.025898 | test 0.029529 | epoch 0.17s | total 289.6s | lr 0.00043
E1615/10000 | train 0.025984 | test 0.029605 | epoch 0.17s | total 289.7s | lr 0.00043
E1616/10000 | train 0.026155 | test 0.029632 | epoch 0.17s | total 289.9s | lr 0.00043
E1617/10000 | train 0.026116 | test 0.029557 | epoch 0.17s | total 290.1s | lr 0.00043
E1618/10000 | train 0.026062 | test 0.029549 | epoch 0.17s | total 290.3s | lr 0.00043
E1619/10000 | train 0.026140 | test 0.029752 | epoch 0.17s | total 290.4s | lr 0.00043
E1620/10000 | train 0.026232 | test 0.029540 | epoch 0.17s | total 290.6s | lr 0.00042
E1621/10000 | train 0.025917 | test 0.029567 | epoch 0.17s | total 290.8s | lr 0.00042
E1622/10000 | train 0.025912 | test 0.029545 | epoch 0.17s | total 291.0s | lr 0.00042
E1623/10000 | train 0.025982 | test 0.029557 | epoch 0.17s | total 291.2s | lr 0.00042
E1624/10000 | train 0.026008 | test 0.029601 | epoch 0.17s | total 291.3s | lr 0.00042
E1625/10000 | train 0.025946 | test 0.029506 | epoch 0.17s | total 291.5s | lr 0.00042
E1626/10000 | train 0.025980 | test 0.029498 | epoch 0.17s | total 291.7s | lr 0.00042
E1627/10000 | train 0.025994 | test 0.029601 | epoch 0.17s | total 291.9s | lr 0.00042
E1628/10000 | train 0.025995 | test 0.029564 | epoch 0.17s | total 292.0s | lr 0.00042
E1629/10000 | train 0.025976 | test 0.029589 | epoch 0.17s | total 292.2s | lr 0.00042
E1630/10000 | train 0.025989 | test 0.029503 | epoch 0.17s | total 292.4s | lr 0.00042
E1631/10000 | train 0.025913 | test 0.029538 | epoch 0.17s | total 292.6s | lr 0.00042
E1632/10000 | train 0.025868 | test 0.029543 | epoch 0.17s | total 292.8s | lr 0.00041
E1633/10000 | train 0.025937 | test 0.029506 | epoch 0.17s | total 292.9s | lr 0.00041
E1634/10000 | train 0.025925 | test 0.029456 | epoch 0.17s | total 293.1s | lr 0.00041
E1635/10000 | train 0.025854 | test 0.029539 | epoch 0.17s | total 293.3s | lr 0.00041
E1636/10000 | train 0.025889 | test 0.029512 | epoch 0.17s | total 293.5s | lr 0.00041
E1637/10000 | train 0.025874 | test 0.029531 | epoch 0.17s | total 293.6s | lr 0.00041
E1638/10000 | train 0.025839 | test 0.029467 | epoch 0.17s | total 293.8s | lr 0.00041
E1639/10000 | train 0.025820 | test 0.029449 | epoch 0.17s | total 294.0s | lr 0.00041
E1640/10000 | train 0.025820 | test 0.029559 | epoch 0.17s | total 294.2s | lr 0.00041
E1641/10000 | train 0.025882 | test 0.029514 | epoch 0.17s | total 294.4s | lr 0.00041
E1642/10000 | train 0.025815 | test 0.029521 | epoch 0.17s | total 294.5s | lr 0.00041
E1643/10000 | train 0.025799 | test 0.029515 | epoch 0.17s | total 294.7s | lr 0.00041
E1644/10000 | train 0.025780 | test 0.029501 | epoch 0.17s | total 294.9s | lr 0.00040
E1645/10000 | train 0.025800 | test 0.029484 | epoch 0.17s | total 295.1s | lr 0.00040
E1646/10000 | train 0.025753 | test 0.029468 | epoch 0.17s | total 295.2s | lr 0.00040
E1647/10000 | train 0.025692 | test 0.029565 | epoch 0.17s | total 295.4s | lr 0.00040
E1648/10000 | train 0.025757 | test 0.029509 | epoch 0.17s | total 295.6s | lr 0.00040
E1649/10000 | train 0.025736 | test 0.029556 | epoch 0.17s | total 295.8s | lr 0.00040
E1650/10000 | train 0.025683 | test 0.029447 | epoch 0.17s | total 296.0s | lr 0.00040
E1651/10000 | train 0.025677 | test 0.029451 | epoch 0.17s | total 296.1s | lr 0.00040
E1652/10000 | train 0.025722 | test 0.029543 | epoch 0.18s | total 296.3s | lr 0.00040
E1653/10000 | train 0.025699 | test 0.029517 | epoch 0.17s | total 296.5s | lr 0.00040
E1654/10000 | train 0.025728 | test 0.029538 | epoch 0.17s | total 296.7s | lr 0.00040
E1655/10000 | train 0.025685 | test 0.029483 | epoch 0.17s | total 296.9s | lr 0.00040
E1656/10000 | train 0.025659 | test 0.029531 | epoch 0.17s | total 297.0s | lr 0.00039
E1657/10000 | train 0.025608 | test 0.029421 | epoch 0.17s | total 297.2s | lr 0.00039
E1658/10000 | train 0.025580 | test 0.029464 | epoch 0.17s | total 297.4s | lr 0.00039
E1659/10000 | train 0.025554 | test 0.029469 | epoch 0.17s | total 297.6s | lr 0.00039
E1660/10000 | train 0.025544 | test 0.029566 | epoch 0.17s | total 297.8s | lr 0.00039
E1661/10000 | train 0.025596 | test 0.029615 | epoch 0.17s | total 297.9s | lr 0.00039
E1662/10000 | train 0.025588 | test 0.029562 | epoch 0.17s | total 298.1s | lr 0.00039
E1663/10000 | train 0.025702 | test 0.029599 | epoch 0.17s | total 298.3s | lr 0.00039
E1664/10000 | train 0.025702 | test 0.029536 | epoch 0.17s | total 298.5s | lr 0.00039
E1665/10000 | train 0.025659 | test 0.029591 | epoch 0.17s | total 298.6s | lr 0.00039
E1666/10000 | train 0.025689 | test 0.029594 | epoch 0.17s | total 298.8s | lr 0.00039
E1667/10000 | train 0.025624 | test 0.029541 | epoch 0.17s | total 299.0s | lr 0.00039
E1668/10000 | train 0.025579 | test 0.029579 | epoch 0.17s | total 299.2s | lr 0.00038
E1669/10000 | train 0.025583 | test 0.029607 | epoch 0.17s | total 299.4s | lr 0.00038
E1670/10000 | train 0.025651 | test 0.029621 | epoch 0.18s | total 299.5s | lr 0.00038
E1671/10000 | train 0.025569 | test 0.029541 | epoch 0.17s | total 299.7s | lr 0.00038
E1672/10000 | train 0.025623 | test 0.029584 | epoch 0.17s | total 299.9s | lr 0.00038
E1673/10000 | train 0.025609 | test 0.029549 | epoch 0.17s | total 300.1s | lr 0.00038
E1674/10000 | train 0.025637 | test 0.029588 | epoch 0.17s | total 300.3s | lr 0.00038
E1675/10000 | train 0.025629 | test 0.029564 | epoch 0.17s | total 300.4s | lr 0.00038
E1676/10000 | train 0.025693 | test 0.029597 | epoch 0.17s | total 300.6s | lr 0.00038
E1677/10000 | train 0.025659 | test 0.029578 | epoch 0.17s | total 300.8s | lr 0.00038
E1678/10000 | train 0.025618 | test 0.029536 | epoch 0.17s | total 301.0s | lr 0.00038
E1679/10000 | train 0.025623 | test 0.029509 | epoch 0.18s | total 301.2s | lr 0.00038
E1680/10000 | train 0.025662 | test 0.029476 | epoch 0.17s | total 301.3s | lr 0.00038
E1681/10000 | train 0.025620 | test 0.029545 | epoch 0.17s | total 301.5s | lr 0.00037
E1682/10000 | train 0.025606 | test 0.029606 | epoch 0.17s | total 301.7s | lr 0.00037
E1683/10000 | train 0.025686 | test 0.029517 | epoch 0.17s | total 301.9s | lr 0.00037
E1684/10000 | train 0.025586 | test 0.029481 | epoch 0.17s | total 302.1s | lr 0.00037
E1685/10000 | train 0.025605 | test 0.029561 | epoch 0.17s | total 302.2s | lr 0.00037
E1686/10000 | train 0.025588 | test 0.029535 | epoch 0.18s | total 302.4s | lr 0.00037
E1687/10000 | train 0.025616 | test 0.029517 | epoch 0.18s | total 302.6s | lr 0.00037
E1688/10000 | train 0.025593 | test 0.029482 | epoch 0.17s | total 302.8s | lr 0.00037
E1689/10000 | train 0.025545 | test 0.029481 | epoch 0.17s | total 303.0s | lr 0.00037
E1690/10000 | train 0.025504 | test 0.029528 | epoch 0.17s | total 303.1s | lr 0.00037
E1691/10000 | train 0.025492 | test 0.029550 | epoch 0.17s | total 303.3s | lr 0.00037
E1692/10000 | train 0.025500 | test 0.029542 | epoch 0.17s | total 303.5s | lr 0.00037
E1693/10000 | train 0.025447 | test 0.029517 | epoch 0.17s | total 303.7s | lr 0.00036
E1694/10000 | train 0.025437 | test 0.029522 | epoch 0.17s | total 303.9s | lr 0.00036
E1695/10000 | train 0.025413 | test 0.029583 | epoch 0.17s | total 304.0s | lr 0.00036
E1696/10000 | train 0.025407 | test 0.029488 | epoch 0.17s | total 304.2s | lr 0.00036
E1697/10000 | train 0.025422 | test 0.029573 | epoch 0.18s | total 304.4s | lr 0.00036
E1698/10000 | train 0.025424 | test 0.029640 | epoch 0.17s | total 304.6s | lr 0.00036
E1699/10000 | train 0.025528 | test 0.029674 | epoch 0.17s | total 304.8s | lr 0.00036
E1700/10000 | train 0.025536 | test 0.029633 | epoch 0.17s | total 305.0s | lr 0.00036
E1701/10000 | train 0.025633 | test 0.029669 | epoch 0.17s | total 305.1s | lr 0.00036
E1702/10000 | train 0.025588 | test 0.029538 | epoch 0.17s | total 305.3s | lr 0.00036
E1703/10000 | train 0.025500 | test 0.029556 | epoch 0.17s | total 305.5s | lr 0.00036
E1704/10000 | train 0.025438 | test 0.029547 | epoch 0.17s | total 305.7s | lr 0.00036
E1705/10000 | train 0.025402 | test 0.029607 | epoch 0.17s | total 305.9s | lr 0.00036
E1706/10000 | train 0.025435 | test 0.029581 | epoch 0.17s | total 306.0s | lr 0.00035
E1707/10000 | train 0.025433 | test 0.029569 | epoch 0.18s | total 306.2s | lr 0.00035
E1708/10000 | train 0.025390 | test 0.029550 | epoch 0.17s | total 306.4s | lr 0.00035
E1709/10000 | train 0.025369 | test 0.029541 | epoch 0.17s | total 306.6s | lr 0.00035
E1710/10000 | train 0.025353 | test 0.029574 | epoch 0.17s | total 306.8s | lr 0.00035
E1711/10000 | train 0.025336 | test 0.029601 | epoch 0.17s | total 306.9s | lr 0.00035
E1712/10000 | train 0.025316 | test 0.029632 | epoch 0.17s | total 307.1s | lr 0.00035
E1713/10000 | train 0.025332 | test 0.029635 | epoch 0.17s | total 307.3s | lr 0.00035
E1714/10000 | train 0.025313 | test 0.029709 | epoch 0.17s | total 307.5s | lr 0.00035
E1715/10000 | train 0.025303 | test 0.029653 | epoch 0.17s | total 307.7s | lr 0.00035
E1716/10000 | train 0.025352 | test 0.029695 | epoch 0.17s | total 307.8s | lr 0.00035
E1717/10000 | train 0.025429 | test 0.029707 | epoch 0.17s | total 308.0s | lr 0.00035
E1718/10000 | train 0.025407 | test 0.029650 | epoch 0.17s | total 308.2s | lr 0.00034
E1719/10000 | train 0.025378 | test 0.029731 | epoch 0.17s | total 308.4s | lr 0.00034
E1720/10000 | train 0.025351 | test 0.029733 | epoch 0.17s | total 308.6s | lr 0.00034
E1721/10000 | train 0.025389 | test 0.029735 | epoch 0.17s | total 308.7s | lr 0.00034
E1722/10000 | train 0.025362 | test 0.029677 | epoch 0.17s | total 308.9s | lr 0.00034
E1723/10000 | train 0.025417 | test 0.029614 | epoch 0.17s | total 309.1s | lr 0.00034
E1724/10000 | train 0.025461 | test 0.029732 | epoch 0.17s | total 309.3s | lr 0.00034
E1725/10000 | train 0.025492 | test 0.029688 | epoch 0.17s | total 309.4s | lr 0.00034
E1726/10000 | train 0.025456 | test 0.029638 | epoch 0.17s | total 309.6s | lr 0.00034
E1727/10000 | train 0.025436 | test 0.029632 | epoch 0.18s | total 309.8s | lr 0.00034
E1728/10000 | train 0.025474 | test 0.029647 | epoch 0.17s | total 310.0s | lr 0.00034
E1729/10000 | train 0.025418 | test 0.029574 | epoch 0.17s | total 310.2s | lr 0.00034
E1730/10000 | train 0.025344 | test 0.029607 | epoch 0.17s | total 310.3s | lr 0.00034
E1731/10000 | train 0.025307 | test 0.029562 | epoch 0.17s | total 310.5s | lr 0.00033
E1732/10000 | train 0.025321 | test 0.029495 | epoch 0.17s | total 310.7s | lr 0.00033
E1733/10000 | train 0.025356 | test 0.029566 | epoch 0.17s | total 310.9s | lr 0.00033
E1734/10000 | train 0.025331 | test 0.029630 | epoch 0.17s | total 311.1s | lr 0.00033
E1735/10000 | train 0.025312 | test 0.029618 | epoch 0.17s | total 311.2s | lr 0.00033
E1736/10000 | train 0.025320 | test 0.029575 | epoch 0.17s | total 311.4s | lr 0.00033
E1737/10000 | train 0.025267 | test 0.029599 | epoch 0.18s | total 311.6s | lr 0.00033
E1738/10000 | train 0.025262 | test 0.029571 | epoch 0.17s | total 311.8s | lr 0.00033
E1739/10000 | train 0.025243 | test 0.029584 | epoch 0.17s | total 311.9s | lr 0.00033
E1740/10000 | train 0.025260 | test 0.029595 | epoch 0.17s | total 312.1s | lr 0.00033
E1741/10000 | train 0.025196 | test 0.029565 | epoch 0.17s | total 312.3s | lr 0.00033
E1742/10000 | train 0.025236 | test 0.029565 | epoch 0.17s | total 312.5s | lr 0.00033
E1743/10000 | train 0.025255 | test 0.029532 | epoch 0.17s | total 312.7s | lr 0.00033
E1744/10000 | train 0.025278 | test 0.029491 | epoch 0.17s | total 312.8s | lr 0.00032
E1745/10000 | train 0.025208 | test 0.029581 | epoch 0.17s | total 313.0s | lr 0.00032
E1746/10000 | train 0.025211 | test 0.029596 | epoch 0.17s | total 313.2s | lr 0.00032
E1747/10000 | train 0.025168 | test 0.029570 | epoch 0.17s | total 313.4s | lr 0.00032
E1748/10000 | train 0.025141 | test 0.029553 | epoch 0.17s | total 313.5s | lr 0.00032
E1749/10000 | train 0.025165 | test 0.029556 | epoch 0.17s | total 313.7s | lr 0.00032
E1750/10000 | train 0.025133 | test 0.029533 | epoch 0.17s | total 313.9s | lr 0.00032
E1751/10000 | train 0.025166 | test 0.029603 | epoch 0.17s | total 314.1s | lr 0.00032
E1752/10000 | train 0.025234 | test 0.029594 | epoch 0.17s | total 314.3s | lr 0.00032
E1753/10000 | train 0.025206 | test 0.029609 | epoch 0.17s | total 314.4s | lr 0.00032
E1754/10000 | train 0.025218 | test 0.029618 | epoch 0.17s | total 314.6s | lr 0.00032
E1755/10000 | train 0.025216 | test 0.029630 | epoch 0.17s | total 314.8s | lr 0.00032
E1756/10000 | train 0.025245 | test 0.029655 | epoch 0.17s | total 315.0s | lr 0.00032
E1757/10000 | train 0.025304 | test 0.029585 | epoch 0.17s | total 315.2s | lr 0.00031
E1758/10000 | train 0.025254 | test 0.029572 | epoch 0.17s | total 315.3s | lr 0.00031
E1759/10000 | train 0.025321 | test 0.029618 | epoch 0.17s | total 315.5s | lr 0.00031
E1760/10000 | train 0.025255 | test 0.029682 | epoch 0.17s | total 315.7s | lr 0.00031
E1761/10000 | train 0.025210 | test 0.029552 | epoch 0.17s | total 315.9s | lr 0.00031
E1762/10000 | train 0.025301 | test 0.029646 | epoch 0.17s | total 316.0s | lr 0.00031
E1763/10000 | train 0.025269 | test 0.029656 | epoch 0.17s | total 316.2s | lr 0.00031
E1764/10000 | train 0.025166 | test 0.029647 | epoch 0.17s | total 316.4s | lr 0.00031
E1765/10000 | train 0.025220 | test 0.029691 | epoch 0.17s | total 316.6s | lr 0.00031
E1766/10000 | train 0.025293 | test 0.029706 | epoch 0.17s | total 316.8s | lr 0.00031
E1767/10000 | train 0.025272 | test 0.029698 | epoch 0.17s | total 316.9s | lr 0.00031
E1768/10000 | train 0.025242 | test 0.029668 | epoch 0.17s | total 317.1s | lr 0.00031
E1769/10000 | train 0.025227 | test 0.029662 | epoch 0.17s | total 317.3s | lr 0.00031
E1770/10000 | train 0.025221 | test 0.029709 | epoch 0.17s | total 317.5s | lr 0.00031
E1771/10000 | train 0.025219 | test 0.029681 | epoch 0.17s | total 317.6s | lr 0.00030
E1772/10000 | train 0.025222 | test 0.029710 | epoch 0.17s | total 317.8s | lr 0.00030
E1773/10000 | train 0.025233 | test 0.029619 | epoch 0.17s | total 318.0s | lr 0.00030
E1774/10000 | train 0.025319 | test 0.029686 | epoch 0.17s | total 318.2s | lr 0.00030
E1775/10000 | train 0.025296 | test 0.029660 | epoch 0.17s | total 318.4s | lr 0.00030
E1776/10000 | train 0.025201 | test 0.029676 | epoch 0.17s | total 318.5s | lr 0.00030
E1777/10000 | train 0.025285 | test 0.029623 | epoch 0.17s | total 318.7s | lr 0.00030
E1778/10000 | train 0.025254 | test 0.029632 | epoch 0.17s | total 318.9s | lr 0.00030
E1779/10000 | train 0.025212 | test 0.029663 | epoch 0.17s | total 319.1s | lr 0.00030
E1780/10000 | train 0.025237 | test 0.029674 | epoch 0.17s | total 319.2s | lr 0.00030
E1781/10000 | train 0.025190 | test 0.029656 | epoch 0.17s | total 319.4s | lr 0.00030
E1782/10000 | train 0.025149 | test 0.029708 | epoch 0.17s | total 319.6s | lr 0.00030
E1783/10000 | train 0.025241 | test 0.029755 | epoch 0.17s | total 319.8s | lr 0.00030
E1784/10000 | train 0.025209 | test 0.029708 | epoch 0.17s | total 320.0s | lr 0.00029
E1785/10000 | train 0.025139 | test 0.029716 | epoch 0.17s | total 320.1s | lr 0.00029
E1786/10000 | train 0.025119 | test 0.029682 | epoch 0.17s | total 320.3s | lr 0.00029
E1787/10000 | train 0.025049 | test 0.029736 | epoch 0.17s | total 320.5s | lr 0.00029
E1788/10000 | train 0.025104 | test 0.029657 | epoch 0.17s | total 320.7s | lr 0.00029
E1789/10000 | train 0.025185 | test 0.029739 | epoch 0.17s | total 320.9s | lr 0.00029
E1790/10000 | train 0.025271 | test 0.029813 | epoch 0.17s | total 321.0s | lr 0.00029
E1791/10000 | train 0.025325 | test 0.029709 | epoch 0.17s | total 321.2s | lr 0.00029
E1792/10000 | train 0.025347 | test 0.029723 | epoch 0.17s | total 321.4s | lr 0.00029
E1793/10000 | train 0.025303 | test 0.029801 | epoch 0.17s | total 321.6s | lr 0.00029
E1794/10000 | train 0.025288 | test 0.029729 | epoch 0.17s | total 321.7s | lr 0.00029
E1795/10000 | train 0.025252 | test 0.029768 | epoch 0.17s | total 321.9s | lr 0.00029
E1796/10000 | train 0.025229 | test 0.029752 | epoch 0.17s | total 322.1s | lr 0.00029
E1797/10000 | train 0.025192 | test 0.029746 | epoch 0.17s | total 322.3s | lr 0.00029
E1798/10000 | train 0.025222 | test 0.029736 | epoch 0.17s | total 322.5s | lr 0.00028
E1799/10000 | train 0.025218 | test 0.029753 | epoch 0.17s | total 322.6s | lr 0.00028
E1800/10000 | train 0.025136 | test 0.029717 | epoch 0.17s | total 322.8s | lr 0.00028
E1801/10000 | train 0.025155 | test 0.029702 | epoch 0.17s | total 323.0s | lr 0.00028
E1802/10000 | train 0.025103 | test 0.029729 | epoch 0.17s | total 323.2s | lr 0.00028
E1803/10000 | train 0.025064 | test 0.029724 | epoch 0.17s | total 323.3s | lr 0.00028
E1804/10000 | train 0.025077 | test 0.029791 | epoch 0.17s | total 323.5s | lr 0.00028
E1805/10000 | train 0.025105 | test 0.029758 | epoch 0.17s | total 323.7s | lr 0.00028
E1806/10000 | train 0.025087 | test 0.029753 | epoch 0.17s | total 323.9s | lr 0.00028
E1807/10000 | train 0.025066 | test 0.029711 | epoch 0.17s | total 324.1s | lr 0.00028
E1808/10000 | train 0.025057 | test 0.029713 | epoch 0.17s | total 324.2s | lr 0.00028
E1809/10000 | train 0.025074 | test 0.029809 | epoch 0.17s | total 324.4s | lr 0.00028
E1810/10000 | train 0.025036 | test 0.029780 | epoch 0.17s | total 324.6s | lr 0.00028
E1811/10000 | train 0.025000 | test 0.029803 | epoch 0.17s | total 324.8s | lr 0.00028
E1812/10000 | train 0.025140 | test 0.029782 | epoch 0.17s | total 324.9s | lr 0.00027
E1813/10000 | train 0.025217 | test 0.029748 | epoch 0.17s | total 325.1s | lr 0.00027
E1814/10000 | train 0.025191 | test 0.029830 | epoch 0.17s | total 325.3s | lr 0.00027
E1815/10000 | train 0.025283 | test 0.029866 | epoch 0.17s | total 325.5s | lr 0.00027
E1816/10000 | train 0.025221 | test 0.029867 | epoch 0.17s | total 325.7s | lr 0.00027
E1817/10000 | train 0.025184 | test 0.029805 | epoch 0.17s | total 325.8s | lr 0.00027
E1818/10000 | train 0.025182 | test 0.029782 | epoch 0.17s | total 326.0s | lr 0.00027
E1819/10000 | train 0.025148 | test 0.029777 | epoch 0.17s | total 326.2s | lr 0.00027
E1820/10000 | train 0.025130 | test 0.029867 | epoch 0.17s | total 326.4s | lr 0.00027
E1821/10000 | train 0.025102 | test 0.029791 | epoch 0.17s | total 326.5s | lr 0.00027
E1822/10000 | train 0.025120 | test 0.029824 | epoch 0.17s | total 326.7s | lr 0.00027
E1823/10000 | train 0.025162 | test 0.029818 | epoch 0.17s | total 326.9s | lr 0.00027
E1824/10000 | train 0.025267 | test 0.029774 | epoch 0.17s | total 327.1s | lr 0.00027
E1825/10000 | train 0.025362 | test 0.029841 | epoch 0.17s | total 327.3s | lr 0.00027
E1826/10000 | train 0.025406 | test 0.029787 | epoch 0.17s | total 327.4s | lr 0.00026
E1827/10000 | train 0.025395 | test 0.029786 | epoch 0.17s | total 327.6s | lr 0.00026
E1828/10000 | train 0.025329 | test 0.029790 | epoch 0.17s | total 327.8s | lr 0.00026
E1829/10000 | train 0.025308 | test 0.029779 | epoch 0.17s | total 328.0s | lr 0.00026
E1830/10000 | train 0.025259 | test 0.029798 | epoch 0.17s | total 328.1s | lr 0.00026
E1831/10000 | train 0.025214 | test 0.029823 | epoch 0.17s | total 328.3s | lr 0.00026
E1832/10000 | train 0.025178 | test 0.029739 | epoch 0.17s | total 328.5s | lr 0.00026
E1833/10000 | train 0.025121 | test 0.029745 | epoch 0.17s | total 328.7s | lr 0.00026
E1834/10000 | train 0.025104 | test 0.029772 | epoch 0.17s | total 328.9s | lr 0.00026
E1835/10000 | train 0.025097 | test 0.029752 | epoch 0.18s | total 329.0s | lr 0.00026
E1836/10000 | train 0.025097 | test 0.029778 | epoch 0.18s | total 329.2s | lr 0.00026
E1837/10000 | train 0.025077 | test 0.029772 | epoch 0.18s | total 329.4s | lr 0.00026
E1838/10000 | train 0.025108 | test 0.029761 | epoch 0.18s | total 329.6s | lr 0.00026
E1839/10000 | train 0.025064 | test 0.029750 | epoch 0.17s | total 329.8s | lr 0.00026
E1840/10000 | train 0.025001 | test 0.029760 | epoch 0.17s | total 329.9s | lr 0.00025
E1841/10000 | train 0.024996 | test 0.029692 | epoch 0.17s | total 330.1s | lr 0.00025
E1842/10000 | train 0.024997 | test 0.029734 | epoch 0.17s | total 330.3s | lr 0.00025
E1843/10000 | train 0.024990 | test 0.029706 | epoch 0.17s | total 330.5s | lr 0.00025
E1844/10000 | train 0.024945 | test 0.029758 | epoch 0.17s | total 330.7s | lr 0.00025
E1845/10000 | train 0.024988 | test 0.029776 | epoch 0.17s | total 330.8s | lr 0.00025
E1846/10000 | train 0.024965 | test 0.029736 | epoch 0.17s | total 331.0s | lr 0.00025
E1847/10000 | train 0.024969 | test 0.029748 | epoch 0.17s | total 331.2s | lr 0.00025
E1848/10000 | train 0.024935 | test 0.029758 | epoch 0.17s | total 331.4s | lr 0.00025
E1849/10000 | train 0.024996 | test 0.029821 | epoch 0.17s | total 331.5s | lr 0.00025
E1850/10000 | train 0.024956 | test 0.029800 | epoch 0.17s | total 331.7s | lr 0.00025
E1851/10000 | train 0.024920 | test 0.029778 | epoch 0.17s | total 331.9s | lr 0.00025
E1852/10000 | train 0.024876 | test 0.029754 | epoch 0.17s | total 332.1s | lr 0.00025
E1853/10000 | train 0.024862 | test 0.029730 | epoch 0.17s | total 332.3s | lr 0.00025
E1854/10000 | train 0.024886 | test 0.029754 | epoch 0.17s | total 332.4s | lr 0.00025
E1855/10000 | train 0.024848 | test 0.029725 | epoch 0.17s | total 332.6s | lr 0.00024
E1856/10000 | train 0.024832 | test 0.029710 | epoch 0.17s | total 332.8s | lr 0.00024
E1857/10000 | train 0.024813 | test 0.029802 | epoch 0.17s | total 333.0s | lr 0.00024
E1858/10000 | train 0.024815 | test 0.029781 | epoch 0.17s | total 333.2s | lr 0.00024
E1859/10000 | train 0.024773 | test 0.029780 | epoch 0.17s | total 333.3s | lr 0.00024
E1860/10000 | train 0.024830 | test 0.029761 | epoch 0.17s | total 333.5s | lr 0.00024
E1861/10000 | train 0.024846 | test 0.029816 | epoch 0.17s | total 333.7s | lr 0.00024
E1862/10000 | train 0.024853 | test 0.029712 | epoch 0.17s | total 333.9s | lr 0.00024
E1863/10000 | train 0.024785 | test 0.029742 | epoch 0.17s | total 334.1s | lr 0.00024
E1864/10000 | train 0.024781 | test 0.029744 | epoch 0.17s | total 334.2s | lr 0.00024
E1865/10000 | train 0.024824 | test 0.029688 | epoch 0.17s | total 334.4s | lr 0.00024
E1866/10000 | train 0.024827 | test 0.029793 | epoch 0.17s | total 334.6s | lr 0.00024
E1867/10000 | train 0.024862 | test 0.029711 | epoch 0.17s | total 334.8s | lr 0.00024
E1868/10000 | train 0.024812 | test 0.029734 | epoch 0.17s | total 334.9s | lr 0.00024
E1869/10000 | train 0.024802 | test 0.029759 | epoch 0.17s | total 335.1s | lr 0.00023
E1870/10000 | train 0.024739 | test 0.029834 | epoch 0.17s | total 335.3s | lr 0.00023
E1871/10000 | train 0.024744 | test 0.029747 | epoch 0.17s | total 335.5s | lr 0.00023
E1872/10000 | train 0.024721 | test 0.029761 | epoch 0.17s | total 335.7s | lr 0.00023
E1873/10000 | train 0.024703 | test 0.029732 | epoch 0.17s | total 335.8s | lr 0.00023
E1874/10000 | train 0.024680 | test 0.029788 | epoch 0.17s | total 336.0s | lr 0.00023
E1875/10000 | train 0.024726 | test 0.029778 | epoch 0.17s | total 336.2s | lr 0.00023
E1876/10000 | train 0.024717 | test 0.029766 | epoch 0.17s | total 336.4s | lr 0.00023
E1877/10000 | train 0.024743 | test 0.029722 | epoch 0.17s | total 336.5s | lr 0.00023
E1878/10000 | train 0.024774 | test 0.029764 | epoch 0.17s | total 336.7s | lr 0.00023
E1879/10000 | train 0.024761 | test 0.029741 | epoch 0.17s | total 336.9s | lr 0.00023
E1880/10000 | train 0.024741 | test 0.029721 | epoch 0.17s | total 337.1s | lr 0.00023
E1881/10000 | train 0.024688 | test 0.029726 | epoch 0.17s | total 337.3s | lr 0.00023
E1882/10000 | train 0.024650 | test 0.029717 | epoch 0.17s | total 337.4s | lr 0.00023
E1883/10000 | train 0.024637 | test 0.029704 | epoch 0.17s | total 337.6s | lr 0.00023
E1884/10000 | train 0.024621 | test 0.029775 | epoch 0.17s | total 337.8s | lr 0.00022
E1885/10000 | train 0.024608 | test 0.029760 | epoch 0.17s | total 338.0s | lr 0.00022
E1886/10000 | train 0.024583 | test 0.029756 | epoch 0.17s | total 338.1s | lr 0.00022
E1887/10000 | train 0.024582 | test 0.029697 | epoch 0.17s | total 338.3s | lr 0.00022
E1888/10000 | train 0.024544 | test 0.029717 | epoch 0.17s | total 338.5s | lr 0.00022
E1889/10000 | train 0.024552 | test 0.029764 | epoch 0.17s | total 338.7s | lr 0.00022
E1890/10000 | train 0.024545 | test 0.029732 | epoch 0.17s | total 338.9s | lr 0.00022
E1891/10000 | train 0.024578 | test 0.029782 | epoch 0.17s | total 339.0s | lr 0.00022
E1892/10000 | train 0.024550 | test 0.029782 | epoch 0.17s | total 339.2s | lr 0.00022
E1893/10000 | train 0.024536 | test 0.029829 | epoch 0.17s | total 339.4s | lr 0.00022
E1894/10000 | train 0.024553 | test 0.029831 | epoch 0.17s | total 339.6s | lr 0.00022
E1895/10000 | train 0.024596 | test 0.029803 | epoch 0.17s | total 339.7s | lr 0.00022
E1896/10000 | train 0.024553 | test 0.029783 | epoch 0.17s | total 339.9s | lr 0.00022
E1897/10000 | train 0.024569 | test 0.029784 | epoch 0.17s | total 340.1s | lr 0.00022
E1898/10000 | train 0.024586 | test 0.029785 | epoch 0.17s | total 340.3s | lr 0.00022
E1899/10000 | train 0.024581 | test 0.029840 | epoch 0.17s | total 340.5s | lr 0.00022
E1900/10000 | train 0.024561 | test 0.029782 | epoch 0.17s | total 340.6s | lr 0.00021
E1901/10000 | train 0.024592 | test 0.029786 | epoch 0.17s | total 340.8s | lr 0.00021
E1902/10000 | train 0.024591 | test 0.029794 | epoch 0.17s | total 341.0s | lr 0.00021
E1903/10000 | train 0.024553 | test 0.029763 | epoch 0.17s | total 341.2s | lr 0.00021
E1904/10000 | train 0.024518 | test 0.029807 | epoch 0.17s | total 341.3s | lr 0.00021
E1905/10000 | train 0.024543 | test 0.029791 | epoch 0.17s | total 341.5s | lr 0.00021
E1906/10000 | train 0.024569 | test 0.029818 | epoch 0.17s | total 341.7s | lr 0.00021
E1907/10000 | train 0.024552 | test 0.029811 | epoch 0.17s | total 341.9s | lr 0.00021
E1908/10000 | train 0.024519 | test 0.029865 | epoch 0.17s | total 342.1s | lr 0.00021
E1909/10000 | train 0.024535 | test 0.029869 | epoch 0.17s | total 342.2s | lr 0.00021
E1910/10000 | train 0.024555 | test 0.029809 | epoch 0.17s | total 342.4s | lr 0.00021
E1911/10000 | train 0.024575 | test 0.029838 | epoch 0.17s | total 342.6s | lr 0.00021
E1912/10000 | train 0.024575 | test 0.029835 | epoch 0.17s | total 342.8s | lr 0.00021
E1913/10000 | train 0.024550 | test 0.029838 | epoch 0.17s | total 342.9s | lr 0.00021
E1914/10000 | train 0.024606 | test 0.029858 | epoch 0.17s | total 343.1s | lr 0.00021
E1915/10000 | train 0.024574 | test 0.029772 | epoch 0.17s | total 343.3s | lr 0.00020
E1916/10000 | train 0.024556 | test 0.029883 | epoch 0.17s | total 343.5s | lr 0.00020
E1917/10000 | train 0.024555 | test 0.029832 | epoch 0.17s | total 343.7s | lr 0.00020
E1918/10000 | train 0.024551 | test 0.029845 | epoch 0.17s | total 343.8s | lr 0.00020
E1919/10000 | train 0.024620 | test 0.029786 | epoch 0.18s | total 344.0s | lr 0.00020
E1920/10000 | train 0.024531 | test 0.029825 | epoch 0.17s | total 344.2s | lr 0.00020
E1921/10000 | train 0.024476 | test 0.029864 | epoch 0.17s | total 344.4s | lr 0.00020
E1922/10000 | train 0.024432 | test 0.029856 | epoch 0.17s | total 344.6s | lr 0.00020
E1923/10000 | train 0.024453 | test 0.029803 | epoch 0.17s | total 344.7s | lr 0.00020
E1924/10000 | train 0.024428 | test 0.029826 | epoch 0.17s | total 344.9s | lr 0.00020
E1925/10000 | train 0.024416 | test 0.029841 | epoch 0.17s | total 345.1s | lr 0.00020
E1926/10000 | train 0.024399 | test 0.029815 | epoch 0.17s | total 345.3s | lr 0.00020
E1927/10000 | train 0.024465 | test 0.029814 | epoch 0.17s | total 345.5s | lr 0.00020
E1928/10000 | train 0.024530 | test 0.029858 | epoch 0.17s | total 345.6s | lr 0.00020
E1929/10000 | train 0.024565 | test 0.029828 | epoch 0.17s | total 345.8s | lr 0.00020
E1930/10000 | train 0.024489 | test 0.029806 | epoch 0.17s | total 346.0s | lr 0.00020
E1931/10000 | train 0.024427 | test 0.029780 | epoch 0.17s | total 346.2s | lr 0.00019
E1932/10000 | train 0.024439 | test 0.029794 | epoch 0.17s | total 346.3s | lr 0.00019
E1933/10000 | train 0.024462 | test 0.029863 | epoch 0.17s | total 346.5s | lr 0.00019
E1934/10000 | train 0.024416 | test 0.029857 | epoch 0.17s | total 346.7s | lr 0.00019
E1935/10000 | train 0.024426 | test 0.029879 | epoch 0.17s | total 346.9s | lr 0.00019
E1936/10000 | train 0.024434 | test 0.029886 | epoch 0.17s | total 347.1s | lr 0.00019
E1937/10000 | train 0.024425 | test 0.029818 | epoch 0.17s | total 347.2s | lr 0.00019
E1938/10000 | train 0.024411 | test 0.029858 | epoch 0.17s | total 347.4s | lr 0.00019
E1939/10000 | train 0.024435 | test 0.029866 | epoch 0.17s | total 347.6s | lr 0.00019
E1940/10000 | train 0.024427 | test 0.029770 | epoch 0.17s | total 347.8s | lr 0.00019
E1941/10000 | train 0.024424 | test 0.029845 | epoch 0.17s | total 347.9s | lr 0.00019
E1942/10000 | train 0.024394 | test 0.029810 | epoch 0.17s | total 348.1s | lr 0.00019
E1943/10000 | train 0.024430 | test 0.029839 | epoch 0.17s | total 348.3s | lr 0.00019
E1944/10000 | train 0.024386 | test 0.029819 | epoch 0.17s | total 348.5s | lr 0.00019
E1945/10000 | train 0.024454 | test 0.029836 | epoch 0.17s | total 348.7s | lr 0.00019
E1946/10000 | train 0.024488 | test 0.029827 | epoch 0.17s | total 348.8s | lr 0.00019
E1947/10000 | train 0.024428 | test 0.029823 | epoch 0.17s | total 349.0s | lr 0.00019
E1948/10000 | train 0.024402 | test 0.029829 | epoch 0.17s | total 349.2s | lr 0.00018
E1949/10000 | train 0.024454 | test 0.029837 | epoch 0.17s | total 349.4s | lr 0.00018
E1950/10000 | train 0.024449 | test 0.029837 | epoch 0.17s | total 349.5s | lr 0.00018
E1951/10000 | train 0.024494 | test 0.029888 | epoch 0.17s | total 349.7s | lr 0.00018
E1952/10000 | train 0.024470 | test 0.029827 | epoch 0.17s | total 349.9s | lr 0.00018
E1953/10000 | train 0.024392 | test 0.029846 | epoch 0.17s | total 350.1s | lr 0.00018
E1954/10000 | train 0.024420 | test 0.029875 | epoch 0.17s | total 350.3s | lr 0.00018
E1955/10000 | train 0.024401 | test 0.029831 | epoch 0.17s | total 350.4s | lr 0.00018
E1956/10000 | train 0.024454 | test 0.029867 | epoch 0.17s | total 350.6s | lr 0.00018
E1957/10000 | train 0.024380 | test 0.029842 | epoch 0.17s | total 350.8s | lr 0.00018
E1958/10000 | train 0.024358 | test 0.029776 | epoch 0.17s | total 351.0s | lr 0.00018
E1959/10000 | train 0.024360 | test 0.029821 | epoch 0.17s | total 351.1s | lr 0.00018
E1960/10000 | train 0.024334 | test 0.029832 | epoch 0.17s | total 351.3s | lr 0.00018
E1961/10000 | train 0.024374 | test 0.029854 | epoch 0.17s | total 351.5s | lr 0.00018
E1962/10000 | train 0.024348 | test 0.029914 | epoch 0.17s | total 351.7s | lr 0.00018
E1963/10000 | train 0.024382 | test 0.029871 | epoch 0.17s | total 351.9s | lr 0.00018
E1964/10000 | train 0.024401 | test 0.029919 | epoch 0.17s | total 352.0s | lr 0.00018
E1965/10000 | train 0.024374 | test 0.029850 | epoch 0.17s | total 352.2s | lr 0.00017
E1966/10000 | train 0.024371 | test 0.029846 | epoch 0.17s | total 352.4s | lr 0.00017
E1967/10000 | train 0.024424 | test 0.029887 | epoch 0.17s | total 352.6s | lr 0.00017
E1968/10000 | train 0.024433 | test 0.029889 | epoch 0.17s | total 352.7s | lr 0.00017
E1969/10000 | train 0.024401 | test 0.029864 | epoch 0.17s | total 352.9s | lr 0.00017
E1970/10000 | train 0.024327 | test 0.029834 | epoch 0.17s | total 353.1s | lr 0.00017
E1971/10000 | train 0.024302 | test 0.029808 | epoch 0.17s | total 353.3s | lr 0.00017
E1972/10000 | train 0.024345 | test 0.029877 | epoch 0.17s | total 353.5s | lr 0.00017
E1973/10000 | train 0.024316 | test 0.029891 | epoch 0.17s | total 353.6s | lr 0.00017
E1974/10000 | train 0.024282 | test 0.029882 | epoch 0.17s | total 353.8s | lr 0.00017
E1975/10000 | train 0.024264 | test 0.029905 | epoch 0.17s | total 354.0s | lr 0.00017
E1976/10000 | train 0.024279 | test 0.029893 | epoch 0.17s | total 354.2s | lr 0.00017
E1977/10000 | train 0.024296 | test 0.029907 | epoch 0.17s | total 354.3s | lr 0.00017
E1978/10000 | train 0.024294 | test 0.029897 | epoch 0.17s | total 354.5s | lr 0.00017
E1979/10000 | train 0.024276 | test 0.029820 | epoch 0.17s | total 354.7s | lr 0.00017
E1980/10000 | train 0.024254 | test 0.029881 | epoch 0.17s | total 354.9s | lr 0.00017
E1981/10000 | train 0.024256 | test 0.029880 | epoch 0.17s | total 355.1s | lr 0.00017
E1982/10000 | train 0.024253 | test 0.029829 | epoch 0.17s | total 355.2s | lr 0.00016
E1983/10000 | train 0.024247 | test 0.029900 | epoch 0.17s | total 355.4s | lr 0.00016
E1984/10000 | train 0.024255 | test 0.029913 | epoch 0.17s | total 355.6s | lr 0.00016
E1985/10000 | train 0.024270 | test 0.029904 | epoch 0.17s | total 355.8s | lr 0.00016
E1986/10000 | train 0.024291 | test 0.029918 | epoch 0.17s | total 355.9s | lr 0.00016
E1987/10000 | train 0.024277 | test 0.029912 | epoch 0.17s | total 356.1s | lr 0.00016
E1988/10000 | train 0.024268 | test 0.029896 | epoch 0.17s | total 356.3s | lr 0.00016
E1989/10000 | train 0.024280 | test 0.029967 | epoch 0.17s | total 356.5s | lr 0.00016
E1990/10000 | train 0.024284 | test 0.029922 | epoch 0.17s | total 356.7s | lr 0.00016
E1991/10000 | train 0.024295 | test 0.029913 | epoch 0.17s | total 356.8s | lr 0.00016
E1992/10000 | train 0.024273 | test 0.029918 | epoch 0.17s | total 357.0s | lr 0.00016
E1993/10000 | train 0.024254 | test 0.029927 | epoch 0.17s | total 357.2s | lr 0.00016
E1994/10000 | train 0.024244 | test 0.029883 | epoch 0.17s | total 357.4s | lr 0.00016
E1995/10000 | train 0.024219 | test 0.029895 | epoch 0.17s | total 357.6s | lr 0.00016
E1996/10000 | train 0.024204 | test 0.029926 | epoch 0.17s | total 357.7s | lr 0.00016
E1997/10000 | train 0.024196 | test 0.029906 | epoch 0.17s | total 357.9s | lr 0.00016
E1998/10000 | train 0.024195 | test 0.029902 | epoch 0.17s | total 358.1s | lr 0.00016
E1999/10000 | train 0.024180 | test 0.029944 | epoch 0.17s | total 358.3s | lr 0.00016
E2000/10000 | train 0.024167 | test 0.029930 | epoch 0.17s | total 358.4s | lr 0.00015
E2001/10000 | train 0.024163 | test 0.029954 | epoch 0.17s | total 358.6s | lr 0.00015
E2002/10000 | train 0.024160 | test 0.029969 | epoch 0.17s | total 358.8s | lr 0.00015
E2003/10000 | train 0.024145 | test 0.029976 | epoch 0.17s | total 359.0s | lr 0.00015
E2004/10000 | train 0.024133 | test 0.029989 | epoch 0.17s | total 359.2s | lr 0.00015
E2005/10000 | train 0.024127 | test 0.029928 | epoch 0.17s | total 359.3s | lr 0.00015
E2006/10000 | train 0.024147 | test 0.029959 | epoch 0.17s | total 359.5s | lr 0.00015
E2007/10000 | train 0.024191 | test 0.029964 | epoch 0.17s | total 359.7s | lr 0.00015
E2008/10000 | train 0.024158 | test 0.029985 | epoch 0.17s | total 359.9s | lr 0.00015
E2009/10000 | train 0.024137 | test 0.029971 | epoch 0.17s | total 360.0s | lr 0.00015
E2010/10000 | train 0.024122 | test 0.029989 | epoch 0.17s | total 360.2s | lr 0.00015
E2011/10000 | train 0.024141 | test 0.029962 | epoch 0.17s | total 360.4s | lr 0.00015
E2012/10000 | train 0.024162 | test 0.029994 | epoch 0.17s | total 360.6s | lr 0.00015
E2013/10000 | train 0.024172 | test 0.030002 | epoch 0.17s | total 360.8s | lr 0.00015
E2014/10000 | train 0.024179 | test 0.029932 | epoch 0.17s | total 360.9s | lr 0.00015
E2015/10000 | train 0.024133 | test 0.029972 | epoch 0.17s | total 361.1s | lr 0.00015
E2016/10000 | train 0.024163 | test 0.029956 | epoch 0.17s | total 361.3s | lr 0.00015
E2017/10000 | train 0.024150 | test 0.029966 | epoch 0.17s | total 361.5s | lr 0.00015
E2018/10000 | train 0.024164 | test 0.029934 | epoch 0.17s | total 361.6s | lr 0.00014
E2019/10000 | train 0.024144 | test 0.029938 | epoch 0.17s | total 361.8s | lr 0.00014
E2020/10000 | train 0.024149 | test 0.029995 | epoch 0.17s | total 362.0s | lr 0.00014
E2021/10000 | train 0.024162 | test 0.029991 | epoch 0.17s | total 362.2s | lr 0.00014
E2022/10000 | train 0.024122 | test 0.029983 | epoch 0.17s | total 362.4s | lr 0.00014
E2023/10000 | train 0.024218 | test 0.029969 | epoch 0.17s | total 362.5s | lr 0.00014
E2024/10000 | train 0.024231 | test 0.029958 | epoch 0.17s | total 362.7s | lr 0.00014
E2025/10000 | train 0.024224 | test 0.029991 | epoch 0.17s | total 362.9s | lr 0.00014
E2026/10000 | train 0.024275 | test 0.030005 | epoch 0.17s | total 363.1s | lr 0.00014
E2027/10000 | train 0.024235 | test 0.029968 | epoch 0.17s | total 363.2s | lr 0.00014
E2028/10000 | train 0.024208 | test 0.030048 | epoch 0.17s | total 363.4s | lr 0.00014
E2029/10000 | train 0.024180 | test 0.030004 | epoch 0.17s | total 363.6s | lr 0.00014
E2030/10000 | train 0.024141 | test 0.029983 | epoch 0.17s | total 363.8s | lr 0.00014
E2031/10000 | train 0.024129 | test 0.029984 | epoch 0.17s | total 364.0s | lr 0.00014
E2032/10000 | train 0.024128 | test 0.030045 | epoch 0.17s | total 364.1s | lr 0.00014
E2033/10000 | train 0.024095 | test 0.029998 | epoch 0.17s | total 364.3s | lr 0.00014
E2034/10000 | train 0.024085 | test 0.029979 | epoch 0.18s | total 364.5s | lr 0.00014
E2035/10000 | train 0.024090 | test 0.030012 | epoch 0.17s | total 364.7s | lr 0.00014
E2036/10000 | train 0.024113 | test 0.030017 | epoch 0.17s | total 364.9s | lr 0.00014
E2037/10000 | train 0.024121 | test 0.029963 | epoch 0.17s | total 365.0s | lr 0.00013
E2038/10000 | train 0.024128 | test 0.030025 | epoch 0.17s | total 365.2s | lr 0.00013
E2039/10000 | train 0.024157 | test 0.030005 | epoch 0.17s | total 365.4s | lr 0.00013
E2040/10000 | train 0.024143 | test 0.030017 | epoch 0.17s | total 365.6s | lr 0.00013
E2041/10000 | train 0.024120 | test 0.030003 | epoch 0.17s | total 365.7s | lr 0.00013
E2042/10000 | train 0.024113 | test 0.030005 | epoch 0.17s | total 365.9s | lr 0.00013
E2043/10000 | train 0.024127 | test 0.030016 | epoch 0.17s | total 366.1s | lr 0.00013
E2044/10000 | train 0.024110 | test 0.030048 | epoch 0.17s | total 366.3s | lr 0.00013
E2045/10000 | train 0.024049 | test 0.030010 | epoch 0.17s | total 366.5s | lr 0.00013
E2046/10000 | train 0.024059 | test 0.030006 | epoch 0.17s | total 366.6s | lr 0.00013
E2047/10000 | train 0.024070 | test 0.029983 | epoch 0.17s | total 366.8s | lr 0.00013
E2048/10000 | train 0.024069 | test 0.030020 | epoch 0.17s | total 367.0s | lr 0.00013
E2049/10000 | train 0.024109 | test 0.030029 | epoch 0.17s | total 367.2s | lr 0.00013
E2050/10000 | train 0.024122 | test 0.030008 | epoch 0.17s | total 367.3s | lr 0.00013
E2051/10000 | train 0.024118 | test 0.030054 | epoch 0.17s | total 367.5s | lr 0.00013
E2052/10000 | train 0.024120 | test 0.030007 | epoch 0.17s | total 367.7s | lr 0.00013
E2053/10000 | train 0.024110 | test 0.030017 | epoch 0.17s | total 367.9s | lr 0.00013
E2054/10000 | train 0.024129 | test 0.030036 | epoch 0.17s | total 368.1s | lr 0.00013
E2055/10000 | train 0.024115 | test 0.030069 | epoch 0.17s | total 368.2s | lr 0.00013
E2056/10000 | train 0.024130 | test 0.030076 | epoch 0.17s | total 368.4s | lr 0.00012
E2057/10000 | train 0.024118 | test 0.030022 | epoch 0.17s | total 368.6s | lr 0.00012
E2058/10000 | train 0.024102 | test 0.030033 | epoch 0.17s | total 368.8s | lr 0.00012
E2059/10000 | train 0.024079 | test 0.030058 | epoch 0.17s | total 368.9s | lr 0.00012
E2060/10000 | train 0.024065 | test 0.030044 | epoch 0.17s | total 369.1s | lr 0.00012
E2061/10000 | train 0.024033 | test 0.030011 | epoch 0.17s | total 369.3s | lr 0.00012
E2062/10000 | train 0.024028 | test 0.029999 | epoch 0.17s | total 369.5s | lr 0.00012
E2063/10000 | train 0.024041 | test 0.029998 | epoch 0.17s | total 369.7s | lr 0.00012
E2064/10000 | train 0.024021 | test 0.030048 | epoch 0.17s | total 369.8s | lr 0.00012
E2065/10000 | train 0.024021 | test 0.029986 | epoch 0.18s | total 370.0s | lr 0.00012
E2066/10000 | train 0.024015 | test 0.030015 | epoch 0.17s | total 370.2s | lr 0.00012
E2067/10000 | train 0.024005 | test 0.030006 | epoch 0.17s | total 370.4s | lr 0.00012
E2068/10000 | train 0.024014 | test 0.030013 | epoch 0.17s | total 370.5s | lr 0.00012
E2069/10000 | train 0.023995 | test 0.030020 | epoch 0.17s | total 370.7s | lr 0.00012
E2070/10000 | train 0.024002 | test 0.030012 | epoch 0.17s | total 370.9s | lr 0.00012
E2071/10000 | train 0.023968 | test 0.030031 | epoch 0.17s | total 371.1s | lr 0.00012
E2072/10000 | train 0.023966 | test 0.030049 | epoch 0.17s | total 371.3s | lr 0.00012
E2073/10000 | train 0.023995 | test 0.030024 | epoch 0.17s | total 371.4s | lr 0.00012
E2074/10000 | train 0.023997 | test 0.030051 | epoch 0.17s | total 371.6s | lr 0.00012
E2075/10000 | train 0.023991 | test 0.030053 | epoch 0.17s | total 371.8s | lr 0.00012
E2076/10000 | train 0.023962 | test 0.030032 | epoch 0.17s | total 372.0s | lr 0.00012
E2077/10000 | train 0.023944 | test 0.030019 | epoch 0.17s | total 372.2s | lr 0.00011
E2078/10000 | train 0.023925 | test 0.030054 | epoch 0.17s | total 372.3s | lr 0.00011
E2079/10000 | train 0.023911 | test 0.030047 | epoch 0.17s | total 372.5s | lr 0.00011
E2080/10000 | train 0.023910 | test 0.030033 | epoch 0.17s | total 372.7s | lr 0.00011
E2081/10000 | train 0.023939 | test 0.030037 | epoch 0.17s | total 372.9s | lr 0.00011
E2082/10000 | train 0.023923 | test 0.030054 | epoch 0.17s | total 373.0s | lr 0.00011
E2083/10000 | train 0.023947 | test 0.030020 | epoch 0.17s | total 373.2s | lr 0.00011
E2084/10000 | train 0.023936 | test 0.030022 | epoch 0.17s | total 373.4s | lr 0.00011
E2085/10000 | train 0.023922 | test 0.030035 | epoch 0.17s | total 373.6s | lr 0.00011
E2086/10000 | train 0.023947 | test 0.030046 | epoch 0.17s | total 373.8s | lr 0.00011
E2087/10000 | train 0.023931 | test 0.030033 | epoch 0.17s | total 373.9s | lr 0.00011
E2088/10000 | train 0.023937 | test 0.030013 | epoch 0.17s | total 374.1s | lr 0.00011
E2089/10000 | train 0.023923 | test 0.030033 | epoch 0.17s | total 374.3s | lr 0.00011
E2090/10000 | train 0.023891 | test 0.030057 | epoch 0.17s | total 374.5s | lr 0.00011
E2091/10000 | train 0.023894 | test 0.030020 | epoch 0.17s | total 374.6s | lr 0.00011
E2092/10000 | train 0.023887 | test 0.030024 | epoch 0.17s | total 374.8s | lr 0.00011
E2093/10000 | train 0.023888 | test 0.030047 | epoch 0.17s | total 375.0s | lr 0.00011
E2094/10000 | train 0.023907 | test 0.030035 | epoch 0.17s | total 375.2s | lr 0.00011
E2095/10000 | train 0.023920 | test 0.030048 | epoch 0.17s | total 375.4s | lr 0.00011
E2096/10000 | train 0.023896 | test 0.030072 | epoch 0.17s | total 375.5s | lr 0.00011
E2097/10000 | train 0.023892 | test 0.030063 | epoch 0.17s | total 375.7s | lr 0.00011
E2098/10000 | train 0.023900 | test 0.030055 | epoch 0.17s | total 375.9s | lr 0.00010
E2099/10000 | train 0.023895 | test 0.030099 | epoch 0.17s | total 376.1s | lr 0.00010
E2100/10000 | train 0.023869 | test 0.030089 | epoch 0.17s | total 376.2s | lr 0.00010
E2101/10000 | train 0.023865 | test 0.030053 | epoch 0.17s | total 376.4s | lr 0.00010
E2102/10000 | train 0.023855 | test 0.030056 | epoch 0.17s | total 376.6s | lr 0.00010
E2103/10000 | train 0.023842 | test 0.030081 | epoch 0.17s | total 376.8s | lr 0.00010
E2104/10000 | train 0.023837 | test 0.030061 | epoch 0.17s | total 377.0s | lr 0.00010
E2105/10000 | train 0.023849 | test 0.030101 | epoch 0.17s | total 377.1s | lr 0.00010
E2106/10000 | train 0.023828 | test 0.030087 | epoch 0.17s | total 377.3s | lr 0.00010
E2107/10000 | train 0.023858 | test 0.030079 | epoch 0.17s | total 377.5s | lr 0.00010
E2108/10000 | train 0.023841 | test 0.030115 | epoch 0.17s | total 377.7s | lr 0.00010
E2109/10000 | train 0.023850 | test 0.030106 | epoch 0.17s | total 377.8s | lr 0.00010
E2110/10000 | train 0.023846 | test 0.030124 | epoch 0.17s | total 378.0s | lr 0.00010
E2111/10000 | train 0.023905 | test 0.030135 | epoch 0.17s | total 378.2s | lr 0.00010
E2112/10000 | train 0.023927 | test 0.030108 | epoch 0.17s | total 378.4s | lr 0.00010
E2113/10000 | train 0.023910 | test 0.030097 | epoch 0.17s | total 378.6s | lr 0.00010
E2114/10000 | train 0.023914 | test 0.030141 | epoch 0.17s | total 378.7s | lr 0.00010
E2115/10000 | train 0.023923 | test 0.030097 | epoch 0.17s | total 378.9s | lr 0.00010
E2116/10000 | train 0.023892 | test 0.030135 | epoch 0.17s | total 379.1s | lr 0.00010
E2117/10000 | train 0.023887 | test 0.030140 | epoch 0.17s | total 379.3s | lr 0.00010
E2118/10000 | train 0.023908 | test 0.030140 | epoch 0.17s | total 379.4s | lr 0.00010
E2119/10000 | train 0.023893 | test 0.030102 | epoch 0.17s | total 379.6s | lr 0.00010
E2120/10000 | train 0.023869 | test 0.030102 | epoch 0.17s | total 379.8s | lr 0.00010
E2121/10000 | train 0.023845 | test 0.030073 | epoch 0.17s | total 380.0s | lr 0.00009
E2122/10000 | train 0.023834 | test 0.030079 | epoch 0.17s | total 380.2s | lr 0.00009
E2123/10000 | train 0.023828 | test 0.030056 | epoch 0.17s | total 380.3s | lr 0.00009
E2124/10000 | train 0.023845 | test 0.030070 | epoch 0.17s | total 380.5s | lr 0.00009
E2125/10000 | train 0.023843 | test 0.030141 | epoch 0.17s | total 380.7s | lr 0.00009
E2126/10000 | train 0.023821 | test 0.030109 | epoch 0.17s | total 380.9s | lr 0.00009
E2127/10000 | train 0.023816 | test 0.030125 | epoch 0.17s | total 381.0s | lr 0.00009
E2128/10000 | train 0.023808 | test 0.030116 | epoch 0.17s | total 381.2s | lr 0.00009
E2129/10000 | train 0.023822 | test 0.030114 | epoch 0.17s | total 381.4s | lr 0.00009
E2130/10000 | train 0.023835 | test 0.030135 | epoch 0.17s | total 381.6s | lr 0.00009
E2131/10000 | train 0.023829 | test 0.030140 | epoch 0.17s | total 381.8s | lr 0.00009
E2132/10000 | train 0.023811 | test 0.030100 | epoch 0.17s | total 381.9s | lr 0.00009
E2133/10000 | train 0.023810 | test 0.030128 | epoch 0.17s | total 382.1s | lr 0.00009
E2134/10000 | train 0.023809 | test 0.030116 | epoch 0.17s | total 382.3s | lr 0.00009
E2135/10000 | train 0.023800 | test 0.030187 | epoch 0.17s | total 382.5s | lr 0.00009
E2136/10000 | train 0.023768 | test 0.030154 | epoch 0.17s | total 382.6s | lr 0.00009
E2137/10000 | train 0.023778 | test 0.030163 | epoch 0.17s | total 382.8s | lr 0.00009
E2138/10000 | train 0.023767 | test 0.030152 | epoch 0.17s | total 383.0s | lr 0.00009
E2139/10000 | train 0.023767 | test 0.030112 | epoch 0.17s | total 383.2s | lr 0.00009
E2140/10000 | train 0.023766 | test 0.030141 | epoch 0.17s | total 383.4s | lr 0.00009
E2141/10000 | train 0.023770 | test 0.030165 | epoch 0.17s | total 383.5s | lr 0.00009
E2142/10000 | train 0.023766 | test 0.030157 | epoch 0.17s | total 383.7s | lr 0.00009
E2143/10000 | train 0.023760 | test 0.030160 | epoch 0.17s | total 383.9s | lr 0.00009
E2144/10000 | train 0.023758 | test 0.030158 | epoch 0.17s | total 384.1s | lr 0.00008
E2145/10000 | train 0.023765 | test 0.030166 | epoch 0.17s | total 384.2s | lr 0.00008
E2146/10000 | train 0.023760 | test 0.030138 | epoch 0.17s | total 384.4s | lr 0.00008
E2147/10000 | train 0.023768 | test 0.030129 | epoch 0.17s | total 384.6s | lr 0.00008
E2148/10000 | train 0.023740 | test 0.030122 | epoch 0.17s | total 384.8s | lr 0.00008
E2149/10000 | train 0.023754 | test 0.030157 | epoch 0.17s | total 385.0s | lr 0.00008
E2150/10000 | train 0.023724 | test 0.030114 | epoch 0.17s | total 385.1s | lr 0.00008
E2151/10000 | train 0.023741 | test 0.030152 | epoch 0.17s | total 385.3s | lr 0.00008
E2152/10000 | train 0.023732 | test 0.030149 | epoch 0.17s | total 385.5s | lr 0.00008
E2153/10000 | train 0.023727 | test 0.030178 | epoch 0.17s | total 385.7s | lr 0.00008
E2154/10000 | train 0.023726 | test 0.030178 | epoch 0.17s | total 385.8s | lr 0.00008
E2155/10000 | train 0.023752 | test 0.030153 | epoch 0.17s | total 386.0s | lr 0.00008
E2156/10000 | train 0.023740 | test 0.030155 | epoch 0.17s | total 386.2s | lr 0.00008
E2157/10000 | train 0.023726 | test 0.030150 | epoch 0.17s | total 386.4s | lr 0.00008
E2158/10000 | train 0.023717 | test 0.030125 | epoch 0.17s | total 386.6s | lr 0.00008
E2159/10000 | train 0.023721 | test 0.030119 | epoch 0.17s | total 386.7s | lr 0.00008
E2160/10000 | train 0.023708 | test 0.030153 | epoch 0.17s | total 386.9s | lr 0.00008
E2161/10000 | train 0.023718 | test 0.030157 | epoch 0.17s | total 387.1s | lr 0.00008
E2162/10000 | train 0.023718 | test 0.030138 | epoch 0.17s | total 387.3s | lr 0.00008
E2163/10000 | train 0.023713 | test 0.030168 | epoch 0.17s | total 387.5s | lr 0.00008
E2164/10000 | train 0.023721 | test 0.030166 | epoch 0.17s | total 387.6s | lr 0.00008
E2165/10000 | train 0.023701 | test 0.030187 | epoch 0.17s | total 387.8s | lr 0.00008
E2166/10000 | train 0.023698 | test 0.030187 | epoch 0.17s | total 388.0s | lr 0.00008
E2167/10000 | train 0.023710 | test 0.030176 | epoch 0.17s | total 388.2s | lr 0.00008
E2168/10000 | train 0.023707 | test 0.030190 | epoch 0.17s | total 388.4s | lr 0.00008
E2169/10000 | train 0.023704 | test 0.030191 | epoch 0.17s | total 388.5s | lr 0.00008
E2170/10000 | train 0.023675 | test 0.030178 | epoch 0.17s | total 388.7s | lr 0.00007
E2171/10000 | train 0.023715 | test 0.030174 | epoch 0.17s | total 388.9s | lr 0.00007
E2172/10000 | train 0.023719 | test 0.030174 | epoch 0.17s | total 389.1s | lr 0.00007
E2173/10000 | train 0.023704 | test 0.030199 | epoch 0.17s | total 389.2s | lr 0.00007
E2174/10000 | train 0.023716 | test 0.030170 | epoch 0.17s | total 389.4s | lr 0.00007
E2175/10000 | train 0.023685 | test 0.030222 | epoch 0.17s | total 389.6s | lr 0.00007
E2176/10000 | train 0.023697 | test 0.030220 | epoch 0.17s | total 389.8s | lr 0.00007
E2177/10000 | train 0.023681 | test 0.030183 | epoch 0.17s | total 390.0s | lr 0.00007
E2178/10000 | train 0.023702 | test 0.030174 | epoch 0.17s | total 390.1s | lr 0.00007
E2179/10000 | train 0.023706 | test 0.030215 | epoch 0.17s | total 390.3s | lr 0.00007
E2180/10000 | train 0.023694 | test 0.030172 | epoch 0.17s | total 390.5s | lr 0.00007
E2181/10000 | train 0.023692 | test 0.030170 | epoch 0.17s | total 390.7s | lr 0.00007
E2182/10000 | train 0.023669 | test 0.030175 | epoch 0.17s | total 390.9s | lr 0.00007
E2183/10000 | train 0.023659 | test 0.030171 | epoch 0.17s | total 391.0s | lr 0.00007
E2184/10000 | train 0.023666 | test 0.030187 | epoch 0.17s | total 391.2s | lr 0.00007
E2185/10000 | train 0.023665 | test 0.030199 | epoch 0.17s | total 391.4s | lr 0.00007
E2186/10000 | train 0.023648 | test 0.030196 | epoch 0.17s | total 391.6s | lr 0.00007
E2187/10000 | train 0.023652 | test 0.030195 | epoch 0.17s | total 391.7s | lr 0.00007
E2188/10000 | train 0.023626 | test 0.030190 | epoch 0.17s | total 391.9s | lr 0.00007
E2189/10000 | train 0.023642 | test 0.030213 | epoch 0.17s | total 392.1s | lr 0.00007
E2190/10000 | train 0.023648 | test 0.030210 | epoch 0.17s | total 392.3s | lr 0.00007
E2191/10000 | train 0.023619 | test 0.030188 | epoch 0.17s | total 392.5s | lr 0.00007
E2192/10000 | train 0.023639 | test 0.030209 | epoch 0.17s | total 392.6s | lr 0.00007
E2193/10000 | train 0.023623 | test 0.030197 | epoch 0.17s | total 392.8s | lr 0.00007
E2194/10000 | train 0.023633 | test 0.030208 | epoch 0.17s | total 393.0s | lr 0.00007
E2195/10000 | train 0.023638 | test 0.030204 | epoch 0.17s | total 393.2s | lr 0.00007
E2196/10000 | train 0.023616 | test 0.030205 | epoch 0.17s | total 393.3s | lr 0.00007
E2197/10000 | train 0.023612 | test 0.030188 | epoch 0.17s | total 393.5s | lr 0.00006
E2198/10000 | train 0.023612 | test 0.030198 | epoch 0.17s | total 393.7s | lr 0.00006
E2199/10000 | train 0.023619 | test 0.030213 | epoch 0.17s | total 393.9s | lr 0.00006
E2200/10000 | train 0.023596 | test 0.030212 | epoch 0.17s | total 394.1s | lr 0.00006
E2201/10000 | train 0.023603 | test 0.030216 | epoch 0.17s | total 394.2s | lr 0.00006
E2202/10000 | train 0.023605 | test 0.030204 | epoch 0.17s | total 394.4s | lr 0.00006
E2203/10000 | train 0.023603 | test 0.030191 | epoch 0.17s | total 394.6s | lr 0.00006
E2204/10000 | train 0.023591 | test 0.030221 | epoch 0.17s | total 394.8s | lr 0.00006
E2205/10000 | train 0.023606 | test 0.030219 | epoch 0.17s | total 394.9s | lr 0.00006
E2206/10000 | train 0.023596 | test 0.030233 | epoch 0.17s | total 395.1s | lr 0.00006
E2207/10000 | train 0.023600 | test 0.030223 | epoch 0.17s | total 395.3s | lr 0.00006
E2208/10000 | train 0.023571 | test 0.030220 | epoch 0.18s | total 395.5s | lr 0.00006
E2209/10000 | train 0.023582 | test 0.030217 | epoch 0.17s | total 395.7s | lr 0.00006
E2210/10000 | train 0.023594 | test 0.030216 | epoch 0.17s | total 395.8s | lr 0.00006
E2211/10000 | train 0.023587 | test 0.030219 | epoch 0.17s | total 396.0s | lr 0.00006
E2212/10000 | train 0.023581 | test 0.030210 | epoch 0.17s | total 396.2s | lr 0.00006
E2213/10000 | train 0.023571 | test 0.030221 | epoch 0.17s | total 396.4s | lr 0.00006
E2214/10000 | train 0.023574 | test 0.030209 | epoch 0.17s | total 396.6s | lr 0.00006
E2215/10000 | train 0.023572 | test 0.030221 | epoch 0.17s | total 396.7s | lr 0.00006
E2216/10000 | train 0.023575 | test 0.030215 | epoch 0.17s | total 396.9s | lr 0.00006
E2217/10000 | train 0.023582 | test 0.030225 | epoch 0.17s | total 397.1s | lr 0.00006
E2218/10000 | train 0.023583 | test 0.030231 | epoch 0.17s | total 397.3s | lr 0.00006
E2219/10000 | train 0.023574 | test 0.030227 | epoch 0.17s | total 397.5s | lr 0.00006
E2220/10000 | train 0.023564 | test 0.030215 | epoch 0.17s | total 397.6s | lr 0.00006
E2221/10000 | train 0.023574 | test 0.030240 | epoch 0.17s | total 397.8s | lr 0.00006
E2222/10000 | train 0.023555 | test 0.030236 | epoch 0.17s | total 398.0s | lr 0.00006
E2223/10000 | train 0.023552 | test 0.030228 | epoch 0.17s | total 398.2s | lr 0.00006
E2224/10000 | train 0.023565 | test 0.030238 | epoch 0.17s | total 398.3s | lr 0.00006
E2225/10000 | train 0.023558 | test 0.030248 | epoch 0.17s | total 398.5s | lr 0.00006
E2226/10000 | train 0.023571 | test 0.030236 | epoch 0.17s | total 398.7s | lr 0.00005
E2227/10000 | train 0.023559 | test 0.030230 | epoch 0.17s | total 398.9s | lr 0.00005
E2228/10000 | train 0.023565 | test 0.030248 | epoch 0.17s | total 399.1s | lr 0.00005
E2229/10000 | train 0.023545 | test 0.030230 | epoch 0.17s | total 399.2s | lr 0.00005
E2230/10000 | train 0.023543 | test 0.030235 | epoch 0.18s | total 399.4s | lr 0.00005
E2231/10000 | train 0.023555 | test 0.030252 | epoch 0.18s | total 399.6s | lr 0.00005
E2232/10000 | train 0.023543 | test 0.030228 | epoch 0.18s | total 399.8s | lr 0.00005
E2233/10000 | train 0.023547 | test 0.030225 | epoch 0.17s | total 400.0s | lr 0.00005
E2234/10000 | train 0.023534 | test 0.030247 | epoch 0.17s | total 400.2s | lr 0.00005
E2235/10000 | train 0.023543 | test 0.030242 | epoch 0.17s | total 400.3s | lr 0.00005
E2236/10000 | train 0.023538 | test 0.030239 | epoch 0.17s | total 400.5s | lr 0.00005
E2237/10000 | train 0.023551 | test 0.030236 | epoch 0.17s | total 400.7s | lr 0.00005
E2238/10000 | train 0.023548 | test 0.030251 | epoch 0.17s | total 400.9s | lr 0.00005
E2239/10000 | train 0.023553 | test 0.030267 | epoch 0.17s | total 401.1s | lr 0.00005
E2240/10000 | train 0.023541 | test 0.030239 | epoch 0.17s | total 401.2s | lr 0.00005
E2241/10000 | train 0.023534 | test 0.030242 | epoch 0.17s | total 401.4s | lr 0.00005
E2242/10000 | train 0.023529 | test 0.030250 | epoch 0.17s | total 401.6s | lr 0.00005
E2243/10000 | train 0.023538 | test 0.030248 | epoch 0.18s | total 401.8s | lr 0.00005
E2244/10000 | train 0.023552 | test 0.030238 | epoch 0.17s | total 402.0s | lr 0.00005
E2245/10000 | train 0.023562 | test 0.030286 | epoch 0.17s | total 402.1s | lr 0.00005
E2246/10000 | train 0.023556 | test 0.030264 | epoch 0.17s | total 402.3s | lr 0.00005
E2247/10000 | train 0.023556 | test 0.030252 | epoch 0.17s | total 402.5s | lr 0.00005
E2248/10000 | train 0.023548 | test 0.030248 | epoch 0.17s | total 402.7s | lr 0.00005
E2249/10000 | train 0.023581 | test 0.030256 | epoch 0.17s | total 402.9s | lr 0.00005
E2250/10000 | train 0.023593 | test 0.030283 | epoch 0.17s | total 403.0s | lr 0.00005
E2251/10000 | train 0.023561 | test 0.030282 | epoch 0.17s | total 403.2s | lr 0.00005
E2252/10000 | train 0.023552 | test 0.030276 | epoch 0.17s | total 403.4s | lr 0.00005
E2253/10000 | train 0.023553 | test 0.030257 | epoch 0.18s | total 403.6s | lr 0.00005
E2254/10000 | train 0.023552 | test 0.030274 | epoch 0.18s | total 403.8s | lr 0.00005
E2255/10000 | train 0.023549 | test 0.030261 | epoch 0.17s | total 403.9s | lr 0.00005
E2256/10000 | train 0.023555 | test 0.030244 | epoch 0.17s | total 404.1s | lr 0.00005
E2257/10000 | train 0.023537 | test 0.030280 | epoch 0.17s | total 404.3s | lr 0.00005
E2258/10000 | train 0.023530 | test 0.030235 | epoch 0.17s | total 404.5s | lr 0.00005
E2259/10000 | train 0.023547 | test 0.030234 | epoch 0.17s | total 404.7s | lr 0.00004
E2260/10000 | train 0.023540 | test 0.030250 | epoch 0.17s | total 404.9s | lr 0.00004
E2261/10000 | train 0.023567 | test 0.030235 | epoch 0.17s | total 405.0s | lr 0.00004
E2262/10000 | train 0.023568 | test 0.030256 | epoch 0.17s | total 405.2s | lr 0.00004
E2263/10000 | train 0.023567 | test 0.030237 | epoch 0.17s | total 405.4s | lr 0.00004
E2264/10000 | train 0.023552 | test 0.030245 | epoch 0.17s | total 405.6s | lr 0.00004
E2265/10000 | train 0.023548 | test 0.030234 | epoch 0.17s | total 405.8s | lr 0.00004
E2266/10000 | train 0.023555 | test 0.030255 | epoch 0.17s | total 405.9s | lr 0.00004
E2267/10000 | train 0.023540 | test 0.030262 | epoch 0.17s | total 406.1s | lr 0.00004
E2268/10000 | train 0.023544 | test 0.030260 | epoch 0.17s | total 406.3s | lr 0.00004
E2269/10000 | train 0.023553 | test 0.030278 | epoch 0.17s | total 406.5s | lr 0.00004
E2270/10000 | train 0.023532 | test 0.030255 | epoch 0.17s | total 406.6s | lr 0.00004
E2271/10000 | train 0.023540 | test 0.030259 | epoch 0.17s | total 406.8s | lr 0.00004
E2272/10000 | train 0.023534 | test 0.030233 | epoch 0.17s | total 407.0s | lr 0.00004
E2273/10000 | train 0.023525 | test 0.030251 | epoch 0.17s | total 407.2s | lr 0.00004
E2274/10000 | train 0.023528 | test 0.030262 | epoch 0.17s | total 407.4s | lr 0.00004
E2275/10000 | train 0.023519 | test 0.030248 | epoch 0.17s | total 407.5s | lr 0.00004
E2276/10000 | train 0.023511 | test 0.030257 | epoch 0.17s | total 407.7s | lr 0.00004
E2277/10000 | train 0.023514 | test 0.030246 | epoch 0.17s | total 407.9s | lr 0.00004
E2278/10000 | train 0.023499 | test 0.030260 | epoch 0.17s | total 408.1s | lr 0.00004
E2279/10000 | train 0.023500 | test 0.030255 | epoch 0.17s | total 408.3s | lr 0.00004
E2280/10000 | train 0.023502 | test 0.030270 | epoch 0.17s | total 408.4s | lr 0.00004
E2281/10000 | train 0.023497 | test 0.030251 | epoch 0.17s | total 408.6s | lr 0.00004
E2282/10000 | train 0.023498 | test 0.030281 | epoch 0.17s | total 408.8s | lr 0.00004
E2283/10000 | train 0.023516 | test 0.030237 | epoch 0.17s | total 409.0s | lr 0.00004
E2284/10000 | train 0.023510 | test 0.030302 | epoch 0.17s | total 409.1s | lr 0.00004
E2285/10000 | train 0.023501 | test 0.030247 | epoch 0.17s | total 409.3s | lr 0.00004
E2286/10000 | train 0.023503 | test 0.030260 | epoch 0.17s | total 409.5s | lr 0.00004
E2287/10000 | train 0.023479 | test 0.030282 | epoch 0.18s | total 409.7s | lr 0.00004
E2288/10000 | train 0.023491 | test 0.030284 | epoch 0.18s | total 409.9s | lr 0.00004
E2289/10000 | train 0.023494 | test 0.030297 | epoch 0.17s | total 410.1s | lr 0.00004
E2290/10000 | train 0.023487 | test 0.030279 | epoch 0.18s | total 410.2s | lr 0.00004
E2291/10000 | train 0.023469 | test 0.030282 | epoch 0.18s | total 410.4s | lr 0.00004
E2292/10000 | train 0.023478 | test 0.030285 | epoch 0.17s | total 410.6s | lr 0.00004
E2293/10000 | train 0.023468 | test 0.030290 | epoch 0.17s | total 410.8s | lr 0.00004
E2294/10000 | train 0.023476 | test 0.030274 | epoch 0.17s | total 411.0s | lr 0.00004
E2295/10000 | train 0.023482 | test 0.030272 | epoch 0.17s | total 411.1s | lr 0.00004
E2296/10000 | train 0.023471 | test 0.030282 | epoch 0.17s | total 411.3s | lr 0.00004
E2297/10000 | train 0.023479 | test 0.030285 | epoch 0.17s | total 411.5s | lr 0.00004
E2298/10000 | train 0.023481 | test 0.030284 | epoch 0.17s | total 411.7s | lr 0.00003
E2299/10000 | train 0.023467 | test 0.030313 | epoch 0.17s | total 411.9s | lr 0.00003
E2300/10000 | train 0.023475 | test 0.030299 | epoch 0.17s | total 412.0s | lr 0.00003
E2301/10000 | train 0.023454 | test 0.030294 | epoch 0.17s | total 412.2s | lr 0.00003
E2302/10000 | train 0.023475 | test 0.030289 | epoch 0.17s | total 412.4s | lr 0.00003
E2303/10000 | train 0.023471 | test 0.030300 | epoch 0.17s | total 412.6s | lr 0.00003
E2304/10000 | train 0.023466 | test 0.030309 | epoch 0.17s | total 412.8s | lr 0.00003
E2305/10000 | train 0.023469 | test 0.030307 | epoch 0.17s | total 412.9s | lr 0.00003
E2306/10000 | train 0.023461 | test 0.030320 | epoch 0.17s | total 413.1s | lr 0.00003
E2307/10000 | train 0.023452 | test 0.030328 | epoch 0.17s | total 413.3s | lr 0.00003
E2308/10000 | train 0.023448 | test 0.030324 | epoch 0.17s | total 413.5s | lr 0.00003
E2309/10000 | train 0.023447 | test 0.030320 | epoch 0.17s | total 413.6s | lr 0.00003
E2310/10000 | train 0.023455 | test 0.030303 | epoch 0.17s | total 413.8s | lr 0.00003
E2311/10000 | train 0.023467 | test 0.030298 | epoch 0.17s | total 414.0s | lr 0.00003
E2312/10000 | train 0.023460 | test 0.030305 | epoch 0.17s | total 414.2s | lr 0.00003
E2313/10000 | train 0.023461 | test 0.030307 | epoch 0.17s | total 414.4s | lr 0.00003
E2314/10000 | train 0.023456 | test 0.030304 | epoch 0.17s | total 414.5s | lr 0.00003
E2315/10000 | train 0.023454 | test 0.030298 | epoch 0.17s | total 414.7s | lr 0.00003
E2316/10000 | train 0.023455 | test 0.030311 | epoch 0.17s | total 414.9s | lr 0.00003
E2317/10000 | train 0.023444 | test 0.030309 | epoch 0.17s | total 415.1s | lr 0.00003
E2318/10000 | train 0.023439 | test 0.030310 | epoch 0.17s | total 415.2s | lr 0.00003
E2319/10000 | train 0.023434 | test 0.030307 | epoch 0.17s | total 415.4s | lr 0.00003
E2320/10000 | train 0.023452 | test 0.030300 | epoch 0.17s | total 415.6s | lr 0.00003
E2321/10000 | train 0.023440 | test 0.030312 | epoch 0.17s | total 415.8s | lr 0.00003
E2322/10000 | train 0.023447 | test 0.030313 | epoch 0.17s | total 416.0s | lr 0.00003
E2323/10000 | train 0.023451 | test 0.030313 | epoch 0.17s | total 416.1s | lr 0.00003
E2324/10000 | train 0.023439 | test 0.030319 | epoch 0.17s | total 416.3s | lr 0.00003
E2325/10000 | train 0.023436 | test 0.030311 | epoch 0.17s | total 416.5s | lr 0.00003
E2326/10000 | train 0.023429 | test 0.030303 | epoch 0.17s | total 416.7s | lr 0.00003
E2327/10000 | train 0.023433 | test 0.030305 | epoch 0.17s | total 416.8s | lr 0.00003
E2328/10000 | train 0.023435 | test 0.030327 | epoch 0.17s | total 417.0s | lr 0.00003
E2329/10000 | train 0.023429 | test 0.030315 | epoch 0.17s | total 417.2s | lr 0.00003
E2330/10000 | train 0.023435 | test 0.030299 | epoch 0.17s | total 417.4s | lr 0.00003
E2331/10000 | train 0.023439 | test 0.030323 | epoch 0.17s | total 417.6s | lr 0.00003
E2332/10000 | train 0.023424 | test 0.030316 | epoch 0.17s | total 417.7s | lr 0.00003
E2333/10000 | train 0.023440 | test 0.030326 | epoch 0.17s | total 417.9s | lr 0.00003
E2334/10000 | train 0.023432 | test 0.030313 | epoch 0.17s | total 418.1s | lr 0.00003
E2335/10000 | train 0.023436 | test 0.030313 | epoch 0.17s | total 418.3s | lr 0.00003
E2336/10000 | train 0.023421 | test 0.030304 | epoch 0.18s | total 418.5s | lr 0.00003
E2337/10000 | train 0.023426 | test 0.030321 | epoch 0.17s | total 418.6s | lr 0.00003
E2338/10000 | train 0.023419 | test 0.030323 | epoch 0.17s | total 418.8s | lr 0.00003
E2339/10000 | train 0.023429 | test 0.030312 | epoch 0.18s | total 419.0s | lr 0.00003
E2340/10000 | train 0.023420 | test 0.030331 | epoch 0.17s | total 419.2s | lr 0.00003
E2341/10000 | train 0.023435 | test 0.030339 | epoch 0.17s | total 419.4s | lr 0.00003
E2342/10000 | train 0.023422 | test 0.030337 | epoch 0.17s | total 419.5s | lr 0.00003
E2343/10000 | train 0.023421 | test 0.030338 | epoch 0.17s | total 419.7s | lr 0.00003
E2344/10000 | train 0.023425 | test 0.030335 | epoch 0.17s | total 419.9s | lr 0.00002
E2345/10000 | train 0.023418 | test 0.030333 | epoch 0.17s | total 420.1s | lr 0.00002
E2346/10000 | train 0.023417 | test 0.030321 | epoch 0.17s | total 420.2s | lr 0.00002
E2347/10000 | train 0.023410 | test 0.030318 | epoch 0.17s | total 420.4s | lr 0.00002
E2348/10000 | train 0.023426 | test 0.030324 | epoch 0.17s | total 420.6s | lr 0.00002
E2349/10000 | train 0.023417 | test 0.030319 | epoch 0.17s | total 420.8s | lr 0.00002
E2350/10000 | train 0.023413 | test 0.030332 | epoch 0.17s | total 421.0s | lr 0.00002
E2351/10000 | train 0.023416 | test 0.030322 | epoch 0.17s | total 421.1s | lr 0.00002
E2352/10000 | train 0.023412 | test 0.030343 | epoch 0.17s | total 421.3s | lr 0.00002
E2353/10000 | train 0.023431 | test 0.030336 | epoch 0.17s | total 421.5s | lr 0.00002
E2354/10000 | train 0.023413 | test 0.030330 | epoch 0.17s | total 421.7s | lr 0.00002
E2355/10000 | train 0.023409 | test 0.030325 | epoch 0.17s | total 421.8s | lr 0.00002
E2356/10000 | train 0.023409 | test 0.030321 | epoch 0.17s | total 422.0s | lr 0.00002
E2357/10000 | train 0.023416 | test 0.030330 | epoch 0.17s | total 422.2s | lr 0.00002
E2358/10000 | train 0.023412 | test 0.030316 | epoch 0.17s | total 422.4s | lr 0.00002
E2359/10000 | train 0.023405 | test 0.030313 | epoch 0.17s | total 422.6s | lr 0.00002
E2360/10000 | train 0.023404 | test 0.030306 | epoch 0.17s | total 422.7s | lr 0.00002
E2361/10000 | train 0.023411 | test 0.030316 | epoch 0.17s | total 422.9s | lr 0.00002
E2362/10000 | train 0.023414 | test 0.030324 | epoch 0.17s | total 423.1s | lr 0.00002
E2363/10000 | train 0.023424 | test 0.030312 | epoch 0.17s | total 423.3s | lr 0.00002
E2364/10000 | train 0.023402 | test 0.030323 | epoch 0.17s | total 423.4s | lr 0.00002
E2365/10000 | train 0.023413 | test 0.030319 | epoch 0.17s | total 423.6s | lr 0.00002
E2366/10000 | train 0.023393 | test 0.030308 | epoch 0.17s | total 423.8s | lr 0.00002
E2367/10000 | train 0.023399 | test 0.030305 | epoch 0.17s | total 424.0s | lr 0.00002
E2368/10000 | train 0.023404 | test 0.030319 | epoch 0.17s | total 424.2s | lr 0.00002
E2369/10000 | train 0.023397 | test 0.030326 | epoch 0.17s | total 424.3s | lr 0.00002
E2370/10000 | train 0.023404 | test 0.030315 | epoch 0.17s | total 424.5s | lr 0.00002
E2371/10000 | train 0.023404 | test 0.030324 | epoch 0.17s | total 424.7s | lr 0.00002
E2372/10000 | train 0.023385 | test 0.030338 | epoch 0.17s | total 424.9s | lr 0.00002
E2373/10000 | train 0.023406 | test 0.030325 | epoch 0.17s | total 425.0s | lr 0.00002
E2374/10000 | train 0.023391 | test 0.030330 | epoch 0.18s | total 425.2s | lr 0.00002
E2375/10000 | train 0.023392 | test 0.030344 | epoch 0.17s | total 425.4s | lr 0.00002
E2376/10000 | train 0.023393 | test 0.030341 | epoch 0.17s | total 425.6s | lr 0.00002
E2377/10000 | train 0.023395 | test 0.030340 | epoch 0.17s | total 425.8s | lr 0.00002
E2378/10000 | train 0.023400 | test 0.030341 | epoch 0.17s | total 425.9s | lr 0.00002
E2379/10000 | train 0.023391 | test 0.030341 | epoch 0.17s | total 426.1s | lr 0.00002
E2380/10000 | train 0.023384 | test 0.030345 | epoch 0.17s | total 426.3s | lr 0.00002
E2381/10000 | train 0.023389 | test 0.030340 | epoch 0.17s | total 426.5s | lr 0.00002
E2382/10000 | train 0.023400 | test 0.030336 | epoch 0.17s | total 426.7s | lr 0.00002
E2383/10000 | train 0.023385 | test 0.030339 | epoch 0.17s | total 426.8s | lr 0.00002
E2384/10000 | train 0.023397 | test 0.030320 | epoch 0.17s | total 427.0s | lr 0.00002
E2385/10000 | train 0.023393 | test 0.030331 | epoch 0.17s | total 427.2s | lr 0.00002
E2386/10000 | train 0.023380 | test 0.030334 | epoch 0.17s | total 427.4s | lr 0.00002
E2387/10000 | train 0.023389 | test 0.030331 | epoch 0.17s | total 427.5s | lr 0.00002
E2388/10000 | train 0.023382 | test 0.030334 | epoch 0.17s | total 427.7s | lr 0.00002
E2389/10000 | train 0.023381 | test 0.030329 | epoch 0.17s | total 427.9s | lr 0.00002
E2390/10000 | train 0.023382 | test 0.030330 | epoch 0.17s | total 428.1s | lr 0.00002
E2391/10000 | train 0.023379 | test 0.030331 | epoch 0.17s | total 428.3s | lr 0.00002
E2392/10000 | train 0.023378 | test 0.030327 | epoch 0.17s | total 428.4s | lr 0.00002
E2393/10000 | train 0.023380 | test 0.030333 | epoch 0.17s | total 428.6s | lr 0.00002
E2394/10000 | train 0.023389 | test 0.030332 | epoch 0.17s | total 428.8s | lr 0.00002
E2395/10000 | train 0.023376 | test 0.030329 | epoch 0.17s | total 429.0s | lr 0.00002
E2396/10000 | train 0.023379 | test 0.030334 | epoch 0.17s | total 429.1s | lr 0.00002
E2397/10000 | train 0.023384 | test 0.030340 | epoch 0.17s | total 429.3s | lr 0.00002
E2398/10000 | train 0.023392 | test 0.030335 | epoch 0.18s | total 429.5s | lr 0.00002
E2399/10000 | train 0.023376 | test 0.030339 | epoch 0.17s | total 429.7s | lr 0.00002
E2400/10000 | train 0.023373 | test 0.030332 | epoch 0.17s | total 429.9s | lr 0.00002
E2401/10000 | train 0.023362 | test 0.030323 | epoch 0.17s | total 430.0s | lr 0.00002
E2402/10000 | train 0.023387 | test 0.030329 | epoch 0.17s | total 430.2s | lr 0.00002
E2403/10000 | train 0.023393 | test 0.030330 | epoch 0.17s | total 430.4s | lr 0.00002
E2404/10000 | train 0.023371 | test 0.030325 | epoch 0.17s | total 430.6s | lr 0.00002
E2405/10000 | train 0.023369 | test 0.030322 | epoch 0.17s | total 430.8s | lr 0.00002
E2406/10000 | train 0.023386 | test 0.030322 | epoch 0.17s | total 430.9s | lr 0.00002
E2407/10000 | train 0.023370 | test 0.030340 | epoch 0.17s | total 431.1s | lr 0.00002
E2408/10000 | train 0.023365 | test 0.030334 | epoch 0.17s | total 431.3s | lr 0.00002
E2409/10000 | train 0.023371 | test 0.030336 | epoch 0.17s | total 431.5s | lr 0.00002
E2410/10000 | train 0.023374 | test 0.030336 | epoch 0.17s | total 431.6s | lr 0.00002
E2411/10000 | train 0.023371 | test 0.030338 | epoch 0.17s | total 431.8s | lr 0.00002
E2412/10000 | train 0.023366 | test 0.030337 | epoch 0.17s | total 432.0s | lr 0.00001
E2413/10000 | train 0.023372 | test 0.030332 | epoch 0.17s | total 432.2s | lr 0.00001
E2414/10000 | train 0.023359 | test 0.030343 | epoch 0.17s | total 432.4s | lr 0.00001
E2415/10000 | train 0.023364 | test 0.030341 | epoch 0.17s | total 432.5s | lr 0.00001
E2416/10000 | train 0.023377 | test 0.030337 | epoch 0.17s | total 432.7s | lr 0.00001
E2417/10000 | train 0.023372 | test 0.030338 | epoch 0.17s | total 432.9s | lr 0.00001
E2418/10000 | train 0.023368 | test 0.030333 | epoch 0.17s | total 433.1s | lr 0.00001
E2419/10000 | train 0.023363 | test 0.030347 | epoch 0.17s | total 433.2s | lr 0.00001
E2420/10000 | train 0.023367 | test 0.030338 | epoch 0.17s | total 433.4s | lr 0.00001
E2421/10000 | train 0.023363 | test 0.030352 | epoch 0.17s | total 433.6s | lr 0.00001
E2422/10000 | train 0.023374 | test 0.030346 | epoch 0.17s | total 433.8s | lr 0.00001
E2423/10000 | train 0.023363 | test 0.030352 | epoch 0.17s | total 434.0s | lr 0.00001
E2424/10000 | train 0.023357 | test 0.030341 | epoch 0.17s | total 434.1s | lr 0.00001
E2425/10000 | train 0.023365 | test 0.030350 | epoch 0.17s | total 434.3s | lr 0.00001
E2426/10000 | train 0.023358 | test 0.030344 | epoch 0.17s | total 434.5s | lr 0.00001
E2427/10000 | train 0.023371 | test 0.030347 | epoch 0.17s | total 434.7s | lr 0.00001
E2428/10000 | train 0.023368 | test 0.030340 | epoch 0.17s | total 434.8s | lr 0.00001
E2429/10000 | train 0.023356 | test 0.030338 | epoch 0.17s | total 435.0s | lr 0.00001
E2430/10000 | train 0.023357 | test 0.030342 | epoch 0.17s | total 435.2s | lr 0.00001
E2431/10000 | train 0.023363 | test 0.030348 | epoch 0.17s | total 435.4s | lr 0.00001
E2432/10000 | train 0.023368 | test 0.030335 | epoch 0.17s | total 435.6s | lr 0.00001
E2433/10000 | train 0.023391 | test 0.030353 | epoch 0.17s | total 435.7s | lr 0.00001
E2434/10000 | train 0.023384 | test 0.030344 | epoch 0.17s | total 435.9s | lr 0.00001
E2435/10000 | train 0.023373 | test 0.030325 | epoch 0.17s | total 436.1s | lr 0.00001
E2436/10000 | train 0.023386 | test 0.030329 | epoch 0.17s | total 436.3s | lr 0.00001
E2437/10000 | train 0.023368 | test 0.030331 | epoch 0.17s | total 436.4s | lr 0.00001
E2438/10000 | train 0.023374 | test 0.030349 | epoch 0.17s | total 436.6s | lr 0.00001
E2439/10000 | train 0.023366 | test 0.030341 | epoch 0.17s | total 436.8s | lr 0.00001
E2440/10000 | train 0.023370 | test 0.030360 | epoch 0.17s | total 437.0s | lr 0.00001
E2441/10000 | train 0.023367 | test 0.030338 | epoch 0.17s | total 437.2s | lr 0.00001
E2442/10000 | train 0.023361 | test 0.030344 | epoch 0.17s | total 437.3s | lr 0.00001
E2443/10000 | train 0.023370 | test 0.030350 | epoch 0.17s | total 437.5s | lr 0.00001
E2444/10000 | train 0.023358 | test 0.030343 | epoch 0.17s | total 437.7s | lr 0.00001
E2445/10000 | train 0.023350 | test 0.030351 | epoch 0.17s | total 437.9s | lr 0.00001
E2446/10000 | train 0.023361 | test 0.030360 | epoch 0.17s | total 438.0s | lr 0.00001
E2447/10000 | train 0.023359 | test 0.030351 | epoch 0.17s | total 438.2s | lr 0.00001
E2448/10000 | train 0.023360 | test 0.030346 | epoch 0.17s | total 438.4s | lr 0.00001
E2449/10000 | train 0.023368 | test 0.030344 | epoch 0.17s | total 438.6s | lr 0.00001
E2450/10000 | train 0.023361 | test 0.030350 | epoch 0.17s | total 438.8s | lr 0.00001
E2451/10000 | train 0.023354 | test 0.030355 | epoch 0.17s | total 438.9s | lr 0.00001
E2452/10000 | train 0.023355 | test 0.030351 | epoch 0.17s | total 439.1s | lr 0.00001
E2453/10000 | train 0.023351 | test 0.030336 | epoch 0.17s | total 439.3s | lr 0.00001
E2454/10000 | train 0.023353 | test 0.030334 | epoch 0.17s | total 439.5s | lr 0.00001
E2455/10000 | train 0.023346 | test 0.030335 | epoch 0.17s | total 439.6s | lr 0.00001
E2456/10000 | train 0.023346 | test 0.030340 | epoch 0.17s | total 439.8s | lr 0.00001
E2457/10000 | train 0.023359 | test 0.030331 | epoch 0.17s | total 440.0s | lr 0.00001
E2458/10000 | train 0.023343 | test 0.030346 | epoch 0.17s | total 440.2s | lr 0.00001
E2459/10000 | train 0.023356 | test 0.030365 | epoch 0.17s | total 440.4s | lr 0.00001
E2460/10000 | train 0.023356 | test 0.030340 | epoch 0.17s | total 440.5s | lr 0.00001
E2461/10000 | train 0.023349 | test 0.030340 | epoch 0.17s | total 440.7s | lr 0.00001
E2462/10000 | train 0.023340 | test 0.030342 | epoch 0.17s | total 440.9s | lr 0.00001
E2463/10000 | train 0.023344 | test 0.030345 | epoch 0.17s | total 441.1s | lr 0.00001
E2464/10000 | train 0.023356 | test 0.030361 | epoch 0.17s | total 441.2s | lr 0.00001
E2465/10000 | train 0.023348 | test 0.030348 | epoch 0.17s | total 441.4s | lr 0.00001
E2466/10000 | train 0.023350 | test 0.030338 | epoch 0.17s | total 441.6s | lr 0.00001
E2467/10000 | train 0.023352 | test 0.030344 | epoch 0.17s | total 441.8s | lr 0.00001
E2468/10000 | train 0.023348 | test 0.030355 | epoch 0.17s | total 442.0s | lr 0.00001
E2469/10000 | train 0.023360 | test 0.030356 | epoch 0.17s | total 442.1s | lr 0.00001
E2470/10000 | train 0.023349 | test 0.030346 | epoch 0.17s | total 442.3s | lr 0.00001
E2471/10000 | train 0.023334 | test 0.030352 | epoch 0.17s | total 442.5s | lr 0.00001
E2472/10000 | train 0.023343 | test 0.030343 | epoch 0.17s | total 442.7s | lr 0.00001
E2473/10000 | train 0.023332 | test 0.030350 | epoch 0.17s | total 442.8s | lr 0.00001
E2474/10000 | train 0.023351 | test 0.030346 | epoch 0.17s | total 443.0s | lr 0.00001
E2475/10000 | train 0.023348 | test 0.030357 | epoch 0.17s | total 443.2s | lr 0.00001
E2476/10000 | train 0.023341 | test 0.030363 | epoch 0.17s | total 443.4s | lr 0.00001
E2477/10000 | train 0.023355 | test 0.030348 | epoch 0.17s | total 443.6s | lr 0.00001
E2478/10000 | train 0.023341 | test 0.030357 | epoch 0.17s | total 443.7s | lr 0.00001
E2479/10000 | train 0.023339 | test 0.030349 | epoch 0.17s | total 443.9s | lr 0.00001
E2480/10000 | train 0.023350 | test 0.030350 | epoch 0.17s | total 444.1s | lr 0.00001
E2481/10000 | train 0.023341 | test 0.030356 | epoch 0.17s | total 444.3s | lr 0.00001
E2482/10000 | train 0.023340 | test 0.030348 | epoch 0.17s | total 444.4s | lr 0.00001
E2483/10000 | train 0.023340 | test 0.030354 | epoch 0.17s | total 444.6s | lr 0.00001
E2484/10000 | train 0.023334 | test 0.030351 | epoch 0.17s | total 444.8s | lr 0.00001
E2485/10000 | train 0.023346 | test 0.030355 | epoch 0.17s | total 445.0s | lr 0.00001
E2486/10000 | train 0.023339 | test 0.030350 | epoch 0.17s | total 445.2s | lr 0.00001
E2487/10000 | train 0.023341 | test 0.030344 | epoch 0.17s | total 445.3s | lr 0.00001
E2488/10000 | train 0.023328 | test 0.030351 | epoch 0.17s | total 445.5s | lr 0.00001
E2489/10000 | train 0.023343 | test 0.030349 | epoch 0.17s | total 445.7s | lr 0.00001
E2490/10000 | train 0.023338 | test 0.030344 | epoch 0.17s | total 445.9s | lr 0.00001
E2491/10000 | train 0.023337 | test 0.030356 | epoch 0.17s | total 446.0s | lr 0.00001
E2492/10000 | train 0.023341 | test 0.030356 | epoch 0.17s | total 446.2s | lr 0.00001
E2493/10000 | train 0.023344 | test 0.030356 | epoch 0.17s | total 446.4s | lr 0.00001
E2494/10000 | train 0.023330 | test 0.030353 | epoch 0.17s | total 446.6s | lr 0.00001
E2495/10000 | train 0.023335 | test 0.030359 | epoch 0.17s | total 446.8s | lr 0.00001
E2496/10000 | train 0.023339 | test 0.030353 | epoch 0.17s | total 446.9s | lr 0.00001
E2497/10000 | train 0.023334 | test 0.030355 | epoch 0.17s | total 447.1s | lr 0.00001
E2498/10000 | train 0.023334 | test 0.030343 | epoch 0.17s | total 447.3s | lr 0.00001
E2499/10000 | train 0.023336 | test 0.030355 | epoch 0.17s | total 447.5s | lr 0.00001
E2500/10000 | train 0.023340 | test 0.030350 | epoch 0.17s | total 447.6s | lr 0.00001
E2501/10000 | train 0.023335 | test 0.030349 | epoch 0.17s | total 447.8s | lr 0.00001
E2502/10000 | train 0.023337 | test 0.030343 | epoch 0.17s | total 448.0s | lr 0.00001
E2503/10000 | train 0.023338 | test 0.030365 | epoch 0.18s | total 448.2s | lr 0.00001
E2504/10000 | train 0.024070 | test 0.031503 | epoch 0.17s | total 448.4s | lr 0.00090
E2505/10000 | train 0.030347 | test 0.032403 | epoch 0.17s | total 448.5s | lr 0.00090
E2506/10000 | train 0.031349 | test 0.031731 | epoch 0.17s | total 448.7s | lr 0.00090
E2507/10000 | train 0.030205 | test 0.031708 | epoch 0.17s | total 448.9s | lr 0.00090
E2508/10000 | train 0.030432 | test 0.031397 | epoch 0.17s | total 449.1s | lr 0.00090
E2509/10000 | train 0.030171 | test 0.031434 | epoch 0.17s | total 449.3s | lr 0.00090
E2510/10000 | train 0.030065 | test 0.030830 | epoch 0.17s | total 449.4s | lr 0.00090
E2511/10000 | train 0.029025 | test 0.030487 | epoch 0.17s | total 449.6s | lr 0.00090
E2512/10000 | train 0.028850 | test 0.030685 | epoch 0.17s | total 449.8s | lr 0.00090
E2513/10000 | train 0.028837 | test 0.030631 | epoch 0.17s | total 450.0s | lr 0.00090
E2514/10000 | train 0.028599 | test 0.030383 | epoch 0.17s | total 450.1s | lr 0.00090
E2515/10000 | train 0.028147 | test 0.030380 | epoch 0.17s | total 450.3s | lr 0.00090
E2516/10000 | train 0.028272 | test 0.030346 | epoch 0.17s | total 450.5s | lr 0.00090
E2517/10000 | train 0.028260 | test 0.030608 | epoch 0.17s | total 450.7s | lr 0.00090
E2518/10000 | train 0.028696 | test 0.030804 | epoch 0.17s | total 450.9s | lr 0.00090
E2519/10000 | train 0.028701 | test 0.030605 | epoch 0.17s | total 451.0s | lr 0.00090
E2520/10000 | train 0.028421 | test 0.030550 | epoch 0.17s | total 451.2s | lr 0.00090
E2521/10000 | train 0.028104 | test 0.030274 | epoch 0.17s | total 451.4s | lr 0.00090
E2522/10000 | train 0.027786 | test 0.030174 | epoch 0.17s | total 451.6s | lr 0.00090
E2523/10000 | train 0.027623 | test 0.030227 | epoch 0.17s | total 451.7s | lr 0.00090
E2524/10000 | train 0.027521 | test 0.030175 | epoch 0.17s | total 451.9s | lr 0.00090
E2525/10000 | train 0.027522 | test 0.030160 | epoch 0.17s | total 452.1s | lr 0.00090
E2526/10000 | train 0.027486 | test 0.030143 | epoch 0.17s | total 452.3s | lr 0.00090
E2527/10000 | train 0.027672 | test 0.030189 | epoch 0.17s | total 452.5s | lr 0.00090
E2528/10000 | train 0.027622 | test 0.030386 | epoch 0.17s | total 452.6s | lr 0.00090
E2529/10000 | train 0.027795 | test 0.030457 | epoch 0.17s | total 452.8s | lr 0.00090
E2530/10000 | train 0.027620 | test 0.030149 | epoch 0.17s | total 453.0s | lr 0.00090
E2531/10000 | train 0.027640 | test 0.030164 | epoch 0.17s | total 453.2s | lr 0.00090
E2532/10000 | train 0.027490 | test 0.030156 | epoch 0.17s | total 453.3s | lr 0.00090
E2533/10000 | train 0.027577 | test 0.030217 | epoch 0.17s | total 453.5s | lr 0.00090
E2534/10000 | train 0.027651 | test 0.030216 | epoch 0.17s | total 453.7s | lr 0.00090
E2535/10000 | train 0.027766 | test 0.030201 | epoch 0.17s | total 453.9s | lr 0.00090
E2536/10000 | train 0.027650 | test 0.030198 | epoch 0.17s | total 454.1s | lr 0.00090
E2537/10000 | train 0.027629 | test 0.030141 | epoch 0.17s | total 454.2s | lr 0.00090
E2538/10000 | train 0.027730 | test 0.030245 | epoch 0.17s | total 454.4s | lr 0.00090
E2539/10000 | train 0.027732 | test 0.030149 | epoch 0.17s | total 454.6s | lr 0.00090
E2540/10000 | train 0.027575 | test 0.030068 | epoch 0.17s | total 454.8s | lr 0.00090
E2541/10000 | train 0.027382 | test 0.030029 | epoch 0.17s | total 454.9s | lr 0.00090
E2542/10000 | train 0.027399 | test 0.030096 | epoch 0.17s | total 455.1s | lr 0.00090
E2543/10000 | train 0.027599 | test 0.030310 | epoch 0.17s | total 455.3s | lr 0.00090
E2544/10000 | train 0.027849 | test 0.030485 | epoch 0.17s | total 455.5s | lr 0.00090
E2545/10000 | train 0.028191 | test 0.030427 | epoch 0.17s | total 455.7s | lr 0.00090
E2546/10000 | train 0.027900 | test 0.030257 | epoch 0.17s | total 455.8s | lr 0.00090
E2547/10000 | train 0.027871 | test 0.030231 | epoch 0.17s | total 456.0s | lr 0.00090
E2548/10000 | train 0.028023 | test 0.030346 | epoch 0.17s | total 456.2s | lr 0.00090
E2549/10000 | train 0.028047 | test 0.030214 | epoch 0.17s | total 456.4s | lr 0.00090
E2550/10000 | train 0.027801 | test 0.030122 | epoch 0.17s | total 456.5s | lr 0.00090
E2551/10000 | train 0.027653 | test 0.030001 | epoch 0.17s | total 456.7s | lr 0.00090
E2552/10000 | train 0.027465 | test 0.029938 | epoch 0.17s | total 456.9s | lr 0.00090
E2553/10000 | train 0.027340 | test 0.030094 | epoch 0.17s | total 457.1s | lr 0.00090
E2554/10000 | train 0.027410 | test 0.030082 | epoch 0.17s | total 457.3s | lr 0.00090
E2555/10000 | train 0.027386 | test 0.030136 | epoch 0.17s | total 457.4s | lr 0.00090
E2556/10000 | train 0.027514 | test 0.030091 | epoch 0.17s | total 457.6s | lr 0.00090
E2557/10000 | train 0.027327 | test 0.029870 | epoch 0.17s | total 457.8s | lr 0.00090
E2558/10000 | train 0.027267 | test 0.030188 | epoch 0.17s | total 458.0s | lr 0.00090
E2559/10000 | train 0.027603 | test 0.030295 | epoch 0.17s | total 458.1s | lr 0.00090
E2560/10000 | train 0.027372 | test 0.030162 | epoch 0.17s | total 458.3s | lr 0.00090
E2561/10000 | train 0.027537 | test 0.030435 | epoch 0.17s | total 458.5s | lr 0.00090
E2562/10000 | train 0.027967 | test 0.030539 | epoch 0.17s | total 458.7s | lr 0.00090
E2563/10000 | train 0.027936 | test 0.030200 | epoch 0.17s | total 458.9s | lr 0.00090
E2564/10000 | train 0.027468 | test 0.030101 | epoch 0.17s | total 459.0s | lr 0.00090
E2565/10000 | train 0.027390 | test 0.030163 | epoch 0.17s | total 459.2s | lr 0.00090
E2566/10000 | train 0.027641 | test 0.030483 | epoch 0.17s | total 459.4s | lr 0.00090
E2567/10000 | train 0.027955 | test 0.030966 | epoch 0.17s | total 459.6s | lr 0.00090
E2568/10000 | train 0.028391 | test 0.030933 | epoch 0.17s | total 459.7s | lr 0.00090
E2569/10000 | train 0.028260 | test 0.030494 | epoch 0.17s | total 459.9s | lr 0.00090
E2570/10000 | train 0.027853 | test 0.030246 | epoch 0.17s | total 460.1s | lr 0.00090
E2571/10000 | train 0.027614 | test 0.030011 | epoch 0.17s | total 460.3s | lr 0.00090
E2572/10000 | train 0.027359 | test 0.029937 | epoch 0.17s | total 460.5s | lr 0.00090
E2573/10000 | train 0.027173 | test 0.029917 | epoch 0.17s | total 460.6s | lr 0.00090
E2574/10000 | train 0.027116 | test 0.029964 | epoch 0.17s | total 460.8s | lr 0.00090
E2575/10000 | train 0.027114 | test 0.029810 | epoch 0.17s | total 461.0s | lr 0.00090
E2576/10000 | train 0.026974 | test 0.029869 | epoch 0.17s | total 461.2s | lr 0.00090
E2577/10000 | train 0.026962 | test 0.029863 | epoch 0.17s | total 461.3s | lr 0.00090
E2578/10000 | train 0.027000 | test 0.029929 | epoch 0.17s | total 461.5s | lr 0.00090
E2579/10000 | train 0.027087 | test 0.029900 | epoch 0.17s | total 461.7s | lr 0.00090
E2580/10000 | train 0.026992 | test 0.029861 | epoch 0.17s | total 461.9s | lr 0.00090
E2581/10000 | train 0.027020 | test 0.029888 | epoch 0.17s | total 462.1s | lr 0.00090
E2582/10000 | train 0.027039 | test 0.030012 | epoch 0.17s | total 462.2s | lr 0.00090
E2583/10000 | train 0.027197 | test 0.029946 | epoch 0.17s | total 462.4s | lr 0.00090
E2584/10000 | train 0.027131 | test 0.029880 | epoch 0.17s | total 462.6s | lr 0.00090
E2585/10000 | train 0.027097 | test 0.029901 | epoch 0.17s | total 462.8s | lr 0.00090
E2586/10000 | train 0.027193 | test 0.029857 | epoch 0.17s | total 462.9s | lr 0.00090
E2587/10000 | train 0.027061 | test 0.029828 | epoch 0.17s | total 463.1s | lr 0.00090
E2588/10000 | train 0.027050 | test 0.029926 | epoch 0.17s | total 463.3s | lr 0.00090
E2589/10000 | train 0.027046 | test 0.029863 | epoch 0.17s | total 463.5s | lr 0.00090
E2590/10000 | train 0.027032 | test 0.029854 | epoch 0.17s | total 463.7s | lr 0.00090
E2591/10000 | train 0.027048 | test 0.029857 | epoch 0.17s | total 463.8s | lr 0.00090
E2592/10000 | train 0.027210 | test 0.029908 | epoch 0.17s | total 464.0s | lr 0.00090
E2593/10000 | train 0.027088 | test 0.029868 | epoch 0.17s | total 464.2s | lr 0.00090
E2594/10000 | train 0.027083 | test 0.029823 | epoch 0.17s | total 464.4s | lr 0.00090
E2595/10000 | train 0.027276 | test 0.029849 | epoch 0.17s | total 464.5s | lr 0.00090
E2596/10000 | train 0.027110 | test 0.029819 | epoch 0.17s | total 464.7s | lr 0.00090
E2597/10000 | train 0.027116 | test 0.029922 | epoch 0.17s | total 464.9s | lr 0.00090
E2598/10000 | train 0.027286 | test 0.029911 | epoch 0.17s | total 465.1s | lr 0.00090
E2599/10000 | train 0.027359 | test 0.029830 | epoch 0.17s | total 465.3s | lr 0.00090
E2600/10000 | train 0.027362 | test 0.029879 | epoch 0.17s | total 465.4s | lr 0.00090
E2601/10000 | train 0.027483 | test 0.030094 | epoch 0.17s | total 465.6s | lr 0.00090
E2602/10000 | train 0.027275 | test 0.029991 | epoch 0.17s | total 465.8s | lr 0.00090
E2603/10000 | train 0.027249 | test 0.030018 | epoch 0.17s | total 466.0s | lr 0.00090
E2604/10000 | train 0.027422 | test 0.030046 | epoch 0.17s | total 466.1s | lr 0.00090
E2605/10000 | train 0.027378 | test 0.030089 | epoch 0.17s | total 466.3s | lr 0.00090
E2606/10000 | train 0.027361 | test 0.030172 | epoch 0.17s | total 466.5s | lr 0.00090
E2607/10000 | train 0.027318 | test 0.030082 | epoch 0.17s | total 466.7s | lr 0.00090
E2608/10000 | train 0.027259 | test 0.029923 | epoch 0.17s | total 466.9s | lr 0.00090
E2609/10000 | train 0.027151 | test 0.029876 | epoch 0.17s | total 467.0s | lr 0.00090
E2610/10000 | train 0.027116 | test 0.029944 | epoch 0.17s | total 467.2s | lr 0.00090
E2611/10000 | train 0.027238 | test 0.030089 | epoch 0.17s | total 467.4s | lr 0.00090
E2612/10000 | train 0.027262 | test 0.030166 | epoch 0.17s | total 467.6s | lr 0.00090
E2613/10000 | train 0.027286 | test 0.030122 | epoch 0.17s | total 467.7s | lr 0.00090
E2614/10000 | train 0.027278 | test 0.029990 | epoch 0.17s | total 467.9s | lr 0.00090
E2615/10000 | train 0.027298 | test 0.030139 | epoch 0.17s | total 468.1s | lr 0.00090
E2616/10000 | train 0.027425 | test 0.030016 | epoch 0.17s | total 468.3s | lr 0.00090
E2617/10000 | train 0.027428 | test 0.030177 | epoch 0.17s | total 468.5s | lr 0.00090
E2618/10000 | train 0.027474 | test 0.030144 | epoch 0.17s | total 468.6s | lr 0.00090
E2619/10000 | train 0.027593 | test 0.030303 | epoch 0.17s | total 468.8s | lr 0.00090
E2620/10000 | train 0.027666 | test 0.030210 | epoch 0.17s | total 469.0s | lr 0.00090
E2621/10000 | train 0.027896 | test 0.030253 | epoch 0.17s | total 469.2s | lr 0.00090
E2622/10000 | train 0.027806 | test 0.030138 | epoch 0.17s | total 469.3s | lr 0.00090
E2623/10000 | train 0.027578 | test 0.030066 | epoch 0.17s | total 469.5s | lr 0.00090
E2624/10000 | train 0.027471 | test 0.030142 | epoch 0.17s | total 469.7s | lr 0.00089
E2625/10000 | train 0.027458 | test 0.030006 | epoch 0.17s | total 469.9s | lr 0.00089
E2626/10000 | train 0.027406 | test 0.030150 | epoch 0.17s | total 470.1s | lr 0.00089
E2627/10000 | train 0.027725 | test 0.030336 | epoch 0.17s | total 470.2s | lr 0.00089
E2628/10000 | train 0.027773 | test 0.030297 | epoch 0.17s | total 470.4s | lr 0.00089
E2629/10000 | train 0.027472 | test 0.030115 | epoch 0.17s | total 470.6s | lr 0.00089
E2630/10000 | train 0.027367 | test 0.030037 | epoch 0.17s | total 470.8s | lr 0.00089
E2631/10000 | train 0.027164 | test 0.029839 | epoch 0.17s | total 470.9s | lr 0.00089
E2632/10000 | train 0.027146 | test 0.029932 | epoch 0.17s | total 471.1s | lr 0.00089
E2633/10000 | train 0.027284 | test 0.030132 | epoch 0.17s | total 471.3s | lr 0.00089
E2634/10000 | train 0.027458 | test 0.030168 | epoch 0.17s | total 471.5s | lr 0.00089
E2635/10000 | train 0.027433 | test 0.030309 | epoch 0.17s | total 471.7s | lr 0.00089
E2636/10000 | train 0.027193 | test 0.030155 | epoch 0.17s | total 471.8s | lr 0.00089
E2637/10000 | train 0.027190 | test 0.030049 | epoch 0.17s | total 472.0s | lr 0.00089
E2638/10000 | train 0.027339 | test 0.030178 | epoch 0.17s | total 472.2s | lr 0.00089
E2639/10000 | train 0.027442 | test 0.030235 | epoch 0.17s | total 472.4s | lr 0.00089
E2640/10000 | train 0.027487 | test 0.030294 | epoch 0.17s | total 472.6s | lr 0.00089
E2641/10000 | train 0.027329 | test 0.030079 | epoch 0.17s | total 472.7s | lr 0.00089
E2642/10000 | train 0.027230 | test 0.029997 | epoch 0.17s | total 472.9s | lr 0.00089
E2643/10000 | train 0.027146 | test 0.029990 | epoch 0.17s | total 473.1s | lr 0.00089
E2644/10000 | train 0.027140 | test 0.030015 | epoch 0.17s | total 473.3s | lr 0.00089
E2645/10000 | train 0.027016 | test 0.029997 | epoch 0.17s | total 473.4s | lr 0.00089
E2646/10000 | train 0.026976 | test 0.030051 | epoch 0.17s | total 473.6s | lr 0.00089
E2647/10000 | train 0.027083 | test 0.030000 | epoch 0.17s | total 473.8s | lr 0.00089
E2648/10000 | train 0.027123 | test 0.030022 | epoch 0.17s | total 474.0s | lr 0.00089
E2649/10000 | train 0.027101 | test 0.030044 | epoch 0.17s | total 474.2s | lr 0.00089
E2650/10000 | train 0.027026 | test 0.029897 | epoch 0.17s | total 474.3s | lr 0.00089
E2651/10000 | train 0.027010 | test 0.029949 | epoch 0.17s | total 474.5s | lr 0.00089
E2652/10000 | train 0.027073 | test 0.030191 | epoch 0.17s | total 474.7s | lr 0.00089
E2653/10000 | train 0.027163 | test 0.030106 | epoch 0.17s | total 474.9s | lr 0.00089
E2654/10000 | train 0.027031 | test 0.030089 | epoch 0.17s | total 475.0s | lr 0.00089
E2655/10000 | train 0.027140 | test 0.029961 | epoch 0.17s | total 475.2s | lr 0.00089
E2656/10000 | train 0.027109 | test 0.029848 | epoch 0.17s | total 475.4s | lr 0.00089
E2657/10000 | train 0.026946 | test 0.029838 | epoch 0.17s | total 475.6s | lr 0.00089
E2658/10000 | train 0.027088 | test 0.029914 | epoch 0.17s | total 475.8s | lr 0.00089
E2659/10000 | train 0.027092 | test 0.030108 | epoch 0.17s | total 475.9s | lr 0.00089
E2660/10000 | train 0.027290 | test 0.030088 | epoch 0.17s | total 476.1s | lr 0.00089
E2661/10000 | train 0.027424 | test 0.030283 | epoch 0.17s | total 476.3s | lr 0.00089
E2662/10000 | train 0.027620 | test 0.030339 | epoch 0.17s | total 476.5s | lr 0.00089
E2663/10000 | train 0.027539 | test 0.030236 | epoch 0.17s | total 476.6s | lr 0.00089
E2664/10000 | train 0.027334 | test 0.030162 | epoch 0.17s | total 476.8s | lr 0.00089
E2665/10000 | train 0.027249 | test 0.030021 | epoch 0.17s | total 477.0s | lr 0.00089
E2666/10000 | train 0.027219 | test 0.029853 | epoch 0.17s | total 477.2s | lr 0.00089
E2667/10000 | train 0.027073 | test 0.029793 | epoch 0.17s | total 477.4s | lr 0.00089
E2668/10000 | train 0.027048 | test 0.029795 | epoch 0.17s | total 477.5s | lr 0.00089
E2669/10000 | train 0.027011 | test 0.029901 | epoch 0.17s | total 477.7s | lr 0.00089
E2670/10000 | train 0.026892 | test 0.029785 | epoch 0.17s | total 477.9s | lr 0.00089
E2671/10000 | train 0.026936 | test 0.029751 | epoch 0.17s | total 478.1s | lr 0.00089
E2672/10000 | train 0.027053 | test 0.030009 | epoch 0.17s | total 478.2s | lr 0.00089
E2673/10000 | train 0.027036 | test 0.029918 | epoch 0.17s | total 478.4s | lr 0.00089
E2674/10000 | train 0.026896 | test 0.029791 | epoch 0.17s | total 478.6s | lr 0.00089
E2675/10000 | train 0.026823 | test 0.029787 | epoch 0.17s | total 478.8s | lr 0.00089
E2676/10000 | train 0.026802 | test 0.029776 | epoch 0.17s | total 479.0s | lr 0.00089
E2677/10000 | train 0.026834 | test 0.029775 | epoch 0.17s | total 479.1s | lr 0.00089
E2678/10000 | train 0.026801 | test 0.029730 | epoch 0.17s | total 479.3s | lr 0.00089
E2679/10000 | train 0.026710 | test 0.029814 | epoch 0.18s | total 479.5s | lr 0.00089
E2680/10000 | train 0.026914 | test 0.029797 | epoch 0.17s | total 479.7s | lr 0.00089
E2681/10000 | train 0.026778 | test 0.029630 | epoch 0.17s | total 479.8s | lr 0.00089
E2682/10000 | train 0.026681 | test 0.029629 | epoch 0.17s | total 480.0s | lr 0.00089
E2683/10000 | train 0.026584 | test 0.029561 | epoch 0.17s | total 480.2s | lr 0.00089
E2684/10000 | train 0.026555 | test 0.029660 | epoch 0.17s | total 480.4s | lr 0.00089
E2685/10000 | train 0.026508 | test 0.029614 | epoch 0.17s | total 480.6s | lr 0.00089
E2686/10000 | train 0.026678 | test 0.029647 | epoch 0.17s | total 480.7s | lr 0.00089
E2687/10000 | train 0.026721 | test 0.029737 | epoch 0.17s | total 480.9s | lr 0.00089
E2688/10000 | train 0.026881 | test 0.029854 | epoch 0.17s | total 481.1s | lr 0.00089
E2689/10000 | train 0.026845 | test 0.029768 | epoch 0.17s | total 481.3s | lr 0.00089
E2690/10000 | train 0.026881 | test 0.029801 | epoch 0.17s | total 481.4s | lr 0.00089
E2691/10000 | train 0.026724 | test 0.029642 | epoch 0.17s | total 481.6s | lr 0.00089
E2692/10000 | train 0.026603 | test 0.029605 | epoch 0.17s | total 481.8s | lr 0.00089
E2693/10000 | train 0.026603 | test 0.029688 | epoch 0.18s | total 482.0s | lr 0.00089
E2694/10000 | train 0.026641 | test 0.029767 | epoch 0.17s | total 482.2s | lr 0.00089
E2695/10000 | train 0.026865 | test 0.029806 | epoch 0.17s | total 482.3s | lr 0.00089
E2696/10000 | train 0.026871 | test 0.029844 | epoch 0.17s | total 482.5s | lr 0.00089
E2697/10000 | train 0.026906 | test 0.029822 | epoch 0.17s | total 482.7s | lr 0.00089
E2698/10000 | train 0.026927 | test 0.030026 | epoch 0.17s | total 482.9s | lr 0.00089
E2699/10000 | train 0.026809 | test 0.029750 | epoch 0.17s | total 483.1s | lr 0.00089
E2700/10000 | train 0.026749 | test 0.029783 | epoch 0.17s | total 483.2s | lr 0.00089
E2701/10000 | train 0.026778 | test 0.029850 | epoch 0.17s | total 483.4s | lr 0.00089
E2702/10000 | train 0.026872 | test 0.029741 | epoch 0.17s | total 483.6s | lr 0.00089
E2703/10000 | train 0.027068 | test 0.029970 | epoch 0.17s | total 483.8s | lr 0.00089
E2704/10000 | train 0.027165 | test 0.029811 | epoch 0.17s | total 483.9s | lr 0.00089
E2705/10000 | train 0.027027 | test 0.029841 | epoch 0.17s | total 484.1s | lr 0.00089
E2706/10000 | train 0.027026 | test 0.029807 | epoch 0.17s | total 484.3s | lr 0.00089
E2707/10000 | train 0.027014 | test 0.029799 | epoch 0.17s | total 484.5s | lr 0.00089
E2708/10000 | train 0.026887 | test 0.029847 | epoch 0.17s | total 484.7s | lr 0.00089
E2709/10000 | train 0.026821 | test 0.029721 | epoch 0.17s | total 484.8s | lr 0.00089
E2710/10000 | train 0.026903 | test 0.029772 | epoch 0.17s | total 485.0s | lr 0.00089
E2711/10000 | train 0.026849 | test 0.029797 | epoch 0.17s | total 485.2s | lr 0.00088
E2712/10000 | train 0.026684 | test 0.029722 | epoch 0.17s | total 485.4s | lr 0.00088
E2713/10000 | train 0.026740 | test 0.029793 | epoch 0.17s | total 485.5s | lr 0.00088
E2714/10000 | train 0.026709 | test 0.029730 | epoch 0.17s | total 485.7s | lr 0.00088
E2715/10000 | train 0.026632 | test 0.029855 | epoch 0.17s | total 485.9s | lr 0.00088
E2716/10000 | train 0.026653 | test 0.029877 | epoch 0.17s | total 486.1s | lr 0.00088
E2717/10000 | train 0.026572 | test 0.029616 | epoch 0.17s | total 486.3s | lr 0.00088
E2718/10000 | train 0.026483 | test 0.029744 | epoch 0.17s | total 486.4s | lr 0.00088
E2719/10000 | train 0.026505 | test 0.029698 | epoch 0.17s | total 486.6s | lr 0.00088
E2720/10000 | train 0.026568 | test 0.029782 | epoch 0.17s | total 486.8s | lr 0.00088
E2721/10000 | train 0.026606 | test 0.029734 | epoch 0.17s | total 487.0s | lr 0.00088
E2722/10000 | train 0.026519 | test 0.029660 | epoch 0.17s | total 487.1s | lr 0.00088
E2723/10000 | train 0.026543 | test 0.029733 | epoch 0.17s | total 487.3s | lr 0.00088
E2724/10000 | train 0.026513 | test 0.029708 | epoch 0.17s | total 487.5s | lr 0.00088
E2725/10000 | train 0.026462 | test 0.029692 | epoch 0.17s | total 487.7s | lr 0.00088
E2726/10000 | train 0.026590 | test 0.029535 | epoch 0.17s | total 487.9s | lr 0.00088
E2727/10000 | train 0.026508 | test 0.029631 | epoch 0.17s | total 488.0s | lr 0.00088
E2728/10000 | train 0.026568 | test 0.029680 | epoch 0.17s | total 488.2s | lr 0.00088
E2729/10000 | train 0.026574 | test 0.029733 | epoch 0.17s | total 488.4s | lr 0.00088
E2730/10000 | train 0.026614 | test 0.029755 | epoch 0.17s | total 488.6s | lr 0.00088
E2731/10000 | train 0.026500 | test 0.029558 | epoch 0.17s | total 488.7s | lr 0.00088
E2732/10000 | train 0.026362 | test 0.029688 | epoch 0.17s | total 488.9s | lr 0.00088
E2733/10000 | train 0.026333 | test 0.029674 | epoch 0.17s | total 489.1s | lr 0.00088
E2734/10000 | train 0.026461 | test 0.029814 | epoch 0.17s | total 489.3s | lr 0.00088
E2735/10000 | train 0.026545 | test 0.029766 | epoch 0.17s | total 489.5s | lr 0.00088
E2736/10000 | train 0.026322 | test 0.029515 | epoch 0.17s | total 489.6s | lr 0.00088
E2737/10000 | train 0.026494 | test 0.029659 | epoch 0.17s | total 489.8s | lr 0.00088
E2738/10000 | train 0.026377 | test 0.029640 | epoch 0.17s | total 490.0s | lr 0.00088
E2739/10000 | train 0.026364 | test 0.029807 | epoch 0.17s | total 490.2s | lr 0.00088
E2740/10000 | train 0.026588 | test 0.029794 | epoch 0.17s | total 490.3s | lr 0.00088
E2741/10000 | train 0.026620 | test 0.029822 | epoch 0.17s | total 490.5s | lr 0.00088
E2742/10000 | train 0.026616 | test 0.029785 | epoch 0.17s | total 490.7s | lr 0.00088
E2743/10000 | train 0.026680 | test 0.029773 | epoch 0.17s | total 490.9s | lr 0.00088
E2744/10000 | train 0.026675 | test 0.029816 | epoch 0.17s | total 491.0s | lr 0.00088
E2745/10000 | train 0.026724 | test 0.029842 | epoch 0.17s | total 491.2s | lr 0.00088
E2746/10000 | train 0.026582 | test 0.029950 | epoch 0.17s | total 491.4s | lr 0.00088
E2747/10000 | train 0.026710 | test 0.029943 | epoch 0.17s | total 491.6s | lr 0.00088
E2748/10000 | train 0.026742 | test 0.029914 | epoch 0.17s | total 491.8s | lr 0.00088
E2749/10000 | train 0.026726 | test 0.029944 | epoch 0.17s | total 491.9s | lr 0.00088
E2750/10000 | train 0.026816 | test 0.029817 | epoch 0.17s | total 492.1s | lr 0.00088
E2751/10000 | train 0.026591 | test 0.029750 | epoch 0.17s | total 492.3s | lr 0.00088
E2752/10000 | train 0.026517 | test 0.029837 | epoch 0.17s | total 492.5s | lr 0.00088
E2753/10000 | train 0.026540 | test 0.029950 | epoch 0.17s | total 492.7s | lr 0.00088
E2754/10000 | train 0.026549 | test 0.029888 | epoch 0.17s | total 492.8s | lr 0.00088
E2755/10000 | train 0.026504 | test 0.029990 | epoch 0.17s | total 493.0s | lr 0.00088
E2756/10000 | train 0.026663 | test 0.029891 | epoch 0.17s | total 493.2s | lr 0.00088
E2757/10000 | train 0.026661 | test 0.029908 | epoch 0.17s | total 493.4s | lr 0.00088
E2758/10000 | train 0.026721 | test 0.029905 | epoch 0.17s | total 493.5s | lr 0.00088
E2759/10000 | train 0.026809 | test 0.029793 | epoch 0.17s | total 493.7s | lr 0.00088
E2760/10000 | train 0.026564 | test 0.029727 | epoch 0.17s | total 493.9s | lr 0.00088
E2761/10000 | train 0.026492 | test 0.029780 | epoch 0.17s | total 494.1s | lr 0.00088
E2762/10000 | train 0.026547 | test 0.029903 | epoch 0.17s | total 494.2s | lr 0.00088
E2763/10000 | train 0.026696 | test 0.029966 | epoch 0.17s | total 494.4s | lr 0.00088
E2764/10000 | train 0.026618 | test 0.029873 | epoch 0.17s | total 494.6s | lr 0.00088
E2765/10000 | train 0.026885 | test 0.030039 | epoch 0.17s | total 494.8s | lr 0.00088
E2766/10000 | train 0.026839 | test 0.029900 | epoch 0.17s | total 495.0s | lr 0.00088
E2767/10000 | train 0.026748 | test 0.029988 | epoch 0.17s | total 495.1s | lr 0.00088
E2768/10000 | train 0.026692 | test 0.029927 | epoch 0.17s | total 495.3s | lr 0.00088
E2769/10000 | train 0.026859 | test 0.029997 | epoch 0.17s | total 495.5s | lr 0.00088
E2770/10000 | train 0.026743 | test 0.029948 | epoch 0.17s | total 495.7s | lr 0.00088
E2771/10000 | train 0.026705 | test 0.029827 | epoch 0.17s | total 495.8s | lr 0.00088
E2772/10000 | train 0.026624 | test 0.029976 | epoch 0.17s | total 496.0s | lr 0.00087
E2773/10000 | train 0.026939 | test 0.030146 | epoch 0.17s | total 496.2s | lr 0.00087
E2774/10000 | train 0.027457 | test 0.030325 | epoch 0.17s | total 496.4s | lr 0.00087
E2775/10000 | train 0.027403 | test 0.030295 | epoch 0.17s | total 496.6s | lr 0.00087
E2776/10000 | train 0.027470 | test 0.030302 | epoch 0.17s | total 496.7s | lr 0.00087
E2777/10000 | train 0.027296 | test 0.030141 | epoch 0.17s | total 496.9s | lr 0.00087
E2778/10000 | train 0.027096 | test 0.030105 | epoch 0.17s | total 497.1s | lr 0.00087
E2779/10000 | train 0.027118 | test 0.030168 | epoch 0.17s | total 497.3s | lr 0.00087
E2780/10000 | train 0.027199 | test 0.030163 | epoch 0.17s | total 497.4s | lr 0.00087
E2781/10000 | train 0.027142 | test 0.030252 | epoch 0.17s | total 497.6s | lr 0.00087
E2782/10000 | train 0.027048 | test 0.029994 | epoch 0.17s | total 497.8s | lr 0.00087
E2783/10000 | train 0.026818 | test 0.029965 | epoch 0.17s | total 498.0s | lr 0.00087
E2784/10000 | train 0.026823 | test 0.030141 | epoch 0.17s | total 498.2s | lr 0.00087
E2785/10000 | train 0.026823 | test 0.030055 | epoch 0.17s | total 498.3s | lr 0.00087
E2786/10000 | train 0.026844 | test 0.029991 | epoch 0.17s | total 498.5s | lr 0.00087
E2787/10000 | train 0.026745 | test 0.030035 | epoch 0.17s | total 498.7s | lr 0.00087
E2788/10000 | train 0.026792 | test 0.030051 | epoch 0.17s | total 498.9s | lr 0.00087
E2789/10000 | train 0.026833 | test 0.029957 | epoch 0.17s | total 499.1s | lr 0.00087
E2790/10000 | train 0.026770 | test 0.030148 | epoch 0.17s | total 499.2s | lr 0.00087
E2791/10000 | train 0.026948 | test 0.030123 | epoch 0.17s | total 499.4s | lr 0.00087
E2792/10000 | train 0.026874 | test 0.030032 | epoch 0.17s | total 499.6s | lr 0.00087
E2793/10000 | train 0.026881 | test 0.030010 | epoch 0.17s | total 499.8s | lr 0.00087
E2794/10000 | train 0.026910 | test 0.030119 | epoch 0.17s | total 499.9s | lr 0.00087
E2795/10000 | train 0.027092 | test 0.030167 | epoch 0.17s | total 500.1s | lr 0.00087
E2796/10000 | train 0.027354 | test 0.030394 | epoch 0.17s | total 500.3s | lr 0.00087
E2797/10000 | train 0.027219 | test 0.030160 | epoch 0.17s | total 500.5s | lr 0.00087
E2798/10000 | train 0.027009 | test 0.030262 | epoch 0.17s | total 500.7s | lr 0.00087
E2799/10000 | train 0.026982 | test 0.030176 | epoch 0.17s | total 500.8s | lr 0.00087
E2800/10000 | train 0.026964 | test 0.029948 | epoch 0.17s | total 501.0s | lr 0.00087
E2801/10000 | train 0.026947 | test 0.030138 | epoch 0.17s | total 501.2s | lr 0.00087
E2802/10000 | train 0.026912 | test 0.029973 | epoch 0.17s | total 501.4s | lr 0.00087
E2803/10000 | train 0.026630 | test 0.029904 | epoch 0.17s | total 501.5s | lr 0.00087
E2804/10000 | train 0.026562 | test 0.029849 | epoch 0.17s | total 501.7s | lr 0.00087
E2805/10000 | train 0.026473 | test 0.029923 | epoch 0.17s | total 501.9s | lr 0.00087
E2806/10000 | train 0.026571 | test 0.029901 | epoch 0.17s | total 502.1s | lr 0.00087
E2807/10000 | train 0.026480 | test 0.029903 | epoch 0.17s | total 502.3s | lr 0.00087
E2808/10000 | train 0.026510 | test 0.029902 | epoch 0.17s | total 502.4s | lr 0.00087
E2809/10000 | train 0.026459 | test 0.029843 | epoch 0.17s | total 502.6s | lr 0.00087
E2810/10000 | train 0.026372 | test 0.029938 | epoch 0.17s | total 502.8s | lr 0.00087
E2811/10000 | train 0.026326 | test 0.029776 | epoch 0.17s | total 503.0s | lr 0.00087
E2812/10000 | train 0.026319 | test 0.029733 | epoch 0.17s | total 503.1s | lr 0.00087
E2813/10000 | train 0.026288 | test 0.029801 | epoch 0.17s | total 503.3s | lr 0.00087
E2814/10000 | train 0.026214 | test 0.029955 | epoch 0.17s | total 503.5s | lr 0.00087
E2815/10000 | train 0.026696 | test 0.030182 | epoch 0.17s | total 503.7s | lr 0.00087
E2816/10000 | train 0.026987 | test 0.030015 | epoch 0.17s | total 503.9s | lr 0.00087
E2817/10000 | train 0.026885 | test 0.029976 | epoch 0.17s | total 504.0s | lr 0.00087
E2818/10000 | train 0.026648 | test 0.029960 | epoch 0.17s | total 504.2s | lr 0.00087
E2819/10000 | train 0.026708 | test 0.029800 | epoch 0.17s | total 504.4s | lr 0.00087
E2820/10000 | train 0.026626 | test 0.029959 | epoch 0.17s | total 504.6s | lr 0.00087
E2821/10000 | train 0.026716 | test 0.029890 | epoch 0.17s | total 504.7s | lr 0.00087
E2822/10000 | train 0.026717 | test 0.029862 | epoch 0.17s | total 504.9s | lr 0.00086
E2823/10000 | train 0.026450 | test 0.029889 | epoch 0.17s | total 505.1s | lr 0.00086
E2824/10000 | train 0.026466 | test 0.030032 | epoch 0.17s | total 505.3s | lr 0.00086
E2825/10000 | train 0.026971 | test 0.030206 | epoch 0.17s | total 505.5s | lr 0.00086
E2826/10000 | train 0.027038 | test 0.030231 | epoch 0.17s | total 505.6s | lr 0.00086
E2827/10000 | train 0.027516 | test 0.030372 | epoch 0.17s | total 505.8s | lr 0.00086
E2828/10000 | train 0.027192 | test 0.029752 | epoch 0.17s | total 506.0s | lr 0.00086
E2829/10000 | train 0.026809 | test 0.029807 | epoch 0.17s | total 506.2s | lr 0.00086
E2830/10000 | train 0.026686 | test 0.029867 | epoch 0.17s | total 506.3s | lr 0.00086
E2831/10000 | train 0.026747 | test 0.030175 | epoch 0.17s | total 506.5s | lr 0.00086
E2832/10000 | train 0.027239 | test 0.030382 | epoch 0.17s | total 506.7s | lr 0.00086
E2833/10000 | train 0.027300 | test 0.030087 | epoch 0.17s | total 506.9s | lr 0.00086
E2834/10000 | train 0.027098 | test 0.030144 | epoch 0.17s | total 507.1s | lr 0.00086
E2835/10000 | train 0.027003 | test 0.030097 | epoch 0.17s | total 507.2s | lr 0.00086
E2836/10000 | train 0.026892 | test 0.030113 | epoch 0.17s | total 507.4s | lr 0.00086
E2837/10000 | train 0.026946 | test 0.030157 | epoch 0.17s | total 507.6s | lr 0.00086
E2838/10000 | train 0.026765 | test 0.030066 | epoch 0.17s | total 507.8s | lr 0.00086
E2839/10000 | train 0.026903 | test 0.030357 | epoch 0.17s | total 507.9s | lr 0.00086
E2840/10000 | train 0.027335 | test 0.030284 | epoch 0.17s | total 508.1s | lr 0.00086
E2841/10000 | train 0.027048 | test 0.030230 | epoch 0.17s | total 508.3s | lr 0.00086
E2842/10000 | train 0.026958 | test 0.030147 | epoch 0.17s | total 508.5s | lr 0.00086
E2843/10000 | train 0.026904 | test 0.030253 | epoch 0.17s | total 508.7s | lr 0.00086
E2844/10000 | train 0.027138 | test 0.030240 | epoch 0.17s | total 508.8s | lr 0.00086
E2845/10000 | train 0.027160 | test 0.030198 | epoch 0.17s | total 509.0s | lr 0.00086
E2846/10000 | train 0.027126 | test 0.030349 | epoch 0.17s | total 509.2s | lr 0.00086
E2847/10000 | train 0.027252 | test 0.030443 | epoch 0.17s | total 509.4s | lr 0.00086
E2848/10000 | train 0.027130 | test 0.030346 | epoch 0.17s | total 509.5s | lr 0.00086
E2849/10000 | train 0.026900 | test 0.030063 | epoch 0.17s | total 509.7s | lr 0.00086
E2850/10000 | train 0.026820 | test 0.030100 | epoch 0.17s | total 509.9s | lr 0.00086
E2851/10000 | train 0.026816 | test 0.029989 | epoch 0.17s | total 510.1s | lr 0.00086
E2852/10000 | train 0.026758 | test 0.030055 | epoch 0.17s | total 510.3s | lr 0.00086
E2853/10000 | train 0.026862 | test 0.030041 | epoch 0.17s | total 510.4s | lr 0.00086
E2854/10000 | train 0.026865 | test 0.029861 | epoch 0.17s | total 510.6s | lr 0.00086
E2855/10000 | train 0.026714 | test 0.029939 | epoch 0.17s | total 510.8s | lr 0.00086
E2856/10000 | train 0.026568 | test 0.029935 | epoch 0.17s | total 511.0s | lr 0.00086
E2857/10000 | train 0.026621 | test 0.029731 | epoch 0.17s | total 511.1s | lr 0.00086
E2858/10000 | train 0.026699 | test 0.029807 | epoch 0.17s | total 511.3s | lr 0.00086
E2859/10000 | train 0.026704 | test 0.029903 | epoch 0.17s | total 511.5s | lr 0.00086
E2860/10000 | train 0.026746 | test 0.029806 | epoch 0.17s | total 511.7s | lr 0.00086
E2861/10000 | train 0.026572 | test 0.029850 | epoch 0.17s | total 511.9s | lr 0.00086
E2862/10000 | train 0.026681 | test 0.030195 | epoch 0.17s | total 512.0s | lr 0.00086
E2863/10000 | train 0.026732 | test 0.030033 | epoch 0.17s | total 512.2s | lr 0.00086
E2864/10000 | train 0.026667 | test 0.029972 | epoch 0.17s | total 512.4s | lr 0.00086
E2865/10000 | train 0.026684 | test 0.029882 | epoch 0.17s | total 512.6s | lr 0.00085
E2866/10000 | train 0.026567 | test 0.029811 | epoch 0.17s | total 512.7s | lr 0.00085
E2867/10000 | train 0.026529 | test 0.029787 | epoch 0.17s | total 512.9s | lr 0.00085
E2868/10000 | train 0.026650 | test 0.029973 | epoch 0.17s | total 513.1s | lr 0.00085
E2869/10000 | train 0.026685 | test 0.029949 | epoch 0.17s | total 513.3s | lr 0.00085
E2870/10000 | train 0.026692 | test 0.030002 | epoch 0.17s | total 513.5s | lr 0.00085
E2871/10000 | train 0.026867 | test 0.029877 | epoch 0.17s | total 513.6s | lr 0.00085
E2872/10000 | train 0.026714 | test 0.029844 | epoch 0.17s | total 513.8s | lr 0.00085
E2873/10000 | train 0.026757 | test 0.029894 | epoch 0.17s | total 514.0s | lr 0.00085
E2874/10000 | train 0.026572 | test 0.029875 | epoch 0.17s | total 514.2s | lr 0.00085
E2875/10000 | train 0.026604 | test 0.029920 | epoch 0.17s | total 514.3s | lr 0.00085
E2876/10000 | train 0.026651 | test 0.029986 | epoch 0.17s | total 514.5s | lr 0.00085
E2877/10000 | train 0.026526 | test 0.029801 | epoch 0.17s | total 514.7s | lr 0.00085
E2878/10000 | train 0.026489 | test 0.029867 | epoch 0.17s | total 514.9s | lr 0.00085
E2879/10000 | train 0.026529 | test 0.029825 | epoch 0.17s | total 515.1s | lr 0.00085
E2880/10000 | train 0.026594 | test 0.029795 | epoch 0.17s | total 515.2s | lr 0.00085
E2881/10000 | train 0.026540 | test 0.029882 | epoch 0.17s | total 515.4s | lr 0.00085
E2882/10000 | train 0.026666 | test 0.029753 | epoch 0.17s | total 515.6s | lr 0.00085
E2883/10000 | train 0.026649 | test 0.029951 | epoch 0.17s | total 515.8s | lr 0.00085
E2884/10000 | train 0.026623 | test 0.029995 | epoch 0.17s | total 516.0s | lr 0.00085
E2885/10000 | train 0.026627 | test 0.030006 | epoch 0.17s | total 516.1s | lr 0.00085
E2886/10000 | train 0.026579 | test 0.029866 | epoch 0.17s | total 516.3s | lr 0.00085
E2887/10000 | train 0.026498 | test 0.029938 | epoch 0.17s | total 516.5s | lr 0.00085
E2888/10000 | train 0.026702 | test 0.029910 | epoch 0.17s | total 516.7s | lr 0.00085
E2889/10000 | train 0.026747 | test 0.029826 | epoch 0.17s | total 516.8s | lr 0.00085
E2890/10000 | train 0.026624 | test 0.029771 | epoch 0.17s | total 517.0s | lr 0.00085
E2891/10000 | train 0.026499 | test 0.029898 | epoch 0.17s | total 517.2s | lr 0.00085
E2892/10000 | train 0.026631 | test 0.029845 | epoch 0.17s | total 517.4s | lr 0.00085
E2893/10000 | train 0.026438 | test 0.029816 | epoch 0.17s | total 517.6s | lr 0.00085
E2894/10000 | train 0.026361 | test 0.029758 | epoch 0.17s | total 517.7s | lr 0.00085
E2895/10000 | train 0.026288 | test 0.029958 | epoch 0.17s | total 517.9s | lr 0.00085
E2896/10000 | train 0.026488 | test 0.029861 | epoch 0.17s | total 518.1s | lr 0.00085
E2897/10000 | train 0.026690 | test 0.030055 | epoch 0.17s | total 518.3s | lr 0.00085
E2898/10000 | train 0.026773 | test 0.030008 | epoch 0.17s | total 518.4s | lr 0.00085
E2899/10000 | train 0.026601 | test 0.029848 | epoch 0.17s | total 518.6s | lr 0.00085
E2900/10000 | train 0.026475 | test 0.029844 | epoch 0.17s | total 518.8s | lr 0.00085
E2901/10000 | train 0.026636 | test 0.029992 | epoch 0.17s | total 519.0s | lr 0.00085
E2902/10000 | train 0.026715 | test 0.029819 | epoch 0.17s | total 519.2s | lr 0.00085
E2903/10000 | train 0.026566 | test 0.029758 | epoch 0.17s | total 519.3s | lr 0.00085
E2904/10000 | train 0.026497 | test 0.029708 | epoch 0.17s | total 519.5s | lr 0.00084
E2905/10000 | train 0.026473 | test 0.029758 | epoch 0.17s | total 519.7s | lr 0.00084
E2906/10000 | train 0.026380 | test 0.029785 | epoch 0.17s | total 519.9s | lr 0.00084
E2907/10000 | train 0.026343 | test 0.029807 | epoch 0.17s | total 520.0s | lr 0.00084
E2908/10000 | train 0.026480 | test 0.029812 | epoch 0.17s | total 520.2s | lr 0.00084
E2909/10000 | train 0.026339 | test 0.029724 | epoch 0.17s | total 520.4s | lr 0.00084
E2910/10000 | train 0.026344 | test 0.029689 | epoch 0.17s | total 520.6s | lr 0.00084
E2911/10000 | train 0.026338 | test 0.029774 | epoch 0.17s | total 520.8s | lr 0.00084
E2912/10000 | train 0.026338 | test 0.029654 | epoch 0.17s | total 520.9s | lr 0.00084
E2913/10000 | train 0.026259 | test 0.029738 | epoch 0.17s | total 521.1s | lr 0.00084
E2914/10000 | train 0.026232 | test 0.029833 | epoch 0.17s | total 521.3s | lr 0.00084
E2915/10000 | train 0.026229 | test 0.029617 | epoch 0.17s | total 521.5s | lr 0.00084
E2916/10000 | train 0.026159 | test 0.029672 | epoch 0.17s | total 521.6s | lr 0.00084
E2917/10000 | train 0.026187 | test 0.029685 | epoch 0.17s | total 521.8s | lr 0.00084
E2918/10000 | train 0.026208 | test 0.029716 | epoch 0.17s | total 522.0s | lr 0.00084
E2919/10000 | train 0.026115 | test 0.029722 | epoch 0.17s | total 522.2s | lr 0.00084
E2920/10000 | train 0.026267 | test 0.029663 | epoch 0.17s | total 522.4s | lr 0.00084
E2921/10000 | train 0.026132 | test 0.029803 | epoch 0.17s | total 522.5s | lr 0.00084
E2922/10000 | train 0.026270 | test 0.029784 | epoch 0.17s | total 522.7s | lr 0.00084
E2923/10000 | train 0.026171 | test 0.029598 | epoch 0.17s | total 522.9s | lr 0.00084
E2924/10000 | train 0.026095 | test 0.029719 | epoch 0.17s | total 523.1s | lr 0.00084
E2925/10000 | train 0.026114 | test 0.029681 | epoch 0.17s | total 523.2s | lr 0.00084
E2926/10000 | train 0.026182 | test 0.029698 | epoch 0.17s | total 523.4s | lr 0.00084
E2927/10000 | train 0.026179 | test 0.029729 | epoch 0.17s | total 523.6s | lr 0.00084
E2928/10000 | train 0.026185 | test 0.029729 | epoch 0.17s | total 523.8s | lr 0.00084
E2929/10000 | train 0.026309 | test 0.029790 | epoch 0.17s | total 524.0s | lr 0.00084
E2930/10000 | train 0.026191 | test 0.029722 | epoch 0.17s | total 524.1s | lr 0.00084
E2931/10000 | train 0.026154 | test 0.029650 | epoch 0.17s | total 524.3s | lr 0.00084
E2932/10000 | train 0.026068 | test 0.029713 | epoch 0.17s | total 524.5s | lr 0.00084
E2933/10000 | train 0.026021 | test 0.029782 | epoch 0.17s | total 524.7s | lr 0.00084
E2934/10000 | train 0.026005 | test 0.029630 | epoch 0.17s | total 524.8s | lr 0.00084
E2935/10000 | train 0.026112 | test 0.029732 | epoch 0.17s | total 525.0s | lr 0.00084
E2936/10000 | train 0.026021 | test 0.029636 | epoch 0.17s | total 525.2s | lr 0.00084
E2937/10000 | train 0.026233 | test 0.029667 | epoch 0.17s | total 525.4s | lr 0.00084
E2938/10000 | train 0.026083 | test 0.029575 | epoch 0.17s | total 525.6s | lr 0.00084
E2939/10000 | train 0.025969 | test 0.029663 | epoch 0.17s | total 525.7s | lr 0.00084
E2940/10000 | train 0.026039 | test 0.029582 | epoch 0.17s | total 525.9s | lr 0.00083
E2941/10000 | train 0.026003 | test 0.029676 | epoch 0.17s | total 526.1s | lr 0.00083
E2942/10000 | train 0.026117 | test 0.029680 | epoch 0.17s | total 526.3s | lr 0.00083
E2943/10000 | train 0.026087 | test 0.029813 | epoch 0.17s | total 526.4s | lr 0.00083
E2944/10000 | train 0.025980 | test 0.029724 | epoch 0.17s | total 526.6s | lr 0.00083
E2945/10000 | train 0.025960 | test 0.029626 | epoch 0.17s | total 526.8s | lr 0.00083
E2946/10000 | train 0.026239 | test 0.029772 | epoch 0.17s | total 527.0s | lr 0.00083
E2947/10000 | train 0.026159 | test 0.029684 | epoch 0.17s | total 527.2s | lr 0.00083
E2948/10000 | train 0.026141 | test 0.029741 | epoch 0.17s | total 527.3s | lr 0.00083
E2949/10000 | train 0.026149 | test 0.029679 | epoch 0.17s | total 527.5s | lr 0.00083
E2950/10000 | train 0.026070 | test 0.029763 | epoch 0.17s | total 527.7s | lr 0.00083
E2951/10000 | train 0.026131 | test 0.029756 | epoch 0.17s | total 527.9s | lr 0.00083
E2952/10000 | train 0.025985 | test 0.029714 | epoch 0.17s | total 528.0s | lr 0.00083
E2953/10000 | train 0.026066 | test 0.029782 | epoch 0.17s | total 528.2s | lr 0.00083
E2954/10000 | train 0.026210 | test 0.029712 | epoch 0.17s | total 528.4s | lr 0.00083
E2955/10000 | train 0.026198 | test 0.029625 | epoch 0.17s | total 528.6s | lr 0.00083
E2956/10000 | train 0.026084 | test 0.029749 | epoch 0.17s | total 528.8s | lr 0.00083
E2957/10000 | train 0.026199 | test 0.029780 | epoch 0.17s | total 528.9s | lr 0.00083
E2958/10000 | train 0.026186 | test 0.029795 | epoch 0.17s | total 529.1s | lr 0.00083
E2959/10000 | train 0.026171 | test 0.029711 | epoch 0.17s | total 529.3s | lr 0.00083
E2960/10000 | train 0.026263 | test 0.029832 | epoch 0.17s | total 529.5s | lr 0.00083
E2961/10000 | train 0.026312 | test 0.029923 | epoch 0.17s | total 529.6s | lr 0.00083
E2962/10000 | train 0.026585 | test 0.029948 | epoch 0.17s | total 529.8s | lr 0.00083
E2963/10000 | train 0.026407 | test 0.029946 | epoch 0.17s | total 530.0s | lr 0.00083
E2964/10000 | train 0.026531 | test 0.030012 | epoch 0.17s | total 530.2s | lr 0.00083
E2965/10000 | train 0.026384 | test 0.029900 | epoch 0.17s | total 530.4s | lr 0.00083
E2966/10000 | train 0.026227 | test 0.029738 | epoch 0.17s | total 530.5s | lr 0.00083
E2967/10000 | train 0.026154 | test 0.029822 | epoch 0.17s | total 530.7s | lr 0.00083
E2968/10000 | train 0.026124 | test 0.029644 | epoch 0.17s | total 530.9s | lr 0.00083
E2969/10000 | train 0.026091 | test 0.029714 | epoch 0.17s | total 531.1s | lr 0.00083
E2970/10000 | train 0.026241 | test 0.029718 | epoch 0.17s | total 531.2s | lr 0.00083
E2971/10000 | train 0.026210 | test 0.029567 | epoch 0.17s | total 531.4s | lr 0.00083
E2972/10000 | train 0.026104 | test 0.029642 | epoch 0.17s | total 531.6s | lr 0.00083
E2973/10000 | train 0.026217 | test 0.029646 | epoch 0.17s | total 531.8s | lr 0.00082
E2974/10000 | train 0.026094 | test 0.029578 | epoch 0.17s | total 532.0s | lr 0.00082
E2975/10000 | train 0.026153 | test 0.029772 | epoch 0.17s | total 532.1s | lr 0.00082
E2976/10000 | train 0.025966 | test 0.029668 | epoch 0.17s | total 532.3s | lr 0.00082
E2977/10000 | train 0.025861 | test 0.029639 | epoch 0.17s | total 532.5s | lr 0.00082
E2978/10000 | train 0.025842 | test 0.029611 | epoch 0.17s | total 532.7s | lr 0.00082
E2979/10000 | train 0.025848 | test 0.029645 | epoch 0.17s | total 532.9s | lr 0.00082
E2980/10000 | train 0.026132 | test 0.029884 | epoch 0.17s | total 533.0s | lr 0.00082
E2981/10000 | train 0.026529 | test 0.029767 | epoch 0.17s | total 533.2s | lr 0.00082
E2982/10000 | train 0.026294 | test 0.029666 | epoch 0.17s | total 533.4s | lr 0.00082
E2983/10000 | train 0.026180 | test 0.029775 | epoch 0.17s | total 533.6s | lr 0.00082
E2984/10000 | train 0.026234 | test 0.029671 | epoch 0.17s | total 533.7s | lr 0.00082
E2985/10000 | train 0.026103 | test 0.029631 | epoch 0.17s | total 533.9s | lr 0.00082
E2986/10000 | train 0.025969 | test 0.029642 | epoch 0.17s | total 534.1s | lr 0.00082
E2987/10000 | train 0.026125 | test 0.029670 | epoch 0.17s | total 534.3s | lr 0.00082
E2988/10000 | train 0.025989 | test 0.029674 | epoch 0.17s | total 534.5s | lr 0.00082
E2989/10000 | train 0.026001 | test 0.029745 | epoch 0.17s | total 534.6s | lr 0.00082
E2990/10000 | train 0.026010 | test 0.029703 | epoch 0.17s | total 534.8s | lr 0.00082
E2991/10000 | train 0.025991 | test 0.029835 | epoch 0.17s | total 535.0s | lr 0.00082
E2992/10000 | train 0.026177 | test 0.029896 | epoch 0.17s | total 535.2s | lr 0.00082
E2993/10000 | train 0.026201 | test 0.029818 | epoch 0.17s | total 535.3s | lr 0.00082
E2994/10000 | train 0.026133 | test 0.029709 | epoch 0.17s | total 535.5s | lr 0.00082
E2995/10000 | train 0.025936 | test 0.029721 | epoch 0.17s | total 535.7s | lr 0.00082
E2996/10000 | train 0.025850 | test 0.029687 | epoch 0.17s | total 535.9s | lr 0.00082
E2997/10000 | train 0.025878 | test 0.029738 | epoch 0.17s | total 536.1s | lr 0.00082
E2998/10000 | train 0.026081 | test 0.029820 | epoch 0.17s | total 536.2s | lr 0.00082
E2999/10000 | train 0.026076 | test 0.029905 | epoch 0.17s | total 536.4s | lr 0.00082
E3000/10000 | train 0.025942 | test 0.029684 | epoch 0.17s | total 536.6s | lr 0.00082
E3001/10000 | train 0.025937 | test 0.029777 | epoch 0.17s | total 536.8s | lr 0.00082
E3002/10000 | train 0.025911 | test 0.029756 | epoch 0.17s | total 536.9s | lr 0.00082
E3003/10000 | train 0.025949 | test 0.029734 | epoch 0.17s | total 537.1s | lr 0.00082
E3004/10000 | train 0.026048 | test 0.029833 | epoch 0.17s | total 537.3s | lr 0.00081
E3005/10000 | train 0.026122 | test 0.029861 | epoch 0.17s | total 537.5s | lr 0.00081
E3006/10000 | train 0.026178 | test 0.029952 | epoch 0.17s | total 537.7s | lr 0.00081
E3007/10000 | train 0.026258 | test 0.030038 | epoch 0.17s | total 537.8s | lr 0.00081
E3008/10000 | train 0.026264 | test 0.029873 | epoch 0.17s | total 538.0s | lr 0.00081
E3009/10000 | train 0.026273 | test 0.029919 | epoch 0.17s | total 538.2s | lr 0.00081
E3010/10000 | train 0.026236 | test 0.029850 | epoch 0.17s | total 538.4s | lr 0.00081
E3011/10000 | train 0.026015 | test 0.029851 | epoch 0.17s | total 538.5s | lr 0.00081
E3012/10000 | train 0.026129 | test 0.030027 | epoch 0.17s | total 538.7s | lr 0.00081
E3013/10000 | train 0.026354 | test 0.030033 | epoch 0.17s | total 538.9s | lr 0.00081
E3014/10000 | train 0.026755 | test 0.030352 | epoch 0.17s | total 539.1s | lr 0.00081
E3015/10000 | train 0.026858 | test 0.030478 | epoch 0.17s | total 539.3s | lr 0.00081
E3016/10000 | train 0.027303 | test 0.031352 | epoch 0.17s | total 539.4s | lr 0.00081
E3017/10000 | train 0.027858 | test 0.030684 | epoch 0.17s | total 539.6s | lr 0.00081
E3018/10000 | train 0.027108 | test 0.030161 | epoch 0.17s | total 539.8s | lr 0.00081
E3019/10000 | train 0.026556 | test 0.029995 | epoch 0.17s | total 540.0s | lr 0.00081
E3020/10000 | train 0.026482 | test 0.029990 | epoch 0.17s | total 540.1s | lr 0.00081
E3021/10000 | train 0.026617 | test 0.030194 | epoch 0.17s | total 540.3s | lr 0.00081
E3022/10000 | train 0.026374 | test 0.029875 | epoch 0.17s | total 540.5s | lr 0.00081
E3023/10000 | train 0.026195 | test 0.029875 | epoch 0.17s | total 540.7s | lr 0.00081
E3024/10000 | train 0.026130 | test 0.030008 | epoch 0.17s | total 540.9s | lr 0.00081
E3025/10000 | train 0.026343 | test 0.030192 | epoch 0.17s | total 541.0s | lr 0.00081
E3026/10000 | train 0.026628 | test 0.030131 | epoch 0.17s | total 541.2s | lr 0.00081
E3027/10000 | train 0.026784 | test 0.030287 | epoch 0.17s | total 541.4s | lr 0.00081
E3028/10000 | train 0.026772 | test 0.030168 | epoch 0.17s | total 541.6s | lr 0.00081
E3029/10000 | train 0.026683 | test 0.030287 | epoch 0.17s | total 541.7s | lr 0.00081
E3030/10000 | train 0.026521 | test 0.030188 | epoch 0.17s | total 541.9s | lr 0.00081
E3031/10000 | train 0.026462 | test 0.029986 | epoch 0.17s | total 542.1s | lr 0.00081
E3032/10000 | train 0.026362 | test 0.030155 | epoch 0.17s | total 542.3s | lr 0.00081
E3033/10000 | train 0.026395 | test 0.029911 | epoch 0.17s | total 542.5s | lr 0.00081
E3034/10000 | train 0.026255 | test 0.029979 | epoch 0.17s | total 542.6s | lr 0.00080
E3035/10000 | train 0.026204 | test 0.030012 | epoch 0.17s | total 542.8s | lr 0.00080
E3036/10000 | train 0.026302 | test 0.030071 | epoch 0.17s | total 543.0s | lr 0.00080
E3037/10000 | train 0.026162 | test 0.030104 | epoch 0.17s | total 543.2s | lr 0.00080
E3038/10000 | train 0.026436 | test 0.030355 | epoch 0.17s | total 543.3s | lr 0.00080
E3039/10000 | train 0.026572 | test 0.030294 | epoch 0.17s | total 543.5s | lr 0.00080
E3040/10000 | train 0.026844 | test 0.030259 | epoch 0.17s | total 543.7s | lr 0.00080
E3041/10000 | train 0.026601 | test 0.030278 | epoch 0.17s | total 543.9s | lr 0.00080
E3042/10000 | train 0.026560 | test 0.030261 | epoch 0.17s | total 544.1s | lr 0.00080
E3043/10000 | train 0.026530 | test 0.030228 | epoch 0.17s | total 544.2s | lr 0.00080
E3044/10000 | train 0.026635 | test 0.030171 | epoch 0.17s | total 544.4s | lr 0.00080
E3045/10000 | train 0.026867 | test 0.030502 | epoch 0.17s | total 544.6s | lr 0.00080
E3046/10000 | train 0.027012 | test 0.030402 | epoch 0.17s | total 544.8s | lr 0.00080
E3047/10000 | train 0.027079 | test 0.030441 | epoch 0.17s | total 544.9s | lr 0.00080
E3048/10000 | train 0.027161 | test 0.030402 | epoch 0.17s | total 545.1s | lr 0.00080
E3049/10000 | train 0.027026 | test 0.030200 | epoch 0.17s | total 545.3s | lr 0.00080
E3050/10000 | train 0.027156 | test 0.030326 | epoch 0.17s | total 545.5s | lr 0.00080
E3051/10000 | train 0.026870 | test 0.030141 | epoch 0.17s | total 545.7s | lr 0.00080
E3052/10000 | train 0.026643 | test 0.030091 | epoch 0.17s | total 545.8s | lr 0.00080
E3053/10000 | train 0.026547 | test 0.030007 | epoch 0.17s | total 546.0s | lr 0.00080
E3054/10000 | train 0.026505 | test 0.030064 | epoch 0.17s | total 546.2s | lr 0.00080
E3055/10000 | train 0.026386 | test 0.030089 | epoch 0.17s | total 546.4s | lr 0.00080
E3056/10000 | train 0.026345 | test 0.030052 | epoch 0.17s | total 546.6s | lr 0.00080
E3057/10000 | train 0.026497 | test 0.030251 | epoch 0.17s | total 546.7s | lr 0.00080
E3058/10000 | train 0.026579 | test 0.030090 | epoch 0.17s | total 546.9s | lr 0.00080
E3059/10000 | train 0.026636 | test 0.030007 | epoch 0.17s | total 547.1s | lr 0.00080
E3060/10000 | train 0.026603 | test 0.030232 | epoch 0.17s | total 547.3s | lr 0.00080
E3061/10000 | train 0.026570 | test 0.030118 | epoch 0.17s | total 547.4s | lr 0.00080
E3062/10000 | train 0.026518 | test 0.030096 | epoch 0.17s | total 547.6s | lr 0.00079
E3063/10000 | train 0.026383 | test 0.029965 | epoch 0.17s | total 547.8s | lr 0.00079
E3064/10000 | train 0.026321 | test 0.029948 | epoch 0.17s | total 548.0s | lr 0.00079
E3065/10000 | train 0.026424 | test 0.030084 | epoch 0.17s | total 548.2s | lr 0.00079
E3066/10000 | train 0.026592 | test 0.030350 | epoch 0.17s | total 548.3s | lr 0.00079
E3067/10000 | train 0.026801 | test 0.030411 | epoch 0.17s | total 548.5s | lr 0.00079
E3068/10000 | train 0.026728 | test 0.030270 | epoch 0.17s | total 548.7s | lr 0.00079
E3069/10000 | train 0.026757 | test 0.030413 | epoch 0.17s | total 548.9s | lr 0.00079
E3070/10000 | train 0.026651 | test 0.030220 | epoch 0.17s | total 549.0s | lr 0.00079
E3071/10000 | train 0.026474 | test 0.030057 | epoch 0.17s | total 549.2s | lr 0.00079
E3072/10000 | train 0.026363 | test 0.030052 | epoch 0.17s | total 549.4s | lr 0.00079
E3073/10000 | train 0.026389 | test 0.030125 | epoch 0.17s | total 549.6s | lr 0.00079
E3074/10000 | train 0.026524 | test 0.030142 | epoch 0.17s | total 549.8s | lr 0.00079
E3075/10000 | train 0.026407 | test 0.029939 | epoch 0.17s | total 549.9s | lr 0.00079
E3076/10000 | train 0.026209 | test 0.029786 | epoch 0.17s | total 550.1s | lr 0.00079
E3077/10000 | train 0.026148 | test 0.030071 | epoch 0.17s | total 550.3s | lr 0.00079
E3078/10000 | train 0.026398 | test 0.030201 | epoch 0.17s | total 550.5s | lr 0.00079
E3079/10000 | train 0.026316 | test 0.030027 | epoch 0.17s | total 550.6s | lr 0.00079
E3080/10000 | train 0.026303 | test 0.029907 | epoch 0.17s | total 550.8s | lr 0.00079
E3081/10000 | train 0.026394 | test 0.029905 | epoch 0.17s | total 551.0s | lr 0.00079
E3082/10000 | train 0.026216 | test 0.029849 | epoch 0.17s | total 551.2s | lr 0.00079
E3083/10000 | train 0.026088 | test 0.029882 | epoch 0.17s | total 551.4s | lr 0.00079
E3084/10000 | train 0.026019 | test 0.029893 | epoch 0.17s | total 551.5s | lr 0.00079
E3085/10000 | train 0.025954 | test 0.029848 | epoch 0.17s | total 551.7s | lr 0.00079
E3086/10000 | train 0.026020 | test 0.029901 | epoch 0.17s | total 551.9s | lr 0.00079
E3087/10000 | train 0.026042 | test 0.029838 | epoch 0.17s | total 552.1s | lr 0.00079
E3088/10000 | train 0.026055 | test 0.029920 | epoch 0.17s | total 552.2s | lr 0.00079
E3089/10000 | train 0.025990 | test 0.029902 | epoch 0.18s | total 552.4s | lr 0.00078
E3090/10000 | train 0.026034 | test 0.029927 | epoch 0.17s | total 552.6s | lr 0.00078
E3091/10000 | train 0.025941 | test 0.029816 | epoch 0.17s | total 552.8s | lr 0.00078
E3092/10000 | train 0.025854 | test 0.029953 | epoch 0.17s | total 553.0s | lr 0.00078
E3093/10000 | train 0.025826 | test 0.029764 | epoch 0.17s | total 553.1s | lr 0.00078
E3094/10000 | train 0.025876 | test 0.029893 | epoch 0.17s | total 553.3s | lr 0.00078
E3095/10000 | train 0.025844 | test 0.029777 | epoch 0.17s | total 553.5s | lr 0.00078
E3096/10000 | train 0.025956 | test 0.029845 | epoch 0.17s | total 553.7s | lr 0.00078
E3097/10000 | train 0.025961 | test 0.029902 | epoch 0.17s | total 553.9s | lr 0.00078
E3098/10000 | train 0.025920 | test 0.029897 | epoch 0.17s | total 554.0s | lr 0.00078
E3099/10000 | train 0.025791 | test 0.029934 | epoch 0.17s | total 554.2s | lr 0.00078
E3100/10000 | train 0.025831 | test 0.029749 | epoch 0.17s | total 554.4s | lr 0.00078
E3101/10000 | train 0.025783 | test 0.029746 | epoch 0.17s | total 554.6s | lr 0.00078
E3102/10000 | train 0.025785 | test 0.029656 | epoch 0.17s | total 554.7s | lr 0.00078
E3103/10000 | train 0.025680 | test 0.029656 | epoch 0.17s | total 554.9s | lr 0.00078
E3104/10000 | train 0.025686 | test 0.029728 | epoch 0.17s | total 555.1s | lr 0.00078
E3105/10000 | train 0.025643 | test 0.029663 | epoch 0.17s | total 555.3s | lr 0.00078
E3106/10000 | train 0.025740 | test 0.029854 | epoch 0.17s | total 555.5s | lr 0.00078
E3107/10000 | train 0.025694 | test 0.029769 | epoch 0.17s | total 555.6s | lr 0.00078
E3108/10000 | train 0.025728 | test 0.029806 | epoch 0.17s | total 555.8s | lr 0.00078
E3109/10000 | train 0.025793 | test 0.029708 | epoch 0.17s | total 556.0s | lr 0.00078
E3110/10000 | train 0.025614 | test 0.029853 | epoch 0.17s | total 556.2s | lr 0.00078
E3111/10000 | train 0.025641 | test 0.029728 | epoch 0.17s | total 556.3s | lr 0.00078
E3112/10000 | train 0.025612 | test 0.029763 | epoch 0.17s | total 556.5s | lr 0.00078
E3113/10000 | train 0.025589 | test 0.029854 | epoch 0.17s | total 556.7s | lr 0.00078
E3114/10000 | train 0.025667 | test 0.029791 | epoch 0.17s | total 556.9s | lr 0.00078
E3115/10000 | train 0.025759 | test 0.029827 | epoch 0.17s | total 557.1s | lr 0.00077
E3116/10000 | train 0.025635 | test 0.029786 | epoch 0.17s | total 557.2s | lr 0.00077
E3117/10000 | train 0.025559 | test 0.029676 | epoch 0.17s | total 557.4s | lr 0.00077
E3118/10000 | train 0.025502 | test 0.029763 | epoch 0.17s | total 557.6s | lr 0.00077
E3119/10000 | train 0.025434 | test 0.029768 | epoch 0.17s | total 557.8s | lr 0.00077
E3120/10000 | train 0.025526 | test 0.029676 | epoch 0.17s | total 557.9s | lr 0.00077
E3121/10000 | train 0.025563 | test 0.029963 | epoch 0.17s | total 558.1s | lr 0.00077
E3122/10000 | train 0.025507 | test 0.029798 | epoch 0.17s | total 558.3s | lr 0.00077
E3123/10000 | train 0.025539 | test 0.029804 | epoch 0.17s | total 558.5s | lr 0.00077
E3124/10000 | train 0.025606 | test 0.029939 | epoch 0.17s | total 558.7s | lr 0.00077
E3125/10000 | train 0.025499 | test 0.029863 | epoch 0.17s | total 558.8s | lr 0.00077
E3126/10000 | train 0.025696 | test 0.029916 | epoch 0.17s | total 559.0s | lr 0.00077
E3127/10000 | train 0.025747 | test 0.029965 | epoch 0.17s | total 559.2s | lr 0.00077
E3128/10000 | train 0.025754 | test 0.029849 | epoch 0.17s | total 559.4s | lr 0.00077
E3129/10000 | train 0.025674 | test 0.029885 | epoch 0.17s | total 559.5s | lr 0.00077
E3130/10000 | train 0.025680 | test 0.029956 | epoch 0.17s | total 559.7s | lr 0.00077
E3131/10000 | train 0.025699 | test 0.029840 | epoch 0.17s | total 559.9s | lr 0.00077
E3132/10000 | train 0.025731 | test 0.029947 | epoch 0.17s | total 560.1s | lr 0.00077
E3133/10000 | train 0.025742 | test 0.029854 | epoch 0.17s | total 560.3s | lr 0.00077
E3134/10000 | train 0.025631 | test 0.029811 | epoch 0.17s | total 560.4s | lr 0.00077
E3135/10000 | train 0.025621 | test 0.029793 | epoch 0.17s | total 560.6s | lr 0.00077
E3136/10000 | train 0.025702 | test 0.029860 | epoch 0.17s | total 560.8s | lr 0.00077
E3137/10000 | train 0.025692 | test 0.029795 | epoch 0.17s | total 561.0s | lr 0.00077
E3138/10000 | train 0.025570 | test 0.029766 | epoch 0.17s | total 561.1s | lr 0.00077
E3139/10000 | train 0.025682 | test 0.029896 | epoch 0.17s | total 561.3s | lr 0.00077
E3140/10000 | train 0.025691 | test 0.029796 | epoch 0.17s | total 561.5s | lr 0.00077
E3141/10000 | train 0.025517 | test 0.029803 | epoch 0.17s | total 561.7s | lr 0.00076
E3142/10000 | train 0.025598 | test 0.029849 | epoch 0.17s | total 561.9s | lr 0.00076
E3143/10000 | train 0.025676 | test 0.029789 | epoch 0.17s | total 562.0s | lr 0.00076
E3144/10000 | train 0.025626 | test 0.029835 | epoch 0.17s | total 562.2s | lr 0.00076
E3145/10000 | train 0.025712 | test 0.029654 | epoch 0.17s | total 562.4s | lr 0.00076
E3146/10000 | train 0.025794 | test 0.029916 | epoch 0.17s | total 562.6s | lr 0.00076
E3147/10000 | train 0.025851 | test 0.029846 | epoch 0.17s | total 562.7s | lr 0.00076
E3148/10000 | train 0.025837 | test 0.029802 | epoch 0.17s | total 562.9s | lr 0.00076
E3149/10000 | train 0.025809 | test 0.029838 | epoch 0.17s | total 563.1s | lr 0.00076
E3150/10000 | train 0.025694 | test 0.029714 | epoch 0.17s | total 563.3s | lr 0.00076
E3151/10000 | train 0.025661 | test 0.029846 | epoch 0.17s | total 563.5s | lr 0.00076
E3152/10000 | train 0.025674 | test 0.029739 | epoch 0.17s | total 563.6s | lr 0.00076
E3153/10000 | train 0.025661 | test 0.029769 | epoch 0.17s | total 563.8s | lr 0.00076
E3154/10000 | train 0.025649 | test 0.029805 | epoch 0.17s | total 564.0s | lr 0.00076
E3155/10000 | train 0.025528 | test 0.029717 | epoch 0.17s | total 564.2s | lr 0.00076
E3156/10000 | train 0.025488 | test 0.029801 | epoch 0.17s | total 564.3s | lr 0.00076
E3157/10000 | train 0.025758 | test 0.029987 | epoch 0.17s | total 564.5s | lr 0.00076
E3158/10000 | train 0.025803 | test 0.029857 | epoch 0.17s | total 564.7s | lr 0.00076
E3159/10000 | train 0.025617 | test 0.029813 | epoch 0.17s | total 564.9s | lr 0.00076
E3160/10000 | train 0.025474 | test 0.029648 | epoch 0.17s | total 565.1s | lr 0.00076
E3161/10000 | train 0.025455 | test 0.029720 | epoch 0.17s | total 565.2s | lr 0.00076
E3162/10000 | train 0.025417 | test 0.029638 | epoch 0.17s | total 565.4s | lr 0.00076
E3163/10000 | train 0.025324 | test 0.029751 | epoch 0.17s | total 565.6s | lr 0.00076
E3164/10000 | train 0.025337 | test 0.029680 | epoch 0.17s | total 565.8s | lr 0.00076
E3165/10000 | train 0.025331 | test 0.029758 | epoch 0.17s | total 565.9s | lr 0.00075
E3166/10000 | train 0.025331 | test 0.029781 | epoch 0.17s | total 566.1s | lr 0.00075
E3167/10000 | train 0.025443 | test 0.029765 | epoch 0.17s | total 566.3s | lr 0.00075
E3168/10000 | train 0.025458 | test 0.029793 | epoch 0.17s | total 566.5s | lr 0.00075
E3169/10000 | train 0.025458 | test 0.029736 | epoch 0.17s | total 566.7s | lr 0.00075
E3170/10000 | train 0.025389 | test 0.029854 | epoch 0.17s | total 566.8s | lr 0.00075
E3171/10000 | train 0.025557 | test 0.029816 | epoch 0.17s | total 567.0s | lr 0.00075
E3172/10000 | train 0.025482 | test 0.029727 | epoch 0.17s | total 567.2s | lr 0.00075
E3173/10000 | train 0.025418 | test 0.029788 | epoch 0.17s | total 567.4s | lr 0.00075
E3174/10000 | train 0.025550 | test 0.029737 | epoch 0.17s | total 567.5s | lr 0.00075
E3175/10000 | train 0.025635 | test 0.029901 | epoch 0.17s | total 567.7s | lr 0.00075
E3176/10000 | train 0.025771 | test 0.029986 | epoch 0.17s | total 567.9s | lr 0.00075
E3177/10000 | train 0.025667 | test 0.029992 | epoch 0.17s | total 568.1s | lr 0.00075
E3178/10000 | train 0.025662 | test 0.029917 | epoch 0.17s | total 568.3s | lr 0.00075
E3179/10000 | train 0.025568 | test 0.029824 | epoch 0.17s | total 568.4s | lr 0.00075
E3180/10000 | train 0.025580 | test 0.029856 | epoch 0.17s | total 568.6s | lr 0.00075
E3181/10000 | train 0.025507 | test 0.029918 | epoch 0.17s | total 568.8s | lr 0.00075
E3182/10000 | train 0.025414 | test 0.029982 | epoch 0.17s | total 569.0s | lr 0.00075
E3183/10000 | train 0.025467 | test 0.029868 | epoch 0.17s | total 569.1s | lr 0.00075
E3184/10000 | train 0.025493 | test 0.029961 | epoch 0.17s | total 569.3s | lr 0.00075
E3185/10000 | train 0.025570 | test 0.029928 | epoch 0.17s | total 569.5s | lr 0.00075
E3186/10000 | train 0.025512 | test 0.029943 | epoch 0.17s | total 569.7s | lr 0.00075
E3187/10000 | train 0.025578 | test 0.029977 | epoch 0.17s | total 569.9s | lr 0.00075
E3188/10000 | train 0.025603 | test 0.029921 | epoch 0.17s | total 570.0s | lr 0.00075
E3189/10000 | train 0.025609 | test 0.029822 | epoch 0.17s | total 570.2s | lr 0.00074
E3190/10000 | train 0.025596 | test 0.030039 | epoch 0.17s | total 570.4s | lr 0.00074
E3191/10000 | train 0.025861 | test 0.030024 | epoch 0.17s | total 570.6s | lr 0.00074
E3192/10000 | train 0.025689 | test 0.029876 | epoch 0.17s | total 570.7s | lr 0.00074
E3193/10000 | train 0.025604 | test 0.029874 | epoch 0.17s | total 570.9s | lr 0.00074
E3194/10000 | train 0.025572 | test 0.029881 | epoch 0.17s | total 571.1s | lr 0.00074
E3195/10000 | train 0.025504 | test 0.029890 | epoch 0.17s | total 571.3s | lr 0.00074
E3196/10000 | train 0.025410 | test 0.029831 | epoch 0.17s | total 571.5s | lr 0.00074
E3197/10000 | train 0.025445 | test 0.029675 | epoch 0.17s | total 571.6s | lr 0.00074
E3198/10000 | train 0.025405 | test 0.029768 | epoch 0.17s | total 571.8s | lr 0.00074
E3199/10000 | train 0.025492 | test 0.029764 | epoch 0.17s | total 572.0s | lr 0.00074
E3200/10000 | train 0.025419 | test 0.029788 | epoch 0.17s | total 572.2s | lr 0.00074
E3201/10000 | train 0.025346 | test 0.029819 | epoch 0.17s | total 572.3s | lr 0.00074
E3202/10000 | train 0.025435 | test 0.029791 | epoch 0.17s | total 572.5s | lr 0.00074
E3203/10000 | train 0.025437 | test 0.029840 | epoch 0.17s | total 572.7s | lr 0.00074
E3204/10000 | train 0.025552 | test 0.030007 | epoch 0.17s | total 572.9s | lr 0.00074
E3205/10000 | train 0.025513 | test 0.029867 | epoch 0.17s | total 573.1s | lr 0.00074
E3206/10000 | train 0.025398 | test 0.029719 | epoch 0.17s | total 573.2s | lr 0.00074
E3207/10000 | train 0.025370 | test 0.029749 | epoch 0.17s | total 573.4s | lr 0.00074
E3208/10000 | train 0.025323 | test 0.029830 | epoch 0.17s | total 573.6s | lr 0.00074
E3209/10000 | train 0.025382 | test 0.029763 | epoch 0.17s | total 573.8s | lr 0.00074
E3210/10000 | train 0.025397 | test 0.029881 | epoch 0.17s | total 573.9s | lr 0.00074
E3211/10000 | train 0.025691 | test 0.029811 | epoch 0.17s | total 574.1s | lr 0.00074
E3212/10000 | train 0.025501 | test 0.029856 | epoch 0.17s | total 574.3s | lr 0.00073
E3213/10000 | train 0.025854 | test 0.030036 | epoch 0.17s | total 574.5s | lr 0.00073
E3214/10000 | train 0.025655 | test 0.029886 | epoch 0.17s | total 574.7s | lr 0.00073
E3215/10000 | train 0.025484 | test 0.029783 | epoch 0.17s | total 574.8s | lr 0.00073
E3216/10000 | train 0.025456 | test 0.029901 | epoch 0.17s | total 575.0s | lr 0.00073
E3217/10000 | train 0.025701 | test 0.030021 | epoch 0.17s | total 575.2s | lr 0.00073
E3218/10000 | train 0.025630 | test 0.029944 | epoch 0.17s | total 575.4s | lr 0.00073
E3219/10000 | train 0.025461 | test 0.029786 | epoch 0.17s | total 575.5s | lr 0.00073
E3220/10000 | train 0.025381 | test 0.029865 | epoch 0.17s | total 575.7s | lr 0.00073
E3221/10000 | train 0.025599 | test 0.029878 | epoch 0.17s | total 575.9s | lr 0.00073
E3222/10000 | train 0.025435 | test 0.029878 | epoch 0.17s | total 576.1s | lr 0.00073
E3223/10000 | train 0.025423 | test 0.029810 | epoch 0.17s | total 576.3s | lr 0.00073
E3224/10000 | train 0.025366 | test 0.029818 | epoch 0.17s | total 576.4s | lr 0.00073
E3225/10000 | train 0.025351 | test 0.029821 | epoch 0.17s | total 576.6s | lr 0.00073
E3226/10000 | train 0.025298 | test 0.029896 | epoch 0.17s | total 576.8s | lr 0.00073
E3227/10000 | train 0.025275 | test 0.029921 | epoch 0.17s | total 577.0s | lr 0.00073
E3228/10000 | train 0.025343 | test 0.029974 | epoch 0.17s | total 577.1s | lr 0.00073
E3229/10000 | train 0.025436 | test 0.029848 | epoch 0.17s | total 577.3s | lr 0.00073
E3230/10000 | train 0.025227 | test 0.029964 | epoch 0.17s | total 577.5s | lr 0.00073
E3231/10000 | train 0.025352 | test 0.029958 | epoch 0.17s | total 577.7s | lr 0.00073
E3232/10000 | train 0.025404 | test 0.030013 | epoch 0.17s | total 577.9s | lr 0.00073
E3233/10000 | train 0.025623 | test 0.030152 | epoch 0.17s | total 578.0s | lr 0.00073
E3234/10000 | train 0.025920 | test 0.030244 | epoch 0.17s | total 578.2s | lr 0.00073
E3235/10000 | train 0.025806 | test 0.030250 | epoch 0.17s | total 578.4s | lr 0.00072
E3236/10000 | train 0.025768 | test 0.030380 | epoch 0.17s | total 578.6s | lr 0.00072
E3237/10000 | train 0.026366 | test 0.030712 | epoch 0.17s | total 578.7s | lr 0.00072
E3238/10000 | train 0.026324 | test 0.030362 | epoch 0.17s | total 578.9s | lr 0.00072
E3239/10000 | train 0.026097 | test 0.030477 | epoch 0.17s | total 579.1s | lr 0.00072
E3240/10000 | train 0.026061 | test 0.030493 | epoch 0.17s | total 579.3s | lr 0.00072
E3241/10000 | train 0.026013 | test 0.030412 | epoch 0.17s | total 579.5s | lr 0.00072
E3242/10000 | train 0.026053 | test 0.030289 | epoch 0.17s | total 579.6s | lr 0.00072
E3243/10000 | train 0.025954 | test 0.030522 | epoch 0.17s | total 579.8s | lr 0.00072
E3244/10000 | train 0.026094 | test 0.030326 | epoch 0.17s | total 580.0s | lr 0.00072
E3245/10000 | train 0.025849 | test 0.030314 | epoch 0.17s | total 580.2s | lr 0.00072
E3246/10000 | train 0.025902 | test 0.030191 | epoch 0.17s | total 580.3s | lr 0.00072
E3247/10000 | train 0.025938 | test 0.030269 | epoch 0.17s | total 580.5s | lr 0.00072
E3248/10000 | train 0.025960 | test 0.030458 | epoch 0.17s | total 580.7s | lr 0.00072
E3249/10000 | train 0.025934 | test 0.030441 | epoch 0.17s | total 580.9s | lr 0.00072
E3250/10000 | train 0.025870 | test 0.030448 | epoch 0.17s | total 581.1s | lr 0.00072
E3251/10000 | train 0.026278 | test 0.030745 | epoch 0.17s | total 581.2s | lr 0.00072
E3252/10000 | train 0.026824 | test 0.031755 | epoch 0.17s | total 581.4s | lr 0.00072
E3253/10000 | train 0.027441 | test 0.031026 | epoch 0.17s | total 581.6s | lr 0.00072
E3254/10000 | train 0.027085 | test 0.031015 | epoch 0.17s | total 581.8s | lr 0.00072
E3255/10000 | train 0.026970 | test 0.030565 | epoch 0.17s | total 581.9s | lr 0.00072
E3256/10000 | train 0.026636 | test 0.030978 | epoch 0.17s | total 582.1s | lr 0.00072
E3257/10000 | train 0.026670 | test 0.030596 | epoch 0.17s | total 582.3s | lr 0.00071
E3258/10000 | train 0.026163 | test 0.030222 | epoch 0.17s | total 582.5s | lr 0.00071
E3259/10000 | train 0.026216 | test 0.030358 | epoch 0.17s | total 582.7s | lr 0.00071
E3260/10000 | train 0.026206 | test 0.030174 | epoch 0.17s | total 582.8s | lr 0.00071
E3261/10000 | train 0.026238 | test 0.030380 | epoch 0.17s | total 583.0s | lr 0.00071
E3262/10000 | train 0.026116 | test 0.030351 | epoch 0.17s | total 583.2s | lr 0.00071
E3263/10000 | train 0.026121 | test 0.030266 | epoch 0.17s | total 583.4s | lr 0.00071
E3264/10000 | train 0.026071 | test 0.030295 | epoch 0.17s | total 583.5s | lr 0.00071
E3265/10000 | train 0.026113 | test 0.030175 | epoch 0.17s | total 583.7s | lr 0.00071
E3266/10000 | train 0.026022 | test 0.030431 | epoch 0.17s | total 583.9s | lr 0.00071
E3267/10000 | train 0.025995 | test 0.030313 | epoch 0.17s | total 584.1s | lr 0.00071
E3268/10000 | train 0.026047 | test 0.030399 | epoch 0.17s | total 584.2s | lr 0.00071
E3269/10000 | train 0.026035 | test 0.030466 | epoch 0.17s | total 584.4s | lr 0.00071
E3270/10000 | train 0.026141 | test 0.030723 | epoch 0.17s | total 584.6s | lr 0.00071
E3271/10000 | train 0.026508 | test 0.030452 | epoch 0.17s | total 584.8s | lr 0.00071
E3272/10000 | train 0.026062 | test 0.030169 | epoch 0.17s | total 585.0s | lr 0.00071
E3273/10000 | train 0.025812 | test 0.030032 | epoch 0.17s | total 585.1s | lr 0.00071
E3274/10000 | train 0.025702 | test 0.029870 | epoch 0.17s | total 585.3s | lr 0.00071
E3275/10000 | train 0.025535 | test 0.029901 | epoch 0.17s | total 585.5s | lr 0.00071
E3276/10000 | train 0.025493 | test 0.029945 | epoch 0.17s | total 585.7s | lr 0.00071
E3277/10000 | train 0.025421 | test 0.029827 | epoch 0.17s | total 585.8s | lr 0.00071
E3278/10000 | train 0.025343 | test 0.029877 | epoch 0.17s | total 586.0s | lr 0.00071
E3279/10000 | train 0.025362 | test 0.029857 | epoch 0.17s | total 586.2s | lr 0.00070
E3280/10000 | train 0.025218 | test 0.029911 | epoch 0.17s | total 586.4s | lr 0.00070
E3281/10000 | train 0.025234 | test 0.029916 | epoch 0.17s | total 586.6s | lr 0.00070
E3282/10000 | train 0.025368 | test 0.029931 | epoch 0.17s | total 586.7s | lr 0.00070
E3283/10000 | train 0.025370 | test 0.029979 | epoch 0.17s | total 586.9s | lr 0.00070
E3284/10000 | train 0.025294 | test 0.029837 | epoch 0.17s | total 587.1s | lr 0.00070
E3285/10000 | train 0.025251 | test 0.029860 | epoch 0.17s | total 587.3s | lr 0.00070
E3286/10000 | train 0.025295 | test 0.029855 | epoch 0.17s | total 587.4s | lr 0.00070
E3287/10000 | train 0.025257 | test 0.029906 | epoch 0.17s | total 587.6s | lr 0.00070
E3288/10000 | train 0.025298 | test 0.029882 | epoch 0.17s | total 587.8s | lr 0.00070
E3289/10000 | train 0.025333 | test 0.029875 | epoch 0.17s | total 588.0s | lr 0.00070
E3290/10000 | train 0.025384 | test 0.029976 | epoch 0.17s | total 588.2s | lr 0.00070
E3291/10000 | train 0.025223 | test 0.029852 | epoch 0.17s | total 588.3s | lr 0.00070
E3292/10000 | train 0.025121 | test 0.029824 | epoch 0.18s | total 588.5s | lr 0.00070
E3293/10000 | train 0.025069 | test 0.029952 | epoch 0.17s | total 588.7s | lr 0.00070
E3294/10000 | train 0.025092 | test 0.029923 | epoch 0.17s | total 588.9s | lr 0.00070
E3295/10000 | train 0.025120 | test 0.029970 | epoch 0.17s | total 589.1s | lr 0.00070
E3296/10000 | train 0.025115 | test 0.029977 | epoch 0.17s | total 589.2s | lr 0.00070
E3297/10000 | train 0.025270 | test 0.030175 | epoch 0.17s | total 589.4s | lr 0.00070
E3298/10000 | train 0.025402 | test 0.030154 | epoch 0.17s | total 589.6s | lr 0.00070
E3299/10000 | train 0.025450 | test 0.030177 | epoch 0.17s | total 589.8s | lr 0.00070
E3300/10000 | train 0.025666 | test 0.030285 | epoch 0.17s | total 589.9s | lr 0.00070
E3301/10000 | train 0.025523 | test 0.030120 | epoch 0.17s | total 590.1s | lr 0.00069
E3302/10000 | train 0.025371 | test 0.030228 | epoch 0.17s | total 590.3s | lr 0.00069
E3303/10000 | train 0.025490 | test 0.030155 | epoch 0.17s | total 590.5s | lr 0.00069
E3304/10000 | train 0.025432 | test 0.030137 | epoch 0.17s | total 590.7s | lr 0.00069
E3305/10000 | train 0.025352 | test 0.030063 | epoch 0.17s | total 590.8s | lr 0.00069
E3306/10000 | train 0.025395 | test 0.030232 | epoch 0.17s | total 591.0s | lr 0.00069
E3307/10000 | train 0.025420 | test 0.030182 | epoch 0.17s | total 591.2s | lr 0.00069
E3308/10000 | train 0.025433 | test 0.030134 | epoch 0.17s | total 591.4s | lr 0.00069
E3309/10000 | train 0.025267 | test 0.030057 | epoch 0.17s | total 591.5s | lr 0.00069
E3310/10000 | train 0.025207 | test 0.029967 | epoch 0.17s | total 591.7s | lr 0.00069
E3311/10000 | train 0.025249 | test 0.029946 | epoch 0.17s | total 591.9s | lr 0.00069
E3312/10000 | train 0.025145 | test 0.029937 | epoch 0.17s | total 592.1s | lr 0.00069
E3313/10000 | train 0.025151 | test 0.030002 | epoch 0.17s | total 592.3s | lr 0.00069
E3314/10000 | train 0.025382 | test 0.029934 | epoch 0.17s | total 592.4s | lr 0.00069
E3315/10000 | train 0.025247 | test 0.029933 | epoch 0.17s | total 592.6s | lr 0.00069
E3316/10000 | train 0.025254 | test 0.029957 | epoch 0.17s | total 592.8s | lr 0.00069
E3317/10000 | train 0.025461 | test 0.029898 | epoch 0.17s | total 593.0s | lr 0.00069
E3318/10000 | train 0.025445 | test 0.029856 | epoch 0.17s | total 593.1s | lr 0.00069
E3319/10000 | train 0.025305 | test 0.029973 | epoch 0.17s | total 593.3s | lr 0.00069
E3320/10000 | train 0.025250 | test 0.029971 | epoch 0.17s | total 593.5s | lr 0.00069
E3321/10000 | train 0.025297 | test 0.029970 | epoch 0.17s | total 593.7s | lr 0.00069
E3322/10000 | train 0.025338 | test 0.030013 | epoch 0.17s | total 593.9s | lr 0.00068
E3323/10000 | train 0.025253 | test 0.030008 | epoch 0.17s | total 594.0s | lr 0.00068
E3324/10000 | train 0.025341 | test 0.029931 | epoch 0.17s | total 594.2s | lr 0.00068
E3325/10000 | train 0.025255 | test 0.030007 | epoch 0.17s | total 594.4s | lr 0.00068
E3326/10000 | train 0.025238 | test 0.030035 | epoch 0.17s | total 594.6s | lr 0.00068
E3327/10000 | train 0.025192 | test 0.029889 | epoch 0.17s | total 594.7s | lr 0.00068
E3328/10000 | train 0.025098 | test 0.029944 | epoch 0.17s | total 594.9s | lr 0.00068
E3329/10000 | train 0.025044 | test 0.030093 | epoch 0.17s | total 595.1s | lr 0.00068
E3330/10000 | train 0.025045 | test 0.030015 | epoch 0.17s | total 595.3s | lr 0.00068
E3331/10000 | train 0.025070 | test 0.030029 | epoch 0.17s | total 595.4s | lr 0.00068
E3332/10000 | train 0.024981 | test 0.029945 | epoch 0.17s | total 595.6s | lr 0.00068
E3333/10000 | train 0.024982 | test 0.030128 | epoch 0.17s | total 595.8s | lr 0.00068
E3334/10000 | train 0.024991 | test 0.029961 | epoch 0.17s | total 596.0s | lr 0.00068
E3335/10000 | train 0.024972 | test 0.029949 | epoch 0.17s | total 596.2s | lr 0.00068
E3336/10000 | train 0.025024 | test 0.030010 | epoch 0.17s | total 596.3s | lr 0.00068
E3337/10000 | train 0.025113 | test 0.029911 | epoch 0.17s | total 596.5s | lr 0.00068
E3338/10000 | train 0.024994 | test 0.030026 | epoch 0.17s | total 596.7s | lr 0.00068
E3339/10000 | train 0.025040 | test 0.029999 | epoch 0.17s | total 596.9s | lr 0.00068
E3340/10000 | train 0.024995 | test 0.030025 | epoch 0.17s | total 597.0s | lr 0.00068
E3341/10000 | train 0.025028 | test 0.029924 | epoch 0.17s | total 597.2s | lr 0.00068
E3342/10000 | train 0.024971 | test 0.029989 | epoch 0.17s | total 597.4s | lr 0.00067
E3343/10000 | train 0.024999 | test 0.030026 | epoch 0.17s | total 597.6s | lr 0.00067
E3344/10000 | train 0.024949 | test 0.029945 | epoch 0.17s | total 597.8s | lr 0.00067
E3345/10000 | train 0.024933 | test 0.029834 | epoch 0.17s | total 597.9s | lr 0.00067
E3346/10000 | train 0.024932 | test 0.029829 | epoch 0.17s | total 598.1s | lr 0.00067
E3347/10000 | train 0.024947 | test 0.029851 | epoch 0.17s | total 598.3s | lr 0.00067
E3348/10000 | train 0.024826 | test 0.029901 | epoch 0.17s | total 598.5s | lr 0.00067
E3349/10000 | train 0.024860 | test 0.029883 | epoch 0.17s | total 598.6s | lr 0.00067
E3350/10000 | train 0.024876 | test 0.029840 | epoch 0.17s | total 598.8s | lr 0.00067
E3351/10000 | train 0.024794 | test 0.029899 | epoch 0.17s | total 599.0s | lr 0.00067
E3352/10000 | train 0.024853 | test 0.029866 | epoch 0.17s | total 599.2s | lr 0.00067
E3353/10000 | train 0.024770 | test 0.029849 | epoch 0.17s | total 599.4s | lr 0.00067
E3354/10000 | train 0.024701 | test 0.029912 | epoch 0.17s | total 599.5s | lr 0.00067
E3355/10000 | train 0.024766 | test 0.029796 | epoch 0.17s | total 599.7s | lr 0.00067
E3356/10000 | train 0.024720 | test 0.029898 | epoch 0.17s | total 599.9s | lr 0.00067
E3357/10000 | train 0.024802 | test 0.029894 | epoch 0.17s | total 600.1s | lr 0.00067
E3358/10000 | train 0.024773 | test 0.029980 | epoch 0.17s | total 600.2s | lr 0.00067
E3359/10000 | train 0.024776 | test 0.029852 | epoch 0.17s | total 600.4s | lr 0.00067
E3360/10000 | train 0.024880 | test 0.029956 | epoch 0.17s | total 600.6s | lr 0.00067
E3361/10000 | train 0.024828 | test 0.029897 | epoch 0.17s | total 600.8s | lr 0.00067
E3362/10000 | train 0.024782 | test 0.029881 | epoch 0.17s | total 601.0s | lr 0.00067
E3363/10000 | train 0.024825 | test 0.029930 | epoch 0.17s | total 601.1s | lr 0.00066
E3364/10000 | train 0.025098 | test 0.030070 | epoch 0.17s | total 601.3s | lr 0.00066
E3365/10000 | train 0.025082 | test 0.029965 | epoch 0.17s | total 601.5s | lr 0.00066
E3366/10000 | train 0.025066 | test 0.029975 | epoch 0.17s | total 601.7s | lr 0.00066
E3367/10000 | train 0.025060 | test 0.030025 | epoch 0.17s | total 601.8s | lr 0.00066
E3368/10000 | train 0.025129 | test 0.030116 | epoch 0.17s | total 602.0s | lr 0.00066
E3369/10000 | train 0.025255 | test 0.030074 | epoch 0.17s | total 602.2s | lr 0.00066
E3370/10000 | train 0.025105 | test 0.029945 | epoch 0.17s | total 602.4s | lr 0.00066
E3371/10000 | train 0.025074 | test 0.029977 | epoch 0.17s | total 602.6s | lr 0.00066
E3372/10000 | train 0.025109 | test 0.030017 | epoch 0.17s | total 602.7s | lr 0.00066
E3373/10000 | train 0.025051 | test 0.030043 | epoch 0.17s | total 602.9s | lr 0.00066
E3374/10000 | train 0.024995 | test 0.030061 | epoch 0.17s | total 603.1s | lr 0.00066
E3375/10000 | train 0.025050 | test 0.030136 | epoch 0.17s | total 603.3s | lr 0.00066
E3376/10000 | train 0.025033 | test 0.030047 | epoch 0.17s | total 603.4s | lr 0.00066
E3377/10000 | train 0.024954 | test 0.030082 | epoch 0.17s | total 603.6s | lr 0.00066
E3378/10000 | train 0.024996 | test 0.030061 | epoch 0.17s | total 603.8s | lr 0.00066
E3379/10000 | train 0.025018 | test 0.030201 | epoch 0.17s | total 604.0s | lr 0.00066
E3380/10000 | train 0.024924 | test 0.030134 | epoch 0.17s | total 604.2s | lr 0.00066
E3381/10000 | train 0.024984 | test 0.030042 | epoch 0.17s | total 604.3s | lr 0.00066
E3382/10000 | train 0.024905 | test 0.030076 | epoch 0.17s | total 604.5s | lr 0.00066
E3383/10000 | train 0.025131 | test 0.030100 | epoch 0.17s | total 604.7s | lr 0.00065
E3384/10000 | train 0.025087 | test 0.030219 | epoch 0.17s | total 604.9s | lr 0.00065
E3385/10000 | train 0.025307 | test 0.030101 | epoch 0.17s | total 605.0s | lr 0.00065
E3386/10000 | train 0.025108 | test 0.030128 | epoch 0.17s | total 605.2s | lr 0.00065
E3387/10000 | train 0.025076 | test 0.030204 | epoch 0.17s | total 605.4s | lr 0.00065
E3388/10000 | train 0.025419 | test 0.030473 | epoch 0.17s | total 605.6s | lr 0.00065
E3389/10000 | train 0.025370 | test 0.030230 | epoch 0.17s | total 605.8s | lr 0.00065
E3390/10000 | train 0.025151 | test 0.030341 | epoch 0.17s | total 605.9s | lr 0.00065
E3391/10000 | train 0.025215 | test 0.030224 | epoch 0.17s | total 606.1s | lr 0.00065
E3392/10000 | train 0.025150 | test 0.030164 | epoch 0.17s | total 606.3s | lr 0.00065
E3393/10000 | train 0.025140 | test 0.030295 | epoch 0.17s | total 606.5s | lr 0.00065
E3394/10000 | train 0.025217 | test 0.030115 | epoch 0.17s | total 606.6s | lr 0.00065
E3395/10000 | train 0.025187 | test 0.030151 | epoch 0.17s | total 606.8s | lr 0.00065
E3396/10000 | train 0.025105 | test 0.030253 | epoch 0.17s | total 607.0s | lr 0.00065
E3397/10000 | train 0.025188 | test 0.030278 | epoch 0.17s | total 607.2s | lr 0.00065
E3398/10000 | train 0.025002 | test 0.030150 | epoch 0.17s | total 607.4s | lr 0.00065
E3399/10000 | train 0.024907 | test 0.029960 | epoch 0.17s | total 607.5s | lr 0.00065
E3400/10000 | train 0.024905 | test 0.030070 | epoch 0.17s | total 607.7s | lr 0.00065
E3401/10000 | train 0.024970 | test 0.029998 | epoch 0.17s | total 607.9s | lr 0.00065
E3402/10000 | train 0.024878 | test 0.029990 | epoch 0.17s | total 608.1s | lr 0.00065
E3403/10000 | train 0.024804 | test 0.029949 | epoch 0.17s | total 608.2s | lr 0.00064
E3404/10000 | train 0.024701 | test 0.030004 | epoch 0.17s | total 608.4s | lr 0.00064
E3405/10000 | train 0.024780 | test 0.029859 | epoch 0.17s | total 608.6s | lr 0.00064
E3406/10000 | train 0.024647 | test 0.029835 | epoch 0.17s | total 608.8s | lr 0.00064
E3407/10000 | train 0.024670 | test 0.029812 | epoch 0.17s | total 609.0s | lr 0.00064
E3408/10000 | train 0.024633 | test 0.029862 | epoch 0.17s | total 609.1s | lr 0.00064
E3409/10000 | train 0.024627 | test 0.029814 | epoch 0.17s | total 609.3s | lr 0.00064
E3410/10000 | train 0.024659 | test 0.029814 | epoch 0.17s | total 609.5s | lr 0.00064
E3411/10000 | train 0.024657 | test 0.029738 | epoch 0.17s | total 609.7s | lr 0.00064
E3412/10000 | train 0.024666 | test 0.029833 | epoch 0.17s | total 609.8s | lr 0.00064
E3413/10000 | train 0.024637 | test 0.029817 | epoch 0.17s | total 610.0s | lr 0.00064
E3414/10000 | train 0.024720 | test 0.029839 | epoch 0.17s | total 610.2s | lr 0.00064
E3415/10000 | train 0.024586 | test 0.029864 | epoch 0.17s | total 610.4s | lr 0.00064
E3416/10000 | train 0.024616 | test 0.029857 | epoch 0.17s | total 610.6s | lr 0.00064
E3417/10000 | train 0.024707 | test 0.029922 | epoch 0.17s | total 610.7s | lr 0.00064
E3418/10000 | train 0.024617 | test 0.029915 | epoch 0.17s | total 610.9s | lr 0.00064
E3419/10000 | train 0.024603 | test 0.029868 | epoch 0.17s | total 611.1s | lr 0.00064
E3420/10000 | train 0.024587 | test 0.029826 | epoch 0.17s | total 611.3s | lr 0.00064
E3421/10000 | train 0.024554 | test 0.029901 | epoch 0.17s | total 611.4s | lr 0.00064
E3422/10000 | train 0.024613 | test 0.029828 | epoch 0.17s | total 611.6s | lr 0.00063
E3423/10000 | train 0.024716 | test 0.029878 | epoch 0.17s | total 611.8s | lr 0.00063
E3424/10000 | train 0.024617 | test 0.029903 | epoch 0.17s | total 612.0s | lr 0.00063
E3425/10000 | train 0.024637 | test 0.029931 | epoch 0.17s | total 612.2s | lr 0.00063
E3426/10000 | train 0.024619 | test 0.029844 | epoch 0.17s | total 612.3s | lr 0.00063
E3427/10000 | train 0.024750 | test 0.029871 | epoch 0.17s | total 612.5s | lr 0.00063
E3428/10000 | train 0.024895 | test 0.029964 | epoch 0.17s | total 612.7s | lr 0.00063
E3429/10000 | train 0.025323 | test 0.030036 | epoch 0.17s | total 612.9s | lr 0.00063
E3430/10000 | train 0.025377 | test 0.029962 | epoch 0.17s | total 613.0s | lr 0.00063
E3431/10000 | train 0.025618 | test 0.030373 | epoch 0.17s | total 613.2s | lr 0.00063
E3432/10000 | train 0.025832 | test 0.030479 | epoch 0.17s | total 613.4s | lr 0.00063
E3433/10000 | train 0.025996 | test 0.030521 | epoch 0.17s | total 613.6s | lr 0.00063
E3434/10000 | train 0.025747 | test 0.030125 | epoch 0.17s | total 613.8s | lr 0.00063
E3435/10000 | train 0.025502 | test 0.030069 | epoch 0.17s | total 613.9s | lr 0.00063
E3436/10000 | train 0.025300 | test 0.030184 | epoch 0.17s | total 614.1s | lr 0.00063
E3437/10000 | train 0.025337 | test 0.030078 | epoch 0.17s | total 614.3s | lr 0.00063
E3438/10000 | train 0.025171 | test 0.030017 | epoch 0.17s | total 614.5s | lr 0.00063
E3439/10000 | train 0.025143 | test 0.029873 | epoch 0.17s | total 614.6s | lr 0.00063
E3440/10000 | train 0.025022 | test 0.029967 | epoch 0.17s | total 614.8s | lr 0.00063
E3441/10000 | train 0.025024 | test 0.029903 | epoch 0.17s | total 615.0s | lr 0.00063
E3442/10000 | train 0.024938 | test 0.029990 | epoch 0.17s | total 615.2s | lr 0.00062
E3443/10000 | train 0.024857 | test 0.029893 | epoch 0.17s | total 615.4s | lr 0.00062
E3444/10000 | train 0.024800 | test 0.029845 | epoch 0.17s | total 615.5s | lr 0.00062
E3445/10000 | train 0.024701 | test 0.029919 | epoch 0.17s | total 615.7s | lr 0.00062
E3446/10000 | train 0.024786 | test 0.029911 | epoch 0.17s | total 615.9s | lr 0.00062
E3447/10000 | train 0.024719 | test 0.029984 | epoch 0.17s | total 616.1s | lr 0.00062
E3448/10000 | train 0.024710 | test 0.029881 | epoch 0.17s | total 616.2s | lr 0.00062
E3449/10000 | train 0.024707 | test 0.029868 | epoch 0.17s | total 616.4s | lr 0.00062
E3450/10000 | train 0.024689 | test 0.029918 | epoch 0.17s | total 616.6s | lr 0.00062
E3451/10000 | train 0.024823 | test 0.030044 | epoch 0.17s | total 616.8s | lr 0.00062
E3452/10000 | train 0.024901 | test 0.029949 | epoch 0.17s | total 617.0s | lr 0.00062
E3453/10000 | train 0.024931 | test 0.029862 | epoch 0.17s | total 617.1s | lr 0.00062
E3454/10000 | train 0.024908 | test 0.029971 | epoch 0.17s | total 617.3s | lr 0.00062
E3455/10000 | train 0.024909 | test 0.029900 | epoch 0.17s | total 617.5s | lr 0.00062
E3456/10000 | train 0.024933 | test 0.030083 | epoch 0.17s | total 617.7s | lr 0.00062
E3457/10000 | train 0.024874 | test 0.030015 | epoch 0.17s | total 617.8s | lr 0.00062
E3458/10000 | train 0.024852 | test 0.030079 | epoch 0.17s | total 618.0s | lr 0.00062
E3459/10000 | train 0.024837 | test 0.030083 | epoch 0.17s | total 618.2s | lr 0.00062
E3460/10000 | train 0.024785 | test 0.030004 | epoch 0.17s | total 618.4s | lr 0.00062
E3461/10000 | train 0.024766 | test 0.029949 | epoch 0.17s | total 618.6s | lr 0.00061
E3462/10000 | train 0.024685 | test 0.030000 | epoch 0.17s | total 618.7s | lr 0.00061
E3463/10000 | train 0.024601 | test 0.029996 | epoch 0.17s | total 618.9s | lr 0.00061
E3464/10000 | train 0.024663 | test 0.029965 | epoch 0.17s | total 619.1s | lr 0.00061
E3465/10000 | train 0.024650 | test 0.030041 | epoch 0.17s | total 619.3s | lr 0.00061
E3466/10000 | train 0.024728 | test 0.029991 | epoch 0.17s | total 619.4s | lr 0.00061
E3467/10000 | train 0.024681 | test 0.029963 | epoch 0.17s | total 619.6s | lr 0.00061
E3468/10000 | train 0.024605 | test 0.029949 | epoch 0.17s | total 619.8s | lr 0.00061
E3469/10000 | train 0.024546 | test 0.029894 | epoch 0.17s | total 620.0s | lr 0.00061
E3470/10000 | train 0.024448 | test 0.029841 | epoch 0.17s | total 620.2s | lr 0.00061
E3471/10000 | train 0.024502 | test 0.029951 | epoch 0.17s | total 620.3s | lr 0.00061
E3472/10000 | train 0.024526 | test 0.029919 | epoch 0.17s | total 620.5s | lr 0.00061
E3473/10000 | train 0.024541 | test 0.029962 | epoch 0.17s | total 620.7s | lr 0.00061
E3474/10000 | train 0.024561 | test 0.030020 | epoch 0.17s | total 620.9s | lr 0.00061
E3475/10000 | train 0.024464 | test 0.029841 | epoch 0.17s | total 621.0s | lr 0.00061
E3476/10000 | train 0.024614 | test 0.030021 | epoch 0.17s | total 621.2s | lr 0.00061
E3477/10000 | train 0.024717 | test 0.029909 | epoch 0.17s | total 621.4s | lr 0.00061
E3478/10000 | train 0.024674 | test 0.029964 | epoch 0.17s | total 621.6s | lr 0.00061
E3479/10000 | train 0.024646 | test 0.029923 | epoch 0.17s | total 621.8s | lr 0.00061
E3480/10000 | train 0.024618 | test 0.029924 | epoch 0.17s | total 621.9s | lr 0.00060
E3481/10000 | train 0.024642 | test 0.029852 | epoch 0.17s | total 622.1s | lr 0.00060
E3482/10000 | train 0.024657 | test 0.029981 | epoch 0.17s | total 622.3s | lr 0.00060
E3483/10000 | train 0.024782 | test 0.029927 | epoch 0.17s | total 622.5s | lr 0.00060
E3484/10000 | train 0.024824 | test 0.030154 | epoch 0.17s | total 622.6s | lr 0.00060
E3485/10000 | train 0.024837 | test 0.030014 | epoch 0.17s | total 622.8s | lr 0.00060
E3486/10000 | train 0.024984 | test 0.030054 | epoch 0.17s | total 623.0s | lr 0.00060
E3487/10000 | train 0.025099 | test 0.030012 | epoch 0.17s | total 623.2s | lr 0.00060
E3488/10000 | train 0.025067 | test 0.029972 | epoch 0.17s | total 623.4s | lr 0.00060
E3489/10000 | train 0.025123 | test 0.030053 | epoch 0.17s | total 623.5s | lr 0.00060
E3490/10000 | train 0.025160 | test 0.030088 | epoch 0.17s | total 623.7s | lr 0.00060
E3491/10000 | train 0.025109 | test 0.030171 | epoch 0.17s | total 623.9s | lr 0.00060
E3492/10000 | train 0.025021 | test 0.030090 | epoch 0.17s | total 624.1s | lr 0.00060
E3493/10000 | train 0.025168 | test 0.030199 | epoch 0.17s | total 624.2s | lr 0.00060
E3494/10000 | train 0.025057 | test 0.030071 | epoch 0.17s | total 624.4s | lr 0.00060
E3495/10000 | train 0.024941 | test 0.030014 | epoch 0.17s | total 624.6s | lr 0.00060
E3496/10000 | train 0.024892 | test 0.030070 | epoch 0.17s | total 624.8s | lr 0.00060
E3497/10000 | train 0.024845 | test 0.030104 | epoch 0.17s | total 625.0s | lr 0.00060
E3498/10000 | train 0.024748 | test 0.030135 | epoch 0.17s | total 625.1s | lr 0.00060
E3499/10000 | train 0.024715 | test 0.029969 | epoch 0.17s | total 625.3s | lr 0.00059
E3500/10000 | train 0.024757 | test 0.029965 | epoch 0.17s | total 625.5s | lr 0.00059
E3501/10000 | train 0.024665 | test 0.029978 | epoch 0.17s | total 625.7s | lr 0.00059
E3502/10000 | train 0.024637 | test 0.030057 | epoch 0.18s | total 625.8s | lr 0.00059
E3503/10000 | train 0.024627 | test 0.030057 | epoch 0.17s | total 626.0s | lr 0.00059
E3504/10000 | train 0.024755 | test 0.030073 | epoch 0.17s | total 626.2s | lr 0.00059
E3505/10000 | train 0.024632 | test 0.030056 | epoch 0.17s | total 626.4s | lr 0.00059
E3506/10000 | train 0.024623 | test 0.030156 | epoch 0.17s | total 626.6s | lr 0.00059
E3507/10000 | train 0.024902 | test 0.030072 | epoch 0.17s | total 626.7s | lr 0.00059
E3508/10000 | train 0.024816 | test 0.030143 | epoch 0.17s | total 626.9s | lr 0.00059
E3509/10000 | train 0.024837 | test 0.030082 | epoch 0.17s | total 627.1s | lr 0.00059
E3510/10000 | train 0.024646 | test 0.030080 | epoch 0.17s | total 627.3s | lr 0.00059
E3511/10000 | train 0.024543 | test 0.029935 | epoch 0.17s | total 627.5s | lr 0.00059
E3512/10000 | train 0.024528 | test 0.029980 | epoch 0.17s | total 627.6s | lr 0.00059
E3513/10000 | train 0.024518 | test 0.029913 | epoch 0.17s | total 627.8s | lr 0.00059
E3514/10000 | train 0.024568 | test 0.029874 | epoch 0.17s | total 628.0s | lr 0.00059
E3515/10000 | train 0.024553 | test 0.030021 | epoch 0.17s | total 628.2s | lr 0.00059
E3516/10000 | train 0.024558 | test 0.029999 | epoch 0.17s | total 628.3s | lr 0.00059
E3517/10000 | train 0.024557 | test 0.030053 | epoch 0.17s | total 628.5s | lr 0.00059
E3518/10000 | train 0.024627 | test 0.029970 | epoch 0.17s | total 628.7s | lr 0.00058
E3519/10000 | train 0.024759 | test 0.030102 | epoch 0.17s | total 628.9s | lr 0.00058
E3520/10000 | train 0.024854 | test 0.030000 | epoch 0.17s | total 629.1s | lr 0.00058
E3521/10000 | train 0.024744 | test 0.030020 | epoch 0.17s | total 629.2s | lr 0.00058
E3522/10000 | train 0.024702 | test 0.030091 | epoch 0.17s | total 629.4s | lr 0.00058
E3523/10000 | train 0.024699 | test 0.030186 | epoch 0.17s | total 629.6s | lr 0.00058
E3524/10000 | train 0.024689 | test 0.030222 | epoch 0.17s | total 629.8s | lr 0.00058
E3525/10000 | train 0.024773 | test 0.030187 | epoch 0.17s | total 629.9s | lr 0.00058
E3526/10000 | train 0.024981 | test 0.030292 | epoch 0.17s | total 630.1s | lr 0.00058
E3527/10000 | train 0.024959 | test 0.030176 | epoch 0.17s | total 630.3s | lr 0.00058
E3528/10000 | train 0.024916 | test 0.030265 | epoch 0.17s | total 630.5s | lr 0.00058
E3529/10000 | train 0.024949 | test 0.030170 | epoch 0.17s | total 630.7s | lr 0.00058
E3530/10000 | train 0.024863 | test 0.030154 | epoch 0.17s | total 630.8s | lr 0.00058
E3531/10000 | train 0.024788 | test 0.030121 | epoch 0.17s | total 631.0s | lr 0.00058
E3532/10000 | train 0.024793 | test 0.030158 | epoch 0.17s | total 631.2s | lr 0.00058
E3533/10000 | train 0.024721 | test 0.030158 | epoch 0.17s | total 631.4s | lr 0.00058
E3534/10000 | train 0.024699 | test 0.030185 | epoch 0.17s | total 631.5s | lr 0.00058
E3535/10000 | train 0.024630 | test 0.030105 | epoch 0.17s | total 631.7s | lr 0.00058
E3536/10000 | train 0.024447 | test 0.030126 | epoch 0.17s | total 631.9s | lr 0.00057
E3537/10000 | train 0.024453 | test 0.030111 | epoch 0.17s | total 632.1s | lr 0.00057
E3538/10000 | train 0.024470 | test 0.030138 | epoch 0.17s | total 632.3s | lr 0.00057
E3539/10000 | train 0.024415 | test 0.030021 | epoch 0.17s | total 632.4s | lr 0.00057
E3540/10000 | train 0.024350 | test 0.030007 | epoch 0.17s | total 632.6s | lr 0.00057
E3541/10000 | train 0.024413 | test 0.030009 | epoch 0.17s | total 632.8s | lr 0.00057
E3542/10000 | train 0.024392 | test 0.030098 | epoch 0.17s | total 633.0s | lr 0.00057
E3543/10000 | train 0.024417 | test 0.030074 | epoch 0.17s | total 633.2s | lr 0.00057
E3544/10000 | train 0.024359 | test 0.030015 | epoch 0.17s | total 633.3s | lr 0.00057
E3545/10000 | train 0.024253 | test 0.030114 | epoch 0.17s | total 633.5s | lr 0.00057
E3546/10000 | train 0.024318 | test 0.030145 | epoch 0.17s | total 633.7s | lr 0.00057
E3547/10000 | train 0.024333 | test 0.030027 | epoch 0.17s | total 633.9s | lr 0.00057
E3548/10000 | train 0.024341 | test 0.030119 | epoch 0.17s | total 634.0s | lr 0.00057
E3549/10000 | train 0.024403 | test 0.030100 | epoch 0.17s | total 634.2s | lr 0.00057
E3550/10000 | train 0.024402 | test 0.030216 | epoch 0.17s | total 634.4s | lr 0.00057
E3551/10000 | train 0.024555 | test 0.030147 | epoch 0.17s | total 634.6s | lr 0.00057
E3552/10000 | train 0.024610 | test 0.030193 | epoch 0.17s | total 634.8s | lr 0.00057
E3553/10000 | train 0.024513 | test 0.030122 | epoch 0.17s | total 634.9s | lr 0.00057
E3554/10000 | train 0.024445 | test 0.030105 | epoch 0.17s | total 635.1s | lr 0.00057
E3555/10000 | train 0.024503 | test 0.030144 | epoch 0.17s | total 635.3s | lr 0.00056
E3556/10000 | train 0.024560 | test 0.030216 | epoch 0.17s | total 635.5s | lr 0.00056
E3557/10000 | train 0.024734 | test 0.030243 | epoch 0.17s | total 635.6s | lr 0.00056
E3558/10000 | train 0.024843 | test 0.030233 | epoch 0.17s | total 635.8s | lr 0.00056
E3559/10000 | train 0.024723 | test 0.030185 | epoch 0.17s | total 636.0s | lr 0.00056
E3560/10000 | train 0.024572 | test 0.030188 | epoch 0.17s | total 636.2s | lr 0.00056
E3561/10000 | train 0.024500 | test 0.030248 | epoch 0.17s | total 636.3s | lr 0.00056
E3562/10000 | train 0.024477 | test 0.030162 | epoch 0.17s | total 636.5s | lr 0.00056
E3563/10000 | train 0.024418 | test 0.030111 | epoch 0.17s | total 636.7s | lr 0.00056
E3564/10000 | train 0.024359 | test 0.030165 | epoch 0.17s | total 636.9s | lr 0.00056
E3565/10000 | train 0.024485 | test 0.030125 | epoch 0.17s | total 637.1s | lr 0.00056
E3566/10000 | train 0.024474 | test 0.030155 | epoch 0.17s | total 637.2s | lr 0.00056
E3567/10000 | train 0.024374 | test 0.030159 | epoch 0.17s | total 637.4s | lr 0.00056
E3568/10000 | train 0.024314 | test 0.030193 | epoch 0.17s | total 637.6s | lr 0.00056
E3569/10000 | train 0.024350 | test 0.030229 | epoch 0.17s | total 637.8s | lr 0.00056
E3570/10000 | train 0.024354 | test 0.030211 | epoch 0.17s | total 638.0s | lr 0.00056
E3571/10000 | train 0.024396 | test 0.030217 | epoch 0.17s | total 638.1s | lr 0.00056
E3572/10000 | train 0.024496 | test 0.030215 | epoch 0.17s | total 638.3s | lr 0.00056
E3573/10000 | train 0.024418 | test 0.030214 | epoch 0.17s | total 638.5s | lr 0.00055
E3574/10000 | train 0.024367 | test 0.030194 | epoch 0.17s | total 638.7s | lr 0.00055
E3575/10000 | train 0.024327 | test 0.030210 | epoch 0.17s | total 638.8s | lr 0.00055
E3576/10000 | train 0.024331 | test 0.030211 | epoch 0.17s | total 639.0s | lr 0.00055
E3577/10000 | train 0.024326 | test 0.030174 | epoch 0.17s | total 639.2s | lr 0.00055
E3578/10000 | train 0.024375 | test 0.030142 | epoch 0.17s | total 639.4s | lr 0.00055
E3579/10000 | train 0.024246 | test 0.030175 | epoch 0.17s | total 639.6s | lr 0.00055
E3580/10000 | train 0.024381 | test 0.030142 | epoch 0.18s | total 639.7s | lr 0.00055
E3581/10000 | train 0.024324 | test 0.030176 | epoch 0.17s | total 639.9s | lr 0.00055
E3582/10000 | train 0.024269 | test 0.030194 | epoch 0.17s | total 640.1s | lr 0.00055
E3583/10000 | train 0.024527 | test 0.030341 | epoch 0.17s | total 640.3s | lr 0.00055
E3584/10000 | train 0.024585 | test 0.030203 | epoch 0.17s | total 640.4s | lr 0.00055
E3585/10000 | train 0.024569 | test 0.030216 | epoch 0.17s | total 640.6s | lr 0.00055
E3586/10000 | train 0.024618 | test 0.030337 | epoch 0.17s | total 640.8s | lr 0.00055
E3587/10000 | train 0.024495 | test 0.030197 | epoch 0.17s | total 641.0s | lr 0.00055
E3588/10000 | train 0.024428 | test 0.030176 | epoch 0.17s | total 641.2s | lr 0.00055
E3589/10000 | train 0.024293 | test 0.030242 | epoch 0.17s | total 641.3s | lr 0.00055
E3590/10000 | train 0.024283 | test 0.030189 | epoch 0.17s | total 641.5s | lr 0.00055
E3591/10000 | train 0.024475 | test 0.030223 | epoch 0.17s | total 641.7s | lr 0.00055
E3592/10000 | train 0.024495 | test 0.030273 | epoch 0.17s | total 641.9s | lr 0.00054
E3593/10000 | train 0.024457 | test 0.030262 | epoch 0.17s | total 642.0s | lr 0.00054
E3594/10000 | train 0.024444 | test 0.030371 | epoch 0.17s | total 642.2s | lr 0.00054
E3595/10000 | train 0.024455 | test 0.030305 | epoch 0.17s | total 642.4s | lr 0.00054
E3596/10000 | train 0.024422 | test 0.030340 | epoch 0.17s | total 642.6s | lr 0.00054
E3597/10000 | train 0.024564 | test 0.030371 | epoch 0.17s | total 642.8s | lr 0.00054
E3598/10000 | train 0.024484 | test 0.030271 | epoch 0.17s | total 642.9s | lr 0.00054
E3599/10000 | train 0.024355 | test 0.030220 | epoch 0.17s | total 643.1s | lr 0.00054
E3600/10000 | train 0.024332 | test 0.030379 | epoch 0.17s | total 643.3s | lr 0.00054
E3601/10000 | train 0.024509 | test 0.030428 | epoch 0.17s | total 643.5s | lr 0.00054
E3602/10000 | train 0.024552 | test 0.030322 | epoch 0.17s | total 643.6s | lr 0.00054
E3603/10000 | train 0.024518 | test 0.030286 | epoch 0.17s | total 643.8s | lr 0.00054
E3604/10000 | train 0.024399 | test 0.030241 | epoch 0.17s | total 644.0s | lr 0.00054
E3605/10000 | train 0.024352 | test 0.030269 | epoch 0.17s | total 644.2s | lr 0.00054
E3606/10000 | train 0.024286 | test 0.030193 | epoch 0.17s | total 644.4s | lr 0.00054
E3607/10000 | train 0.024172 | test 0.030262 | epoch 0.17s | total 644.5s | lr 0.00054
E3608/10000 | train 0.024207 | test 0.030220 | epoch 0.17s | total 644.7s | lr 0.00054
E3609/10000 | train 0.024206 | test 0.030177 | epoch 0.17s | total 644.9s | lr 0.00054
E3610/10000 | train 0.024228 | test 0.030216 | epoch 0.17s | total 645.1s | lr 0.00053
E3611/10000 | train 0.024309 | test 0.030199 | epoch 0.17s | total 645.2s | lr 0.00053
E3612/10000 | train 0.024265 | test 0.030102 | epoch 0.17s | total 645.4s | lr 0.00053
E3613/10000 | train 0.024136 | test 0.030269 | epoch 0.17s | total 645.6s | lr 0.00053
E3614/10000 | train 0.024328 | test 0.030280 | epoch 0.17s | total 645.8s | lr 0.00053
E3615/10000 | train 0.024281 | test 0.030162 | epoch 0.17s | total 646.0s | lr 0.00053
E3616/10000 | train 0.024212 | test 0.030174 | epoch 0.17s | total 646.1s | lr 0.00053
E3617/10000 | train 0.024253 | test 0.030229 | epoch 0.17s | total 646.3s | lr 0.00053
E3618/10000 | train 0.024279 | test 0.030128 | epoch 0.17s | total 646.5s | lr 0.00053
E3619/10000 | train 0.024225 | test 0.030100 | epoch 0.17s | total 646.7s | lr 0.00053
E3620/10000 | train 0.024260 | test 0.030186 | epoch 0.17s | total 646.8s | lr 0.00053
E3621/10000 | train 0.024195 | test 0.030160 | epoch 0.17s | total 647.0s | lr 0.00053
E3622/10000 | train 0.024263 | test 0.030267 | epoch 0.17s | total 647.2s | lr 0.00053
E3623/10000 | train 0.024249 | test 0.030209 | epoch 0.17s | total 647.4s | lr 0.00053
E3624/10000 | train 0.024437 | test 0.030247 | epoch 0.17s | total 647.6s | lr 0.00053
E3625/10000 | train 0.024359 | test 0.030266 | epoch 0.17s | total 647.7s | lr 0.00053
E3626/10000 | train 0.024199 | test 0.030213 | epoch 0.17s | total 647.9s | lr 0.00053
E3627/10000 | train 0.024084 | test 0.030244 | epoch 0.17s | total 648.1s | lr 0.00053
E3628/10000 | train 0.024048 | test 0.030304 | epoch 0.17s | total 648.3s | lr 0.00052
E3629/10000 | train 0.024035 | test 0.030198 | epoch 0.17s | total 648.5s | lr 0.00052
E3630/10000 | train 0.024136 | test 0.030365 | epoch 0.17s | total 648.6s | lr 0.00052
E3631/10000 | train 0.024298 | test 0.030376 | epoch 0.17s | total 648.8s | lr 0.00052
E3632/10000 | train 0.024285 | test 0.030228 | epoch 0.17s | total 649.0s | lr 0.00052
E3633/10000 | train 0.024167 | test 0.030323 | epoch 0.17s | total 649.2s | lr 0.00052
E3634/10000 | train 0.024190 | test 0.030409 | epoch 0.17s | total 649.3s | lr 0.00052
E3635/10000 | train 0.024147 | test 0.030236 | epoch 0.17s | total 649.5s | lr 0.00052
E3636/10000 | train 0.024266 | test 0.030263 | epoch 0.17s | total 649.7s | lr 0.00052
E3637/10000 | train 0.024168 | test 0.030227 | epoch 0.17s | total 649.9s | lr 0.00052
E3638/10000 | train 0.024076 | test 0.030241 | epoch 0.17s | total 650.1s | lr 0.00052
E3639/10000 | train 0.024095 | test 0.030195 | epoch 0.17s | total 650.2s | lr 0.00052
E3640/10000 | train 0.024131 | test 0.030264 | epoch 0.17s | total 650.4s | lr 0.00052
E3641/10000 | train 0.024198 | test 0.030203 | epoch 0.17s | total 650.6s | lr 0.00052
E3642/10000 | train 0.024119 | test 0.030154 | epoch 0.17s | total 650.8s | lr 0.00052
E3643/10000 | train 0.024181 | test 0.030230 | epoch 0.17s | total 650.9s | lr 0.00052
E3644/10000 | train 0.024164 | test 0.030291 | epoch 0.17s | total 651.1s | lr 0.00052
E3645/10000 | train 0.024084 | test 0.030208 | epoch 0.17s | total 651.3s | lr 0.00052
E3646/10000 | train 0.024020 | test 0.030243 | epoch 0.17s | total 651.5s | lr 0.00051
E3647/10000 | train 0.024061 | test 0.030178 | epoch 0.17s | total 651.7s | lr 0.00051
E3648/10000 | train 0.024060 | test 0.030241 | epoch 0.17s | total 651.8s | lr 0.00051
E3649/10000 | train 0.023971 | test 0.030185 | epoch 0.17s | total 652.0s | lr 0.00051
E3650/10000 | train 0.023988 | test 0.030243 | epoch 0.17s | total 652.2s | lr 0.00051
E3651/10000 | train 0.024045 | test 0.030255 | epoch 0.17s | total 652.4s | lr 0.00051
E3652/10000 | train 0.023951 | test 0.030257 | epoch 0.17s | total 652.6s | lr 0.00051
E3653/10000 | train 0.023908 | test 0.030236 | epoch 0.17s | total 652.7s | lr 0.00051
E3654/10000 | train 0.024214 | test 0.030309 | epoch 0.17s | total 652.9s | lr 0.00051
E3655/10000 | train 0.024144 | test 0.030126 | epoch 0.17s | total 653.1s | lr 0.00051
E3656/10000 | train 0.024108 | test 0.030128 | epoch 0.17s | total 653.3s | lr 0.00051
E3657/10000 | train 0.024094 | test 0.030092 | epoch 0.17s | total 653.5s | lr 0.00051
E3658/10000 | train 0.024014 | test 0.030101 | epoch 0.17s | total 653.6s | lr 0.00051
E3659/10000 | train 0.023964 | test 0.030095 | epoch 0.17s | total 653.8s | lr 0.00051
E3660/10000 | train 0.024041 | test 0.030124 | epoch 0.17s | total 654.0s | lr 0.00051
E3661/10000 | train 0.023921 | test 0.030171 | epoch 0.17s | total 654.2s | lr 0.00051
E3662/10000 | train 0.023916 | test 0.030076 | epoch 0.17s | total 654.3s | lr 0.00051
E3663/10000 | train 0.023862 | test 0.030222 | epoch 0.17s | total 654.5s | lr 0.00051
E3664/10000 | train 0.023906 | test 0.030290 | epoch 0.17s | total 654.7s | lr 0.00050
E3665/10000 | train 0.023928 | test 0.030197 | epoch 0.17s | total 654.9s | lr 0.00050
E3666/10000 | train 0.023997 | test 0.030242 | epoch 0.18s | total 655.1s | lr 0.00050
E3667/10000 | train 0.023933 | test 0.030195 | epoch 0.17s | total 655.2s | lr 0.00050
E3668/10000 | train 0.024151 | test 0.030318 | epoch 0.17s | total 655.4s | lr 0.00050
E3669/10000 | train 0.024261 | test 0.030352 | epoch 0.17s | total 655.6s | lr 0.00050
E3670/10000 | train 0.024159 | test 0.030249 | epoch 0.17s | total 655.8s | lr 0.00050
E3671/10000 | train 0.024189 | test 0.030414 | epoch 0.17s | total 656.0s | lr 0.00050
E3672/10000 | train 0.024189 | test 0.030381 | epoch 0.17s | total 656.1s | lr 0.00050
E3673/10000 | train 0.024152 | test 0.030308 | epoch 0.17s | total 656.3s | lr 0.00050
E3674/10000 | train 0.024106 | test 0.030301 | epoch 0.17s | total 656.5s | lr 0.00050
E3675/10000 | train 0.023968 | test 0.030206 | epoch 0.17s | total 656.7s | lr 0.00050
E3676/10000 | train 0.023987 | test 0.030267 | epoch 0.17s | total 656.9s | lr 0.00050
E3677/10000 | train 0.023952 | test 0.030284 | epoch 0.17s | total 657.0s | lr 0.00050
E3678/10000 | train 0.023893 | test 0.030264 | epoch 0.17s | total 657.2s | lr 0.00050
E3679/10000 | train 0.023910 | test 0.030287 | epoch 0.17s | total 657.4s | lr 0.00050
E3680/10000 | train 0.023971 | test 0.030409 | epoch 0.17s | total 657.6s | lr 0.00050
E3681/10000 | train 0.023999 | test 0.030303 | epoch 0.17s | total 657.8s | lr 0.00050
E3682/10000 | train 0.023964 | test 0.030280 | epoch 0.18s | total 657.9s | lr 0.00049
E3683/10000 | train 0.023977 | test 0.030341 | epoch 0.17s | total 658.1s | lr 0.00049
E3684/10000 | train 0.024098 | test 0.030378 | epoch 0.17s | total 658.3s | lr 0.00049
E3685/10000 | train 0.024366 | test 0.030424 | epoch 0.17s | total 658.5s | lr 0.00049
E3686/10000 | train 0.024352 | test 0.030455 | epoch 0.17s | total 658.7s | lr 0.00049
E3687/10000 | train 0.024272 | test 0.030384 | epoch 0.17s | total 658.8s | lr 0.00049
E3688/10000 | train 0.024263 | test 0.030426 | epoch 0.18s | total 659.0s | lr 0.00049
E3689/10000 | train 0.024195 | test 0.030389 | epoch 0.17s | total 659.2s | lr 0.00049
E3690/10000 | train 0.023982 | test 0.030220 | epoch 0.17s | total 659.4s | lr 0.00049
E3691/10000 | train 0.023943 | test 0.030292 | epoch 0.17s | total 659.6s | lr 0.00049
E3692/10000 | train 0.024059 | test 0.030308 | epoch 0.17s | total 659.7s | lr 0.00049
E3693/10000 | train 0.024083 | test 0.030295 | epoch 0.17s | total 659.9s | lr 0.00049
E3694/10000 | train 0.024152 | test 0.030360 | epoch 0.17s | total 660.1s | lr 0.00049
E3695/10000 | train 0.024126 | test 0.030482 | epoch 0.17s | total 660.3s | lr 0.00049
E3696/10000 | train 0.024185 | test 0.030556 | epoch 0.17s | total 660.5s | lr 0.00049
E3697/10000 | train 0.024195 | test 0.030507 | epoch 0.17s | total 660.6s | lr 0.00049
E3698/10000 | train 0.024080 | test 0.030340 | epoch 0.17s | total 660.8s | lr 0.00049
E3699/10000 | train 0.023994 | test 0.030338 | epoch 0.17s | total 661.0s | lr 0.00049
E3700/10000 | train 0.024100 | test 0.030372 | epoch 0.17s | total 661.2s | lr 0.00048
E3701/10000 | train 0.024249 | test 0.030366 | epoch 0.18s | total 661.4s | lr 0.00048
E3702/10000 | train 0.024236 | test 0.030440 | epoch 0.17s | total 661.5s | lr 0.00048
E3703/10000 | train 0.024144 | test 0.030341 | epoch 0.17s | total 661.7s | lr 0.00048
E3704/10000 | train 0.024164 | test 0.030366 | epoch 0.17s | total 661.9s | lr 0.00048
E3705/10000 | train 0.024134 | test 0.030354 | epoch 0.17s | total 662.1s | lr 0.00048
E3706/10000 | train 0.024012 | test 0.030465 | epoch 0.17s | total 662.3s | lr 0.00048
E3707/10000 | train 0.024011 | test 0.030455 | epoch 0.17s | total 662.4s | lr 0.00048
E3708/10000 | train 0.023908 | test 0.030428 | epoch 0.17s | total 662.6s | lr 0.00048
E3709/10000 | train 0.024064 | test 0.030425 | epoch 0.17s | total 662.8s | lr 0.00048
E3710/10000 | train 0.023942 | test 0.030322 | epoch 0.17s | total 663.0s | lr 0.00048
E3711/10000 | train 0.023893 | test 0.030340 | epoch 0.17s | total 663.2s | lr 0.00048
E3712/10000 | train 0.023789 | test 0.030376 | epoch 0.17s | total 663.3s | lr 0.00048
E3713/10000 | train 0.023871 | test 0.030360 | epoch 0.17s | total 663.5s | lr 0.00048
E3714/10000 | train 0.023936 | test 0.030335 | epoch 0.17s | total 663.7s | lr 0.00048
E3715/10000 | train 0.023888 | test 0.030324 | epoch 0.17s | total 663.9s | lr 0.00048
E3716/10000 | train 0.023891 | test 0.030397 | epoch 0.17s | total 664.1s | lr 0.00048
E3717/10000 | train 0.023832 | test 0.030340 | epoch 0.18s | total 664.3s | lr 0.00048
E3718/10000 | train 0.023774 | test 0.030346 | epoch 0.17s | total 664.4s | lr 0.00047
E3719/10000 | train 0.023800 | test 0.030341 | epoch 0.17s | total 664.6s | lr 0.00047
E3720/10000 | train 0.023808 | test 0.030439 | epoch 0.17s | total 664.8s | lr 0.00047
E3721/10000 | train 0.023861 | test 0.030488 | epoch 0.17s | total 665.0s | lr 0.00047
E3722/10000 | train 0.023931 | test 0.030440 | epoch 0.17s | total 665.2s | lr 0.00047
E3723/10000 | train 0.023857 | test 0.030464 | epoch 0.17s | total 665.3s | lr 0.00047
E3724/10000 | train 0.023860 | test 0.030419 | epoch 0.17s | total 665.5s | lr 0.00047
E3725/10000 | train 0.023949 | test 0.030401 | epoch 0.17s | total 665.7s | lr 0.00047
E3726/10000 | train 0.023921 | test 0.030320 | epoch 0.17s | total 665.9s | lr 0.00047
E3727/10000 | train 0.023948 | test 0.030488 | epoch 0.17s | total 666.1s | lr 0.00047
E3728/10000 | train 0.023928 | test 0.030427 | epoch 0.17s | total 666.2s | lr 0.00047
E3729/10000 | train 0.023870 | test 0.030372 | epoch 0.17s | total 666.4s | lr 0.00047
E3730/10000 | train 0.023804 | test 0.030446 | epoch 0.17s | total 666.6s | lr 0.00047
E3731/10000 | train 0.023917 | test 0.030477 | epoch 0.17s | total 666.8s | lr 0.00047
E3732/10000 | train 0.023985 | test 0.030516 | epoch 0.17s | total 667.0s | lr 0.00047
E3733/10000 | train 0.023849 | test 0.030546 | epoch 0.18s | total 667.1s | lr 0.00047
E3734/10000 | train 0.023925 | test 0.030469 | epoch 0.17s | total 667.3s | lr 0.00047
E3735/10000 | train 0.023876 | test 0.030445 | epoch 0.17s | total 667.5s | lr 0.00047
E3736/10000 | train 0.023794 | test 0.030586 | epoch 0.17s | total 667.7s | lr 0.00046
E3737/10000 | train 0.023806 | test 0.030450 | epoch 0.17s | total 667.9s | lr 0.00046
E3738/10000 | train 0.023937 | test 0.030270 | epoch 0.17s | total 668.0s | lr 0.00046
E3739/10000 | train 0.023923 | test 0.030328 | epoch 0.17s | total 668.2s | lr 0.00046
E3740/10000 | train 0.023866 | test 0.030432 | epoch 0.17s | total 668.4s | lr 0.00046
E3741/10000 | train 0.023835 | test 0.030320 | epoch 0.17s | total 668.6s | lr 0.00046
E3742/10000 | train 0.023730 | test 0.030364 | epoch 0.17s | total 668.7s | lr 0.00046
E3743/10000 | train 0.023797 | test 0.030388 | epoch 0.17s | total 668.9s | lr 0.00046
E3744/10000 | train 0.023697 | test 0.030345 | epoch 0.17s | total 669.1s | lr 0.00046
E3745/10000 | train 0.023656 | test 0.030371 | epoch 0.17s | total 669.3s | lr 0.00046
E3746/10000 | train 0.023628 | test 0.030299 | epoch 0.17s | total 669.5s | lr 0.00046
E3747/10000 | train 0.023678 | test 0.030335 | epoch 0.17s | total 669.6s | lr 0.00046
E3748/10000 | train 0.023762 | test 0.030453 | epoch 0.17s | total 669.8s | lr 0.00046
E3749/10000 | train 0.023772 | test 0.030273 | epoch 0.17s | total 670.0s | lr 0.00046
E3750/10000 | train 0.023833 | test 0.030324 | epoch 0.17s | total 670.2s | lr 0.00046
E3751/10000 | train 0.023899 | test 0.030287 | epoch 0.17s | total 670.4s | lr 0.00046
E3752/10000 | train 0.023867 | test 0.030301 | epoch 0.17s | total 670.5s | lr 0.00046
E3753/10000 | train 0.023734 | test 0.030208 | epoch 0.17s | total 670.7s | lr 0.00046
E3754/10000 | train 0.023634 | test 0.030288 | epoch 0.17s | total 670.9s | lr 0.00045
E3755/10000 | train 0.023579 | test 0.030283 | epoch 0.17s | total 671.1s | lr 0.00045
E3756/10000 | train 0.023533 | test 0.030280 | epoch 0.17s | total 671.2s | lr 0.00045
E3757/10000 | train 0.023506 | test 0.030227 | epoch 0.17s | total 671.4s | lr 0.00045
E3758/10000 | train 0.023480 | test 0.030321 | epoch 0.17s | total 671.6s | lr 0.00045
E3759/10000 | train 0.023439 | test 0.030241 | epoch 0.17s | total 671.8s | lr 0.00045
E3760/10000 | train 0.023471 | test 0.030282 | epoch 0.17s | total 672.0s | lr 0.00045
E3761/10000 | train 0.023524 | test 0.030385 | epoch 0.17s | total 672.1s | lr 0.00045
E3762/10000 | train 0.023936 | test 0.030316 | epoch 0.17s | total 672.3s | lr 0.00045
E3763/10000 | train 0.023830 | test 0.030286 | epoch 0.17s | total 672.5s | lr 0.00045
E3764/10000 | train 0.023739 | test 0.030331 | epoch 0.17s | total 672.7s | lr 0.00045
E3765/10000 | train 0.023703 | test 0.030274 | epoch 0.17s | total 672.8s | lr 0.00045
E3766/10000 | train 0.023685 | test 0.030243 | epoch 0.17s | total 673.0s | lr 0.00045
E3767/10000 | train 0.023766 | test 0.030275 | epoch 0.17s | total 673.2s | lr 0.00045
E3768/10000 | train 0.023718 | test 0.030228 | epoch 0.17s | total 673.4s | lr 0.00045
E3769/10000 | train 0.023667 | test 0.030317 | epoch 0.17s | total 673.6s | lr 0.00045
E3770/10000 | train 0.023700 | test 0.030358 | epoch 0.17s | total 673.7s | lr 0.00045
E3771/10000 | train 0.023685 | test 0.030241 | epoch 0.18s | total 673.9s | lr 0.00045
E3772/10000 | train 0.023604 | test 0.030299 | epoch 0.17s | total 674.1s | lr 0.00044
E3773/10000 | train 0.023546 | test 0.030311 | epoch 0.17s | total 674.3s | lr 0.00044
E3774/10000 | train 0.023632 | test 0.030347 | epoch 0.17s | total 674.5s | lr 0.00044
E3775/10000 | train 0.023618 | test 0.030275 | epoch 0.17s | total 674.6s | lr 0.00044
E3776/10000 | train 0.023682 | test 0.030369 | epoch 0.17s | total 674.8s | lr 0.00044
E3777/10000 | train 0.023788 | test 0.030337 | epoch 0.17s | total 675.0s | lr 0.00044
E3778/10000 | train 0.023670 | test 0.030361 | epoch 0.17s | total 675.2s | lr 0.00044
E3779/10000 | train 0.023609 | test 0.030289 | epoch 0.17s | total 675.3s | lr 0.00044
E3780/10000 | train 0.023557 | test 0.030373 | epoch 0.17s | total 675.5s | lr 0.00044
E3781/10000 | train 0.023580 | test 0.030344 | epoch 0.17s | total 675.7s | lr 0.00044
E3782/10000 | train 0.023546 | test 0.030285 | epoch 0.17s | total 675.9s | lr 0.00044
E3783/10000 | train 0.023485 | test 0.030308 | epoch 0.17s | total 676.1s | lr 0.00044
E3784/10000 | train 0.023432 | test 0.030255 | epoch 0.17s | total 676.2s | lr 0.00044
E3785/10000 | train 0.023415 | test 0.030356 | epoch 0.17s | total 676.4s | lr 0.00044
E3786/10000 | train 0.023474 | test 0.030267 | epoch 0.17s | total 676.6s | lr 0.00044
E3787/10000 | train 0.023360 | test 0.030329 | epoch 0.17s | total 676.8s | lr 0.00044
E3788/10000 | train 0.023448 | test 0.030345 | epoch 0.17s | total 676.9s | lr 0.00044
E3789/10000 | train 0.023595 | test 0.030327 | epoch 0.17s | total 677.1s | lr 0.00043
E3790/10000 | train 0.023584 | test 0.030421 | epoch 0.17s | total 677.3s | lr 0.00043
E3791/10000 | train 0.023641 | test 0.030334 | epoch 0.18s | total 677.5s | lr 0.00043
E3792/10000 | train 0.023596 | test 0.030313 | epoch 0.17s | total 677.7s | lr 0.00043
E3793/10000 | train 0.023474 | test 0.030356 | epoch 0.17s | total 677.8s | lr 0.00043
E3794/10000 | train 0.023431 | test 0.030321 | epoch 0.17s | total 678.0s | lr 0.00043
E3795/10000 | train 0.023387 | test 0.030341 | epoch 0.17s | total 678.2s | lr 0.00043
E3796/10000 | train 0.023330 | test 0.030369 | epoch 0.17s | total 678.4s | lr 0.00043
E3797/10000 | train 0.023368 | test 0.030389 | epoch 0.17s | total 678.6s | lr 0.00043
E3798/10000 | train 0.023480 | test 0.030449 | epoch 0.17s | total 678.7s | lr 0.00043
E3799/10000 | train 0.023541 | test 0.030353 | epoch 0.17s | total 678.9s | lr 0.00043
E3800/10000 | train 0.023469 | test 0.030381 | epoch 0.17s | total 679.1s | lr 0.00043
E3801/10000 | train 0.023466 | test 0.030352 | epoch 0.17s | total 679.3s | lr 0.00043
E3802/10000 | train 0.023534 | test 0.030354 | epoch 0.18s | total 679.5s | lr 0.00043
E3803/10000 | train 0.023604 | test 0.030301 | epoch 0.17s | total 679.6s | lr 0.00043
E3804/10000 | train 0.023569 | test 0.030446 | epoch 0.17s | total 679.8s | lr 0.00043
E3805/10000 | train 0.023542 | test 0.030392 | epoch 0.17s | total 680.0s | lr 0.00043
E3806/10000 | train 0.023526 | test 0.030441 | epoch 0.17s | total 680.2s | lr 0.00043
E3807/10000 | train 0.023520 | test 0.030403 | epoch 0.17s | total 680.3s | lr 0.00042
E3808/10000 | train 0.023468 | test 0.030379 | epoch 0.17s | total 680.5s | lr 0.00042
E3809/10000 | train 0.023440 | test 0.030308 | epoch 0.17s | total 680.7s | lr 0.00042
E3810/10000 | train 0.023416 | test 0.030395 | epoch 0.17s | total 680.9s | lr 0.00042
E3811/10000 | train 0.023388 | test 0.030399 | epoch 0.17s | total 681.1s | lr 0.00042
E3812/10000 | train 0.023301 | test 0.030306 | epoch 0.17s | total 681.2s | lr 0.00042
E3813/10000 | train 0.023294 | test 0.030313 | epoch 0.17s | total 681.4s | lr 0.00042
E3814/10000 | train 0.023330 | test 0.030326 | epoch 0.17s | total 681.6s | lr 0.00042
E3815/10000 | train 0.023337 | test 0.030424 | epoch 0.17s | total 681.8s | lr 0.00042
E3816/10000 | train 0.023520 | test 0.030452 | epoch 0.17s | total 682.0s | lr 0.00042
E3817/10000 | train 0.023412 | test 0.030399 | epoch 0.17s | total 682.1s | lr 0.00042
E3818/10000 | train 0.023364 | test 0.030347 | epoch 0.17s | total 682.3s | lr 0.00042
E3819/10000 | train 0.023296 | test 0.030350 | epoch 0.17s | total 682.5s | lr 0.00042
E3820/10000 | train 0.023288 | test 0.030255 | epoch 0.17s | total 682.7s | lr 0.00042
E3821/10000 | train 0.023230 | test 0.030255 | epoch 0.17s | total 682.9s | lr 0.00042
E3822/10000 | train 0.023216 | test 0.030281 | epoch 0.17s | total 683.0s | lr 0.00042
E3823/10000 | train 0.023250 | test 0.030332 | epoch 0.17s | total 683.2s | lr 0.00042
E3824/10000 | train 0.023246 | test 0.030306 | epoch 0.17s | total 683.4s | lr 0.00042
E3825/10000 | train 0.023260 | test 0.030365 | epoch 0.17s | total 683.6s | lr 0.00041
E3826/10000 | train 0.023253 | test 0.030363 | epoch 0.17s | total 683.8s | lr 0.00041
E3827/10000 | train 0.023241 | test 0.030288 | epoch 0.17s | total 683.9s | lr 0.00041
E3828/10000 | train 0.023282 | test 0.030341 | epoch 0.17s | total 684.1s | lr 0.00041
E3829/10000 | train 0.023235 | test 0.030334 | epoch 0.17s | total 684.3s | lr 0.00041
E3830/10000 | train 0.023243 | test 0.030344 | epoch 0.17s | total 684.5s | lr 0.00041
E3831/10000 | train 0.023385 | test 0.030369 | epoch 0.17s | total 684.6s | lr 0.00041
E3832/10000 | train 0.023349 | test 0.030404 | epoch 0.17s | total 684.8s | lr 0.00041
E3833/10000 | train 0.023334 | test 0.030468 | epoch 0.18s | total 685.0s | lr 0.00041
E3834/10000 | train 0.023302 | test 0.030444 | epoch 0.18s | total 685.2s | lr 0.00041
E3835/10000 | train 0.023267 | test 0.030482 | epoch 0.17s | total 685.4s | lr 0.00041
E3836/10000 | train 0.023250 | test 0.030513 | epoch 0.18s | total 685.6s | lr 0.00041
E3837/10000 | train 0.023287 | test 0.030464 | epoch 0.18s | total 685.7s | lr 0.00041
E3838/10000 | train 0.023205 | test 0.030375 | epoch 0.17s | total 685.9s | lr 0.00041
E3839/10000 | train 0.023197 | test 0.030437 | epoch 0.18s | total 686.1s | lr 0.00041
E3840/10000 | train 0.023448 | test 0.030441 | epoch 0.18s | total 686.3s | lr 0.00041
E3841/10000 | train 0.023506 | test 0.030415 | epoch 0.18s | total 686.5s | lr 0.00041
E3842/10000 | train 0.023453 | test 0.030355 | epoch 0.17s | total 686.6s | lr 0.00041
E3843/10000 | train 0.023508 | test 0.030458 | epoch 0.18s | total 686.8s | lr 0.00040
E3844/10000 | train 0.023482 | test 0.030471 | epoch 0.18s | total 687.0s | lr 0.00040
E3845/10000 | train 0.023332 | test 0.030472 | epoch 0.17s | total 687.2s | lr 0.00040
E3846/10000 | train 0.023300 | test 0.030418 | epoch 0.17s | total 687.4s | lr 0.00040
E3847/10000 | train 0.023281 | test 0.030399 | epoch 0.17s | total 687.6s | lr 0.00040
E3848/10000 | train 0.023309 | test 0.030442 | epoch 0.17s | total 687.7s | lr 0.00040
E3849/10000 | train 0.023475 | test 0.030503 | epoch 0.17s | total 687.9s | lr 0.00040
E3850/10000 | train 0.023442 | test 0.030431 | epoch 0.17s | total 688.1s | lr 0.00040
E3851/10000 | train 0.023372 | test 0.030505 | epoch 0.17s | total 688.3s | lr 0.00040
E3852/10000 | train 0.023402 | test 0.030411 | epoch 0.17s | total 688.4s | lr 0.00040
E3853/10000 | train 0.023322 | test 0.030509 | epoch 0.17s | total 688.6s | lr 0.00040
E3854/10000 | train 0.023327 | test 0.030494 | epoch 0.17s | total 688.8s | lr 0.00040
E3855/10000 | train 0.023365 | test 0.030577 | epoch 0.17s | total 689.0s | lr 0.00040
E3856/10000 | train 0.023352 | test 0.030484 | epoch 0.17s | total 689.2s | lr 0.00040
E3857/10000 | train 0.023246 | test 0.030464 | epoch 0.17s | total 689.3s | lr 0.00040
E3858/10000 | train 0.023251 | test 0.030515 | epoch 0.17s | total 689.5s | lr 0.00040
E3859/10000 | train 0.023222 | test 0.030459 | epoch 0.17s | total 689.7s | lr 0.00040
E3860/10000 | train 0.023314 | test 0.030518 | epoch 0.17s | total 689.9s | lr 0.00040
E3861/10000 | train 0.023400 | test 0.030554 | epoch 0.17s | total 690.1s | lr 0.00039
E3862/10000 | train 0.023308 | test 0.030514 | epoch 0.17s | total 690.2s | lr 0.00039
E3863/10000 | train 0.023329 | test 0.030506 | epoch 0.17s | total 690.4s | lr 0.00039
E3864/10000 | train 0.023316 | test 0.030495 | epoch 0.17s | total 690.6s | lr 0.00039
E3865/10000 | train 0.023324 | test 0.030414 | epoch 0.17s | total 690.8s | lr 0.00039
E3866/10000 | train 0.023273 | test 0.030532 | epoch 0.17s | total 690.9s | lr 0.00039
E3867/10000 | train 0.023198 | test 0.030536 | epoch 0.19s | total 691.1s | lr 0.00039
E3868/10000 | train 0.023264 | test 0.030483 | epoch 0.17s | total 691.3s | lr 0.00039
E3869/10000 | train 0.023241 | test 0.030543 | epoch 0.17s | total 691.5s | lr 0.00039
E3870/10000 | train 0.023264 | test 0.030402 | epoch 0.17s | total 691.7s | lr 0.00039
E3871/10000 | train 0.023219 | test 0.030393 | epoch 0.18s | total 691.9s | lr 0.00039
E3872/10000 | train 0.023286 | test 0.030544 | epoch 0.18s | total 692.0s | lr 0.00039
E3873/10000 | train 0.023352 | test 0.030544 | epoch 0.17s | total 692.2s | lr 0.00039
E3874/10000 | train 0.023320 | test 0.030510 | epoch 0.18s | total 692.4s | lr 0.00039
E3875/10000 | train 0.023365 | test 0.030470 | epoch 0.18s | total 692.6s | lr 0.00039
E3876/10000 | train 0.023322 | test 0.030527 | epoch 0.18s | total 692.8s | lr 0.00039
E3877/10000 | train 0.023346 | test 0.030556 | epoch 0.17s | total 693.0s | lr 0.00039
E3878/10000 | train 0.023302 | test 0.030464 | epoch 0.17s | total 693.1s | lr 0.00039
E3879/10000 | train 0.023224 | test 0.030557 | epoch 0.18s | total 693.3s | lr 0.00038
E3880/10000 | train 0.023272 | test 0.030497 | epoch 0.20s | total 693.5s | lr 0.00038
E3881/10000 | train 0.023279 | test 0.030503 | epoch 0.18s | total 693.7s | lr 0.00038
E3882/10000 | train 0.023227 | test 0.030557 | epoch 0.17s | total 693.9s | lr 0.00038
E3883/10000 | train 0.023220 | test 0.030514 | epoch 0.17s | total 694.1s | lr 0.00038
E3884/10000 | train 0.023202 | test 0.030527 | epoch 0.18s | total 694.3s | lr 0.00038
E3885/10000 | train 0.023232 | test 0.030534 | epoch 0.18s | total 694.4s | lr 0.00038
E3886/10000 | train 0.023260 | test 0.030571 | epoch 0.17s | total 694.6s | lr 0.00038
E3887/10000 | train 0.023215 | test 0.030603 | epoch 0.17s | total 694.8s | lr 0.00038
E3888/10000 | train 0.023183 | test 0.030539 | epoch 0.17s | total 695.0s | lr 0.00038
E3889/10000 | train 0.023216 | test 0.030561 | epoch 0.18s | total 695.2s | lr 0.00038
E3890/10000 | train 0.023138 | test 0.030597 | epoch 0.18s | total 695.4s | lr 0.00038
E3891/10000 | train 0.023109 | test 0.030541 | epoch 0.18s | total 695.5s | lr 0.00038
E3892/10000 | train 0.023213 | test 0.030624 | epoch 0.18s | total 695.7s | lr 0.00038
E3893/10000 | train 0.023253 | test 0.030558 | epoch 0.17s | total 695.9s | lr 0.00038
E3894/10000 | train 0.023236 | test 0.030573 | epoch 0.17s | total 696.1s | lr 0.00038
E3895/10000 | train 0.023123 | test 0.030568 | epoch 0.17s | total 696.3s | lr 0.00038
E3896/10000 | train 0.023080 | test 0.030517 | epoch 0.17s | total 696.4s | lr 0.00038
E3897/10000 | train 0.023042 | test 0.030544 | epoch 0.17s | total 696.6s | lr 0.00037
E3898/10000 | train 0.023036 | test 0.030528 | epoch 0.17s | total 696.8s | lr 0.00037
E3899/10000 | train 0.023016 | test 0.030554 | epoch 0.17s | total 697.0s | lr 0.00037
E3900/10000 | train 0.023035 | test 0.030569 | epoch 0.18s | total 697.2s | lr 0.00037
E3901/10000 | train 0.023035 | test 0.030582 | epoch 0.17s | total 697.4s | lr 0.00037
E3902/10000 | train 0.023108 | test 0.030538 | epoch 0.17s | total 697.5s | lr 0.00037
E3903/10000 | train 0.023026 | test 0.030608 | epoch 0.17s | total 697.7s | lr 0.00037
E3904/10000 | train 0.023086 | test 0.030568 | epoch 0.17s | total 697.9s | lr 0.00037
E3905/10000 | train 0.023190 | test 0.030612 | epoch 0.17s | total 698.1s | lr 0.00037
E3906/10000 | train 0.023144 | test 0.030599 | epoch 0.17s | total 698.2s | lr 0.00037
E3907/10000 | train 0.023081 | test 0.030593 | epoch 0.17s | total 698.4s | lr 0.00037
E3908/10000 | train 0.023154 | test 0.030663 | epoch 0.17s | total 698.6s | lr 0.00037
E3909/10000 | train 0.023150 | test 0.030657 | epoch 0.17s | total 698.8s | lr 0.00037
E3910/10000 | train 0.023112 | test 0.030653 | epoch 0.17s | total 699.0s | lr 0.00037
E3911/10000 | train 0.023067 | test 0.030605 | epoch 0.17s | total 699.1s | lr 0.00037
E3912/10000 | train 0.023182 | test 0.030668 | epoch 0.17s | total 699.3s | lr 0.00037
E3913/10000 | train 0.023140 | test 0.030669 | epoch 0.18s | total 699.5s | lr 0.00037
E3914/10000 | train 0.023100 | test 0.030662 | epoch 0.17s | total 699.7s | lr 0.00037
E3915/10000 | train 0.023173 | test 0.030585 | epoch 0.17s | total 699.9s | lr 0.00037
E3916/10000 | train 0.023166 | test 0.030636 | epoch 0.17s | total 700.0s | lr 0.00036
E3917/10000 | train 0.023384 | test 0.030692 | epoch 0.17s | total 700.2s | lr 0.00036
E3918/10000 | train 0.023357 | test 0.030721 | epoch 0.17s | total 700.4s | lr 0.00036
E3919/10000 | train 0.023305 | test 0.030687 | epoch 0.17s | total 700.6s | lr 0.00036
E3920/10000 | train 0.023219 | test 0.030757 | epoch 0.17s | total 700.8s | lr 0.00036
E3921/10000 | train 0.023170 | test 0.030652 | epoch 0.17s | total 700.9s | lr 0.00036
E3922/10000 | train 0.023097 | test 0.030714 | epoch 0.17s | total 701.1s | lr 0.00036
E3923/10000 | train 0.023122 | test 0.030713 | epoch 0.17s | total 701.3s | lr 0.00036
E3924/10000 | train 0.023352 | test 0.030731 | epoch 0.17s | total 701.5s | lr 0.00036
E3925/10000 | train 0.023231 | test 0.030681 | epoch 0.19s | total 701.7s | lr 0.00036
E3926/10000 | train 0.023188 | test 0.030672 | epoch 0.17s | total 701.8s | lr 0.00036
E3927/10000 | train 0.023172 | test 0.030644 | epoch 0.17s | total 702.0s | lr 0.00036
E3928/10000 | train 0.023069 | test 0.030647 | epoch 0.17s | total 702.2s | lr 0.00036
E3929/10000 | train 0.023020 | test 0.030614 | epoch 0.17s | total 702.4s | lr 0.00036
E3930/10000 | train 0.023019 | test 0.030645 | epoch 0.17s | total 702.6s | lr 0.00036
E3931/10000 | train 0.023110 | test 0.030736 | epoch 0.18s | total 702.7s | lr 0.00036
E3932/10000 | train 0.023053 | test 0.030681 | epoch 0.17s | total 702.9s | lr 0.00036
E3933/10000 | train 0.023021 | test 0.030688 | epoch 0.17s | total 703.1s | lr 0.00036
E3934/10000 | train 0.023036 | test 0.030751 | epoch 0.17s | total 703.3s | lr 0.00035
E3935/10000 | train 0.022992 | test 0.030810 | epoch 0.18s | total 703.5s | lr 0.00035
E3936/10000 | train 0.023044 | test 0.030796 | epoch 0.18s | total 703.6s | lr 0.00035
E3937/10000 | train 0.023128 | test 0.030674 | epoch 0.17s | total 703.8s | lr 0.00035
E3938/10000 | train 0.023173 | test 0.030669 | epoch 0.17s | total 704.0s | lr 0.00035
E3939/10000 | train 0.023278 | test 0.030773 | epoch 0.17s | total 704.2s | lr 0.00035
E3940/10000 | train 0.023252 | test 0.030735 | epoch 0.17s | total 704.4s | lr 0.00035
E3941/10000 | train 0.023181 | test 0.030745 | epoch 0.18s | total 704.5s | lr 0.00035
E3942/10000 | train 0.023078 | test 0.030721 | epoch 0.17s | total 704.7s | lr 0.00035
E3943/10000 | train 0.023045 | test 0.030682 | epoch 0.17s | total 704.9s | lr 0.00035
E3944/10000 | train 0.023061 | test 0.030668 | epoch 0.19s | total 705.1s | lr 0.00035
E3945/10000 | train 0.023037 | test 0.030737 | epoch 0.17s | total 705.3s | lr 0.00035
E3946/10000 | train 0.023109 | test 0.030704 | epoch 0.17s | total 705.5s | lr 0.00035
E3947/10000 | train 0.023144 | test 0.030678 | epoch 0.18s | total 705.6s | lr 0.00035
E3948/10000 | train 0.023119 | test 0.030721 | epoch 0.17s | total 705.8s | lr 0.00035
E3949/10000 | train 0.023142 | test 0.030633 | epoch 0.18s | total 706.0s | lr 0.00035
E3950/10000 | train 0.023081 | test 0.030660 | epoch 0.17s | total 706.2s | lr 0.00035
E3951/10000 | train 0.023038 | test 0.030732 | epoch 0.17s | total 706.4s | lr 0.00035
E3952/10000 | train 0.023040 | test 0.030710 | epoch 0.17s | total 706.6s | lr 0.00034
E3953/10000 | train 0.023023 | test 0.030706 | epoch 0.17s | total 706.7s | lr 0.00034
E3954/10000 | train 0.023051 | test 0.030793 | epoch 0.18s | total 706.9s | lr 0.00034
E3955/10000 | train 0.023107 | test 0.030665 | epoch 0.17s | total 707.1s | lr 0.00034
E3956/10000 | train 0.023051 | test 0.030780 | epoch 0.17s | total 707.3s | lr 0.00034
E3957/10000 | train 0.023048 | test 0.030769 | epoch 0.18s | total 707.5s | lr 0.00034
E3958/10000 | train 0.022977 | test 0.030712 | epoch 0.18s | total 707.7s | lr 0.00034
E3959/10000 | train 0.022984 | test 0.030690 | epoch 0.18s | total 707.8s | lr 0.00034
E3960/10000 | train 0.022958 | test 0.030760 | epoch 0.17s | total 708.0s | lr 0.00034
E3961/10000 | train 0.023004 | test 0.030806 | epoch 0.17s | total 708.2s | lr 0.00034
E3962/10000 | train 0.023050 | test 0.030703 | epoch 0.17s | total 708.4s | lr 0.00034
E3963/10000 | train 0.023003 | test 0.030772 | epoch 0.17s | total 708.5s | lr 0.00034
E3964/10000 | train 0.023039 | test 0.030737 | epoch 0.17s | total 708.7s | lr 0.00034
E3965/10000 | train 0.022943 | test 0.030711 | epoch 0.17s | total 708.9s | lr 0.00034
E3966/10000 | train 0.022949 | test 0.030681 | epoch 0.17s | total 709.1s | lr 0.00034
E3967/10000 | train 0.023004 | test 0.030770 | epoch 0.18s | total 709.3s | lr 0.00034
E3968/10000 | train 0.023042 | test 0.030731 | epoch 0.18s | total 709.5s | lr 0.00034
E3969/10000 | train 0.023141 | test 0.030830 | epoch 0.18s | total 709.6s | lr 0.00034
E3970/10000 | train 0.023206 | test 0.030887 | epoch 0.19s | total 709.8s | lr 0.00034
E3971/10000 | train 0.023134 | test 0.030796 | epoch 0.18s | total 710.0s | lr 0.00033
E3972/10000 | train 0.023072 | test 0.030794 | epoch 0.17s | total 710.2s | lr 0.00033
E3973/10000 | train 0.022992 | test 0.030760 | epoch 0.17s | total 710.4s | lr 0.00033
E3974/10000 | train 0.022992 | test 0.030775 | epoch 0.18s | total 710.6s | lr 0.00033
E3975/10000 | train 0.023075 | test 0.030855 | epoch 0.17s | total 710.7s | lr 0.00033
E3976/10000 | train 0.023072 | test 0.030786 | epoch 0.17s | total 710.9s | lr 0.00033
E3977/10000 | train 0.023038 | test 0.030778 | epoch 0.18s | total 711.1s | lr 0.00033
E3978/10000 | train 0.023019 | test 0.030787 | epoch 0.17s | total 711.3s | lr 0.00033
E3979/10000 | train 0.023078 | test 0.030845 | epoch 0.17s | total 711.5s | lr 0.00033
E3980/10000 | train 0.023085 | test 0.030843 | epoch 0.17s | total 711.6s | lr 0.00033
E3981/10000 | train 0.023002 | test 0.030815 | epoch 0.17s | total 711.8s | lr 0.00033
E3982/10000 | train 0.022957 | test 0.030771 | epoch 0.17s | total 712.0s | lr 0.00033
E3983/10000 | train 0.023034 | test 0.030823 | epoch 0.17s | total 712.2s | lr 0.00033
E3984/10000 | train 0.023157 | test 0.030802 | epoch 0.17s | total 712.4s | lr 0.00033
E3985/10000 | train 0.023130 | test 0.030841 | epoch 0.17s | total 712.5s | lr 0.00033
E3986/10000 | train 0.023060 | test 0.030828 | epoch 0.17s | total 712.7s | lr 0.00033
E3987/10000 | train 0.022976 | test 0.030800 | epoch 0.18s | total 712.9s | lr 0.00033
E3988/10000 | train 0.022980 | test 0.030831 | epoch 0.17s | total 713.1s | lr 0.00033
E3989/10000 | train 0.022998 | test 0.030948 | epoch 0.17s | total 713.3s | lr 0.00032
E3990/10000 | train 0.022994 | test 0.030866 | epoch 0.17s | total 713.4s | lr 0.00032
E3991/10000 | train 0.022912 | test 0.030830 | epoch 0.17s | total 713.6s | lr 0.00032
E3992/10000 | train 0.022902 | test 0.030790 | epoch 0.17s | total 713.8s | lr 0.00032
E3993/10000 | train 0.022901 | test 0.030875 | epoch 0.17s | total 714.0s | lr 0.00032
E3994/10000 | train 0.022872 | test 0.030875 | epoch 0.17s | total 714.1s | lr 0.00032
E3995/10000 | train 0.022914 | test 0.030945 | epoch 0.17s | total 714.3s | lr 0.00032
E3996/10000 | train 0.022926 | test 0.030915 | epoch 0.17s | total 714.5s | lr 0.00032
E3997/10000 | train 0.022892 | test 0.030932 | epoch 0.17s | total 714.7s | lr 0.00032
E3998/10000 | train 0.022955 | test 0.030854 | epoch 0.17s | total 714.9s | lr 0.00032
E3999/10000 | train 0.022872 | test 0.030850 | epoch 0.17s | total 715.0s | lr 0.00032
E4000/10000 | train 0.022893 | test 0.030885 | epoch 0.17s | total 715.2s | lr 0.00032
E4001/10000 | train 0.022958 | test 0.030859 | epoch 0.17s | total 715.4s | lr 0.00032
E4002/10000 | train 0.023045 | test 0.030836 | epoch 0.17s | total 715.6s | lr 0.00032
E4003/10000 | train 0.022983 | test 0.030834 | epoch 0.17s | total 715.8s | lr 0.00032
E4004/10000 | train 0.023027 | test 0.030859 | epoch 0.17s | total 715.9s | lr 0.00032
E4005/10000 | train 0.022951 | test 0.030873 | epoch 0.17s | total 716.1s | lr 0.00032
E4006/10000 | train 0.022971 | test 0.030855 | epoch 0.17s | total 716.3s | lr 0.00032
E4007/10000 | train 0.022966 | test 0.030915 | epoch 0.17s | total 716.5s | lr 0.00032
E4008/10000 | train 0.023136 | test 0.030852 | epoch 0.17s | total 716.6s | lr 0.00031
E4009/10000 | train 0.023170 | test 0.030853 | epoch 0.17s | total 716.8s | lr 0.00031
E4010/10000 | train 0.023208 | test 0.030877 | epoch 0.17s | total 717.0s | lr 0.00031
E4011/10000 | train 0.023129 | test 0.030883 | epoch 0.17s | total 717.2s | lr 0.00031
E4012/10000 | train 0.023063 | test 0.030843 | epoch 0.17s | total 717.4s | lr 0.00031
E4013/10000 | train 0.023040 | test 0.030917 | epoch 0.17s | total 717.5s | lr 0.00031
E4014/10000 | train 0.023025 | test 0.030922 | epoch 0.17s | total 717.7s | lr 0.00031
E4015/10000 | train 0.022994 | test 0.030927 | epoch 0.17s | total 717.9s | lr 0.00031
E4016/10000 | train 0.022931 | test 0.030854 | epoch 0.17s | total 718.1s | lr 0.00031
E4017/10000 | train 0.022920 | test 0.030905 | epoch 0.18s | total 718.3s | lr 0.00031
E4018/10000 | train 0.022895 | test 0.030892 | epoch 0.18s | total 718.4s | lr 0.00031
E4019/10000 | train 0.022843 | test 0.030854 | epoch 0.18s | total 718.6s | lr 0.00031
E4020/10000 | train 0.022823 | test 0.030867 | epoch 0.18s | total 718.8s | lr 0.00031
E4021/10000 | train 0.022854 | test 0.030853 | epoch 0.18s | total 719.0s | lr 0.00031
E4022/10000 | train 0.022840 | test 0.030823 | epoch 0.18s | total 719.2s | lr 0.00031
E4023/10000 | train 0.022938 | test 0.030864 | epoch 0.18s | total 719.4s | lr 0.00031
E4024/10000 | train 0.022919 | test 0.030933 | epoch 0.18s | total 719.6s | lr 0.00031
E4025/10000 | train 0.023015 | test 0.031009 | epoch 0.17s | total 719.8s | lr 0.00031
E4026/10000 | train 0.023032 | test 0.030889 | epoch 0.17s | total 719.9s | lr 0.00031
E4027/10000 | train 0.022990 | test 0.030967 | epoch 0.17s | total 720.1s | lr 0.00030
E4028/10000 | train 0.022966 | test 0.031042 | epoch 0.17s | total 720.3s | lr 0.00030
E4029/10000 | train 0.022951 | test 0.030982 | epoch 0.18s | total 720.5s | lr 0.00030
E4030/10000 | train 0.022859 | test 0.030969 | epoch 0.17s | total 720.7s | lr 0.00030
E4031/10000 | train 0.022831 | test 0.030994 | epoch 0.17s | total 720.8s | lr 0.00030
E4032/10000 | train 0.022770 | test 0.030990 | epoch 0.17s | total 721.0s | lr 0.00030
E4033/10000 | train 0.022777 | test 0.031018 | epoch 0.18s | total 721.2s | lr 0.00030
E4034/10000 | train 0.022807 | test 0.031066 | epoch 0.17s | total 721.4s | lr 0.00030
E4035/10000 | train 0.022838 | test 0.031092 | epoch 0.17s | total 721.6s | lr 0.00030
E4036/10000 | train 0.022874 | test 0.031065 | epoch 0.17s | total 721.7s | lr 0.00030
E4037/10000 | train 0.022916 | test 0.031015 | epoch 0.17s | total 721.9s | lr 0.00030
E4038/10000 | train 0.022886 | test 0.030963 | epoch 0.17s | total 722.1s | lr 0.00030
E4039/10000 | train 0.022883 | test 0.031050 | epoch 0.17s | total 722.3s | lr 0.00030
E4040/10000 | train 0.022824 | test 0.030998 | epoch 0.19s | total 722.5s | lr 0.00030
E4041/10000 | train 0.022818 | test 0.030980 | epoch 0.17s | total 722.6s | lr 0.00030
E4042/10000 | train 0.022754 | test 0.030982 | epoch 0.17s | total 722.8s | lr 0.00030
E4043/10000 | train 0.022803 | test 0.031017 | epoch 0.17s | total 723.0s | lr 0.00030
E4044/10000 | train 0.022825 | test 0.030970 | epoch 0.18s | total 723.2s | lr 0.00030
E4045/10000 | train 0.022776 | test 0.030986 | epoch 0.18s | total 723.4s | lr 0.00030
E4046/10000 | train 0.022791 | test 0.031023 | epoch 0.18s | total 723.6s | lr 0.00029
E4047/10000 | train 0.022876 | test 0.030969 | epoch 0.18s | total 723.8s | lr 0.00029
E4048/10000 | train 0.022835 | test 0.030964 | epoch 0.17s | total 723.9s | lr 0.00029
E4049/10000 | train 0.022862 | test 0.030951 | epoch 0.18s | total 724.1s | lr 0.00029
E4050/10000 | train 0.023039 | test 0.030923 | epoch 0.18s | total 724.3s | lr 0.00029
E4051/10000 | train 0.022945 | test 0.030939 | epoch 0.17s | total 724.5s | lr 0.00029
E4052/10000 | train 0.022875 | test 0.030907 | epoch 0.17s | total 724.7s | lr 0.00029
E4053/10000 | train 0.022880 | test 0.030880 | epoch 0.18s | total 724.9s | lr 0.00029
E4054/10000 | train 0.022843 | test 0.030966 | epoch 0.18s | total 725.0s | lr 0.00029
E4055/10000 | train 0.022819 | test 0.030921 | epoch 0.17s | total 725.2s | lr 0.00029
E4056/10000 | train 0.022823 | test 0.030941 | epoch 0.18s | total 725.4s | lr 0.00029
E4057/10000 | train 0.022804 | test 0.030909 | epoch 0.19s | total 725.6s | lr 0.00029
E4058/10000 | train 0.022812 | test 0.030916 | epoch 0.19s | total 725.8s | lr 0.00029
E4059/10000 | train 0.022730 | test 0.030967 | epoch 0.17s | total 726.0s | lr 0.00029
E4060/10000 | train 0.022746 | test 0.031015 | epoch 0.17s | total 726.2s | lr 0.00029
E4061/10000 | train 0.022729 | test 0.030989 | epoch 0.17s | total 726.3s | lr 0.00029
E4062/10000 | train 0.022744 | test 0.030950 | epoch 0.17s | total 726.5s | lr 0.00029
E4063/10000 | train 0.022770 | test 0.031026 | epoch 0.17s | total 726.7s | lr 0.00029
E4064/10000 | train 0.022710 | test 0.031037 | epoch 0.17s | total 726.9s | lr 0.00029
E4065/10000 | train 0.022825 | test 0.030989 | epoch 0.17s | total 727.1s | lr 0.00028
E4066/10000 | train 0.022838 | test 0.031017 | epoch 0.17s | total 727.2s | lr 0.00028
E4067/10000 | train 0.022766 | test 0.030923 | epoch 0.17s | total 727.4s | lr 0.00028
E4068/10000 | train 0.022715 | test 0.030967 | epoch 0.18s | total 727.6s | lr 0.00028
E4069/10000 | train 0.022726 | test 0.030957 | epoch 0.18s | total 727.8s | lr 0.00028
E4070/10000 | train 0.022673 | test 0.030920 | epoch 0.17s | total 728.0s | lr 0.00028
E4071/10000 | train 0.022679 | test 0.030899 | epoch 0.18s | total 728.2s | lr 0.00028
E4072/10000 | train 0.022666 | test 0.030952 | epoch 0.18s | total 728.3s | lr 0.00028
E4073/10000 | train 0.022662 | test 0.031010 | epoch 0.17s | total 728.5s | lr 0.00028
E4074/10000 | train 0.022680 | test 0.030971 | epoch 0.18s | total 728.7s | lr 0.00028
E4075/10000 | train 0.022665 | test 0.030921 | epoch 0.18s | total 728.9s | lr 0.00028
E4076/10000 | train 0.022623 | test 0.030960 | epoch 0.18s | total 729.1s | lr 0.00028
E4077/10000 | train 0.022674 | test 0.030954 | epoch 0.18s | total 729.3s | lr 0.00028
E4078/10000 | train 0.022688 | test 0.031027 | epoch 0.18s | total 729.4s | lr 0.00028
E4079/10000 | train 0.022664 | test 0.030904 | epoch 0.17s | total 729.6s | lr 0.00028
E4080/10000 | train 0.022601 | test 0.030913 | epoch 0.18s | total 729.8s | lr 0.00028
E4081/10000 | train 0.022591 | test 0.030919 | epoch 0.17s | total 730.0s | lr 0.00028
E4082/10000 | train 0.022546 | test 0.030931 | epoch 0.17s | total 730.2s | lr 0.00028
E4083/10000 | train 0.022543 | test 0.030970 | epoch 0.18s | total 730.3s | lr 0.00028
E4084/10000 | train 0.022511 | test 0.030965 | epoch 0.17s | total 730.5s | lr 0.00028
E4085/10000 | train 0.022480 | test 0.030991 | epoch 0.17s | total 730.7s | lr 0.00027
E4086/10000 | train 0.022473 | test 0.030973 | epoch 0.17s | total 730.9s | lr 0.00027
E4087/10000 | train 0.022528 | test 0.030969 | epoch 0.17s | total 731.1s | lr 0.00027
E4088/10000 | train 0.022516 | test 0.030972 | epoch 0.17s | total 731.2s | lr 0.00027
E4089/10000 | train 0.022501 | test 0.030904 | epoch 0.17s | total 731.4s | lr 0.00027
E4090/10000 | train 0.022483 | test 0.030995 | epoch 0.18s | total 731.6s | lr 0.00027
E4091/10000 | train 0.022479 | test 0.031014 | epoch 0.17s | total 731.8s | lr 0.00027
E4092/10000 | train 0.022454 | test 0.031001 | epoch 0.17s | total 732.0s | lr 0.00027
E4093/10000 | train 0.022434 | test 0.030965 | epoch 0.18s | total 732.1s | lr 0.00027
E4094/10000 | train 0.022496 | test 0.030968 | epoch 0.18s | total 732.3s | lr 0.00027
E4095/10000 | train 0.022498 | test 0.030996 | epoch 0.19s | total 732.5s | lr 0.00027
E4096/10000 | train 0.022457 | test 0.030948 | epoch 0.18s | total 732.7s | lr 0.00027
E4097/10000 | train 0.022482 | test 0.031028 | epoch 0.18s | total 732.9s | lr 0.00027
E4098/10000 | train 0.022460 | test 0.030969 | epoch 0.18s | total 733.1s | lr 0.00027
E4099/10000 | train 0.022485 | test 0.030983 | epoch 0.17s | total 733.3s | lr 0.00027
E4100/10000 | train 0.022514 | test 0.031080 | epoch 0.17s | total 733.5s | lr 0.00027
E4101/10000 | train 0.022562 | test 0.031094 | epoch 0.18s | total 733.6s | lr 0.00027
E4102/10000 | train 0.022516 | test 0.031060 | epoch 0.18s | total 733.8s | lr 0.00027
E4103/10000 | train 0.022585 | test 0.031047 | epoch 0.17s | total 734.0s | lr 0.00027
E4104/10000 | train 0.022609 | test 0.031013 | epoch 0.18s | total 734.2s | lr 0.00027
E4105/10000 | train 0.022630 | test 0.031048 | epoch 0.18s | total 734.4s | lr 0.00026
E4106/10000 | train 0.022567 | test 0.031040 | epoch 0.17s | total 734.5s | lr 0.00026
E4107/10000 | train 0.022639 | test 0.031057 | epoch 0.19s | total 734.7s | lr 0.00026
E4108/10000 | train 0.022643 | test 0.031065 | epoch 0.17s | total 734.9s | lr 0.00026
E4109/10000 | train 0.022615 | test 0.031049 | epoch 0.17s | total 735.1s | lr 0.00026
E4110/10000 | train 0.022613 | test 0.031118 | epoch 0.17s | total 735.3s | lr 0.00026
E4111/10000 | train 0.022633 | test 0.031121 | epoch 0.17s | total 735.5s | lr 0.00026
E4112/10000 | train 0.022595 | test 0.031109 | epoch 0.17s | total 735.6s | lr 0.00026
E4113/10000 | train 0.022720 | test 0.030995 | epoch 0.17s | total 735.8s | lr 0.00026
E4114/10000 | train 0.022763 | test 0.031019 | epoch 0.17s | total 736.0s | lr 0.00026
E4115/10000 | train 0.022737 | test 0.030940 | epoch 0.17s | total 736.2s | lr 0.00026
E4116/10000 | train 0.022790 | test 0.030982 | epoch 0.17s | total 736.4s | lr 0.00026
E4117/10000 | train 0.022749 | test 0.031045 | epoch 0.17s | total 736.5s | lr 0.00026
E4118/10000 | train 0.022793 | test 0.031060 | epoch 0.17s | total 736.7s | lr 0.00026
E4119/10000 | train 0.022718 | test 0.031003 | epoch 0.17s | total 736.9s | lr 0.00026
E4120/10000 | train 0.022725 | test 0.031018 | epoch 0.17s | total 737.1s | lr 0.00026
E4121/10000 | train 0.022697 | test 0.030992 | epoch 0.17s | total 737.3s | lr 0.00026
E4122/10000 | train 0.022711 | test 0.031070 | epoch 0.17s | total 737.4s | lr 0.00026
E4123/10000 | train 0.022707 | test 0.030987 | epoch 0.17s | total 737.6s | lr 0.00026
E4124/10000 | train 0.022624 | test 0.031044 | epoch 0.17s | total 737.8s | lr 0.00025
E4125/10000 | train 0.022591 | test 0.030999 | epoch 0.17s | total 738.0s | lr 0.00025
E4126/10000 | train 0.022592 | test 0.031085 | epoch 0.17s | total 738.1s | lr 0.00025
E4127/10000 | train 0.022613 | test 0.031104 | epoch 0.17s | total 738.3s | lr 0.00025
E4128/10000 | train 0.022565 | test 0.031095 | epoch 0.17s | total 738.5s | lr 0.00025
E4129/10000 | train 0.022559 | test 0.031166 | epoch 0.17s | total 738.7s | lr 0.00025
E4130/10000 | train 0.022485 | test 0.031136 | epoch 0.17s | total 738.9s | lr 0.00025
E4131/10000 | train 0.022560 | test 0.031145 | epoch 0.17s | total 739.0s | lr 0.00025
E4132/10000 | train 0.022660 | test 0.031276 | epoch 0.17s | total 739.2s | lr 0.00025
E4133/10000 | train 0.022602 | test 0.031256 | epoch 0.17s | total 739.4s | lr 0.00025
E4134/10000 | train 0.022595 | test 0.031215 | epoch 0.17s | total 739.6s | lr 0.00025
E4135/10000 | train 0.022590 | test 0.031208 | epoch 0.17s | total 739.8s | lr 0.00025
E4136/10000 | train 0.022612 | test 0.031184 | epoch 0.17s | total 739.9s | lr 0.00025
E4137/10000 | train 0.022658 | test 0.031199 | epoch 0.17s | total 740.1s | lr 0.00025
E4138/10000 | train 0.022739 | test 0.031190 | epoch 0.17s | total 740.3s | lr 0.00025
E4139/10000 | train 0.022687 | test 0.031225 | epoch 0.17s | total 740.5s | lr 0.00025
E4140/10000 | train 0.022603 | test 0.031134 | epoch 0.17s | total 740.6s | lr 0.00025
E4141/10000 | train 0.022598 | test 0.031175 | epoch 0.17s | total 740.8s | lr 0.00025
E4142/10000 | train 0.022594 | test 0.031241 | epoch 0.17s | total 741.0s | lr 0.00025
E4143/10000 | train 0.022645 | test 0.031281 | epoch 0.17s | total 741.2s | lr 0.00025
E4144/10000 | train 0.022591 | test 0.031108 | epoch 0.17s | total 741.4s | lr 0.00025
E4145/10000 | train 0.022590 | test 0.031146 | epoch 0.17s | total 741.5s | lr 0.00024
E4146/10000 | train 0.022618 | test 0.031209 | epoch 0.17s | total 741.7s | lr 0.00024
E4147/10000 | train 0.022580 | test 0.031207 | epoch 0.17s | total 741.9s | lr 0.00024
E4148/10000 | train 0.022549 | test 0.031210 | epoch 0.17s | total 742.1s | lr 0.00024
E4149/10000 | train 0.022516 | test 0.031152 | epoch 0.17s | total 742.2s | lr 0.00024
E4150/10000 | train 0.022524 | test 0.031138 | epoch 0.17s | total 742.4s | lr 0.00024
E4151/10000 | train 0.022523 | test 0.031118 | epoch 0.17s | total 742.6s | lr 0.00024
E4152/10000 | train 0.022483 | test 0.031130 | epoch 0.17s | total 742.8s | lr 0.00024
E4153/10000 | train 0.022474 | test 0.031132 | epoch 0.18s | total 743.0s | lr 0.00024
E4154/10000 | train 0.022510 | test 0.031119 | epoch 0.17s | total 743.2s | lr 0.00024
E4155/10000 | train 0.022493 | test 0.031099 | epoch 0.17s | total 743.3s | lr 0.00024
E4156/10000 | train 0.022535 | test 0.031129 | epoch 0.18s | total 743.5s | lr 0.00024
E4157/10000 | train 0.022475 | test 0.031163 | epoch 0.17s | total 743.7s | lr 0.00024
E4158/10000 | train 0.022442 | test 0.031138 | epoch 0.17s | total 743.9s | lr 0.00024
E4159/10000 | train 0.022473 | test 0.031119 | epoch 0.17s | total 744.0s | lr 0.00024
E4160/10000 | train 0.022458 | test 0.031107 | epoch 0.17s | total 744.2s | lr 0.00024
E4161/10000 | train 0.022586 | test 0.031081 | epoch 0.17s | total 744.4s | lr 0.00024
E4162/10000 | train 0.022574 | test 0.031033 | epoch 0.17s | total 744.6s | lr 0.00024
E4163/10000 | train 0.022559 | test 0.031062 | epoch 0.17s | total 744.8s | lr 0.00024
E4164/10000 | train 0.022563 | test 0.031063 | epoch 0.17s | total 744.9s | lr 0.00024
E4165/10000 | train 0.022558 | test 0.031014 | epoch 0.17s | total 745.1s | lr 0.00023
E4166/10000 | train 0.022527 | test 0.030964 | epoch 0.17s | total 745.3s | lr 0.00023
E4167/10000 | train 0.022484 | test 0.031044 | epoch 0.17s | total 745.5s | lr 0.00023
E4168/10000 | train 0.022467 | test 0.031041 | epoch 0.17s | total 745.7s | lr 0.00023
E4169/10000 | train 0.022474 | test 0.031029 | epoch 0.17s | total 745.8s | lr 0.00023
E4170/10000 | train 0.022411 | test 0.031040 | epoch 0.17s | total 746.0s | lr 0.00023
E4171/10000 | train 0.022379 | test 0.031083 | epoch 0.17s | total 746.2s | lr 0.00023
E4172/10000 | train 0.022457 | test 0.031079 | epoch 0.17s | total 746.4s | lr 0.00023
E4173/10000 | train 0.022486 | test 0.031070 | epoch 0.17s | total 746.5s | lr 0.00023
E4174/10000 | train 0.022415 | test 0.031117 | epoch 0.17s | total 746.7s | lr 0.00023
E4175/10000 | train 0.022454 | test 0.031102 | epoch 0.17s | total 746.9s | lr 0.00023
E4176/10000 | train 0.022433 | test 0.031122 | epoch 0.17s | total 747.1s | lr 0.00023
E4177/10000 | train 0.022439 | test 0.031039 | epoch 0.17s | total 747.3s | lr 0.00023
E4178/10000 | train 0.022365 | test 0.031060 | epoch 0.17s | total 747.4s | lr 0.00023
E4179/10000 | train 0.022352 | test 0.031095 | epoch 0.17s | total 747.6s | lr 0.00023
E4180/10000 | train 0.022357 | test 0.031047 | epoch 0.17s | total 747.8s | lr 0.00023
E4181/10000 | train 0.022338 | test 0.031055 | epoch 0.17s | total 748.0s | lr 0.00023
E4182/10000 | train 0.022327 | test 0.031035 | epoch 0.17s | total 748.1s | lr 0.00023
E4183/10000 | train 0.022362 | test 0.031074 | epoch 0.17s | total 748.3s | lr 0.00023
E4184/10000 | train 0.022434 | test 0.031135 | epoch 0.17s | total 748.5s | lr 0.00023
E4185/10000 | train 0.022395 | test 0.031082 | epoch 0.17s | total 748.7s | lr 0.00023
E4186/10000 | train 0.022364 | test 0.031127 | epoch 0.17s | total 748.9s | lr 0.00022
E4187/10000 | train 0.022397 | test 0.031106 | epoch 0.17s | total 749.0s | lr 0.00022
E4188/10000 | train 0.022360 | test 0.031069 | epoch 0.17s | total 749.2s | lr 0.00022
E4189/10000 | train 0.022335 | test 0.031128 | epoch 0.17s | total 749.4s | lr 0.00022
E4190/10000 | train 0.022384 | test 0.031194 | epoch 0.18s | total 749.6s | lr 0.00022
E4191/10000 | train 0.022373 | test 0.031225 | epoch 0.18s | total 749.8s | lr 0.00022
E4192/10000 | train 0.022321 | test 0.031168 | epoch 0.18s | total 750.0s | lr 0.00022
E4193/10000 | train 0.022376 | test 0.031129 | epoch 0.17s | total 750.1s | lr 0.00022
E4194/10000 | train 0.022311 | test 0.031154 | epoch 0.17s | total 750.3s | lr 0.00022
E4195/10000 | train 0.022263 | test 0.031198 | epoch 0.17s | total 750.5s | lr 0.00022
E4196/10000 | train 0.022253 | test 0.031135 | epoch 0.17s | total 750.7s | lr 0.00022
E4197/10000 | train 0.022241 | test 0.031140 | epoch 0.17s | total 750.9s | lr 0.00022
E4198/10000 | train 0.022288 | test 0.031112 | epoch 0.17s | total 751.0s | lr 0.00022
E4199/10000 | train 0.022296 | test 0.031248 | epoch 0.17s | total 751.2s | lr 0.00022
E4200/10000 | train 0.022350 | test 0.031099 | epoch 0.17s | total 751.4s | lr 0.00022
E4201/10000 | train 0.022291 | test 0.031115 | epoch 0.17s | total 751.6s | lr 0.00022
E4202/10000 | train 0.022325 | test 0.031125 | epoch 0.17s | total 751.8s | lr 0.00022
E4203/10000 | train 0.022304 | test 0.031201 | epoch 0.18s | total 752.0s | lr 0.00022
E4204/10000 | train 0.022288 | test 0.031152 | epoch 0.18s | total 752.1s | lr 0.00022
E4205/10000 | train 0.022306 | test 0.031083 | epoch 0.17s | total 752.3s | lr 0.00022
E4206/10000 | train 0.022278 | test 0.031063 | epoch 0.17s | total 752.5s | lr 0.00022
E4207/10000 | train 0.022335 | test 0.031079 | epoch 0.18s | total 752.7s | lr 0.00021
E4208/10000 | train 0.022351 | test 0.031182 | epoch 0.17s | total 752.9s | lr 0.00021
E4209/10000 | train 0.022357 | test 0.031111 | epoch 0.17s | total 753.1s | lr 0.00021
E4210/10000 | train 0.022371 | test 0.031183 | epoch 0.17s | total 753.2s | lr 0.00021
E4211/10000 | train 0.022498 | test 0.031279 | epoch 0.17s | total 753.4s | lr 0.00021
E4212/10000 | train 0.022504 | test 0.031160 | epoch 0.17s | total 753.6s | lr 0.00021
E4213/10000 | train 0.022417 | test 0.031210 | epoch 0.17s | total 753.8s | lr 0.00021
E4214/10000 | train 0.022347 | test 0.031215 | epoch 0.18s | total 754.0s | lr 0.00021
E4215/10000 | train 0.022340 | test 0.031184 | epoch 0.17s | total 754.1s | lr 0.00021
E4216/10000 | train 0.022305 | test 0.031194 | epoch 0.20s | total 754.3s | lr 0.00021
E4217/10000 | train 0.022302 | test 0.031161 | epoch 0.18s | total 754.5s | lr 0.00021
E4218/10000 | train 0.022324 | test 0.031194 | epoch 0.18s | total 754.7s | lr 0.00021
E4219/10000 | train 0.022277 | test 0.031186 | epoch 0.18s | total 754.9s | lr 0.00021
E4220/10000 | train 0.022290 | test 0.031293 | epoch 0.18s | total 755.1s | lr 0.00021
E4221/10000 | train 0.022284 | test 0.031178 | epoch 0.18s | total 755.3s | lr 0.00021
E4222/10000 | train 0.022223 | test 0.031232 | epoch 0.17s | total 755.5s | lr 0.00021
E4223/10000 | train 0.022225 | test 0.031185 | epoch 0.17s | total 755.6s | lr 0.00021
E4224/10000 | train 0.022203 | test 0.031083 | epoch 0.17s | total 755.8s | lr 0.00021
E4225/10000 | train 0.022287 | test 0.031183 | epoch 0.18s | total 756.0s | lr 0.00021
E4226/10000 | train 0.022227 | test 0.031155 | epoch 0.19s | total 756.2s | lr 0.00021
E4227/10000 | train 0.022197 | test 0.031111 | epoch 0.19s | total 756.4s | lr 0.00021
E4228/10000 | train 0.022203 | test 0.031153 | epoch 0.19s | total 756.6s | lr 0.00020
E4229/10000 | train 0.022197 | test 0.031166 | epoch 0.19s | total 756.8s | lr 0.00020
E4230/10000 | train 0.022217 | test 0.031110 | epoch 0.19s | total 757.0s | lr 0.00020
E4231/10000 | train 0.022193 | test 0.031178 | epoch 0.19s | total 757.2s | lr 0.00020
E4232/10000 | train 0.022202 | test 0.031216 | epoch 0.19s | total 757.4s | lr 0.00020
E4233/10000 | train 0.022256 | test 0.031232 | epoch 0.19s | total 757.6s | lr 0.00020
E4234/10000 | train 0.022205 | test 0.031187 | epoch 0.19s | total 757.8s | lr 0.00020
E4235/10000 | train 0.022190 | test 0.031248 | epoch 0.19s | total 758.0s | lr 0.00020
E4236/10000 | train 0.022169 | test 0.031239 | epoch 0.19s | total 758.2s | lr 0.00020
E4237/10000 | train 0.022158 | test 0.031232 | epoch 0.20s | total 758.4s | lr 0.00020
E4238/10000 | train 0.022132 | test 0.031220 | epoch 0.18s | total 758.6s | lr 0.00020
E4239/10000 | train 0.022126 | test 0.031212 | epoch 0.18s | total 758.8s | lr 0.00020
E4240/10000 | train 0.022115 | test 0.031216 | epoch 0.18s | total 759.0s | lr 0.00020
E4241/10000 | train 0.022135 | test 0.031145 | epoch 0.18s | total 759.1s | lr 0.00020
E4242/10000 | train 0.022173 | test 0.031266 | epoch 0.17s | total 759.3s | lr 0.00020
E4243/10000 | train 0.022260 | test 0.031244 | epoch 0.17s | total 759.5s | lr 0.00020
E4244/10000 | train 0.022174 | test 0.031268 | epoch 0.17s | total 759.7s | lr 0.00020
E4245/10000 | train 0.022225 | test 0.031221 | epoch 0.17s | total 759.9s | lr 0.00020
E4246/10000 | train 0.022201 | test 0.031168 | epoch 0.18s | total 760.0s | lr 0.00020
E4247/10000 | train 0.022209 | test 0.031299 | epoch 0.18s | total 760.2s | lr 0.00020
E4248/10000 | train 0.022245 | test 0.031277 | epoch 0.17s | total 760.4s | lr 0.00020
E4249/10000 | train 0.022356 | test 0.031250 | epoch 0.17s | total 760.6s | lr 0.00020
E4250/10000 | train 0.022395 | test 0.031208 | epoch 0.17s | total 760.8s | lr 0.00019
E4251/10000 | train 0.022442 | test 0.031305 | epoch 0.18s | total 761.0s | lr 0.00019
E4252/10000 | train 0.022348 | test 0.031206 | epoch 0.18s | total 761.1s | lr 0.00019
E4253/10000 | train 0.022265 | test 0.031244 | epoch 0.17s | total 761.3s | lr 0.00019
E4254/10000 | train 0.022219 | test 0.031244 | epoch 0.17s | total 761.5s | lr 0.00019
E4255/10000 | train 0.022299 | test 0.031338 | epoch 0.17s | total 761.7s | lr 0.00019
E4256/10000 | train 0.022291 | test 0.031270 | epoch 0.18s | total 761.9s | lr 0.00019
E4257/10000 | train 0.022306 | test 0.031247 | epoch 0.18s | total 762.1s | lr 0.00019
E4258/10000 | train 0.022262 | test 0.031276 | epoch 0.18s | total 762.2s | lr 0.00019
E4259/10000 | train 0.022209 | test 0.031215 | epoch 0.19s | total 762.4s | lr 0.00019
E4260/10000 | train 0.022180 | test 0.031221 | epoch 0.18s | total 762.6s | lr 0.00019
E4261/10000 | train 0.022166 | test 0.031220 | epoch 0.17s | total 762.8s | lr 0.00019
E4262/10000 | train 0.022153 | test 0.031210 | epoch 0.17s | total 763.0s | lr 0.00019
E4263/10000 | train 0.022160 | test 0.031202 | epoch 0.17s | total 763.2s | lr 0.00019
E4264/10000 | train 0.022189 | test 0.031247 | epoch 0.18s | total 763.3s | lr 0.00019
E4265/10000 | train 0.022189 | test 0.031229 | epoch 0.17s | total 763.5s | lr 0.00019
E4266/10000 | train 0.022232 | test 0.031239 | epoch 0.17s | total 763.7s | lr 0.00019
E4267/10000 | train 0.022159 | test 0.031220 | epoch 0.17s | total 763.9s | lr 0.00019
E4268/10000 | train 0.022127 | test 0.031300 | epoch 0.17s | total 764.1s | lr 0.00019
E4269/10000 | train 0.022101 | test 0.031277 | epoch 0.18s | total 764.2s | lr 0.00019
E4270/10000 | train 0.022105 | test 0.031271 | epoch 0.20s | total 764.4s | lr 0.00019
E4271/10000 | train 0.022082 | test 0.031318 | epoch 0.26s | total 764.7s | lr 0.00019
E4272/10000 | train 0.022078 | test 0.031255 | epoch 0.22s | total 764.9s | lr 0.00018
E4273/10000 | train 0.022081 | test 0.031198 | epoch 0.22s | total 765.2s | lr 0.00018
E4274/10000 | train 0.022072 | test 0.031198 | epoch 0.20s | total 765.4s | lr 0.00018
E4275/10000 | train 0.022059 | test 0.031249 | epoch 0.20s | total 765.6s | lr 0.00018
E4276/10000 | train 0.022142 | test 0.031288 | epoch 0.20s | total 765.8s | lr 0.00018
E4277/10000 | train 0.022132 | test 0.031273 | epoch 0.20s | total 766.0s | lr 0.00018
E4278/10000 | train 0.022084 | test 0.031239 | epoch 0.21s | total 766.2s | lr 0.00018
E4279/10000 | train 0.022099 | test 0.031234 | epoch 0.21s | total 766.4s | lr 0.00018
E4280/10000 | train 0.022089 | test 0.031254 | epoch 0.21s | total 766.7s | lr 0.00018
E4281/10000 | train 0.022038 | test 0.031218 | epoch 0.21s | total 766.9s | lr 0.00018
E4282/10000 | train 0.022053 | test 0.031238 | epoch 0.21s | total 767.1s | lr 0.00018
E4283/10000 | train 0.022057 | test 0.031190 | epoch 0.21s | total 767.3s | lr 0.00018
E4284/10000 | train 0.022027 | test 0.031214 | epoch 0.21s | total 767.5s | lr 0.00018
E4285/10000 | train 0.022013 | test 0.031287 | epoch 0.22s | total 767.8s | lr 0.00018
E4286/10000 | train 0.022002 | test 0.031188 | epoch 0.21s | total 768.0s | lr 0.00018
E4287/10000 | train 0.022001 | test 0.031257 | epoch 0.22s | total 768.2s | lr 0.00018
E4288/10000 | train 0.022005 | test 0.031182 | epoch 0.21s | total 768.4s | lr 0.00018
E4289/10000 | train 0.022012 | test 0.031187 | epoch 0.22s | total 768.6s | lr 0.00018
E4290/10000 | train 0.021967 | test 0.031209 | epoch 0.22s | total 768.9s | lr 0.00018
E4291/10000 | train 0.021974 | test 0.031228 | epoch 0.21s | total 769.1s | lr 0.00018
E4292/10000 | train 0.022037 | test 0.031302 | epoch 0.21s | total 769.3s | lr 0.00018
E4293/10000 | train 0.022080 | test 0.031257 | epoch 0.21s | total 769.5s | lr 0.00018
E4294/10000 | train 0.022137 | test 0.031238 | epoch 0.21s | total 769.7s | lr 0.00018
E4295/10000 | train 0.022062 | test 0.031249 | epoch 0.22s | total 770.0s | lr 0.00017
E4296/10000 | train 0.022010 | test 0.031276 | epoch 0.22s | total 770.2s | lr 0.00017
E4297/10000 | train 0.021994 | test 0.031241 | epoch 0.21s | total 770.4s | lr 0.00017
E4298/10000 | train 0.021982 | test 0.031246 | epoch 0.21s | total 770.6s | lr 0.00017
E4299/10000 | train 0.021976 | test 0.031223 | epoch 0.22s | total 770.9s | lr 0.00017
E4300/10000 | train 0.021943 | test 0.031231 | epoch 0.21s | total 771.1s | lr 0.00017
E4301/10000 | train 0.021969 | test 0.031263 | epoch 0.22s | total 771.3s | lr 0.00017
E4302/10000 | train 0.022020 | test 0.031265 | epoch 0.22s | total 771.5s | lr 0.00017
E4303/10000 | train 0.022069 | test 0.031257 | epoch 0.21s | total 771.7s | lr 0.00017
E4304/10000 | train 0.022071 | test 0.031241 | epoch 0.21s | total 772.0s | lr 0.00017
E4305/10000 | train 0.022028 | test 0.031295 | epoch 0.22s | total 772.2s | lr 0.00017
E4306/10000 | train 0.021994 | test 0.031259 | epoch 0.22s | total 772.4s | lr 0.00017
E4307/10000 | train 0.021980 | test 0.031230 | epoch 0.22s | total 772.6s | lr 0.00017
E4308/10000 | train 0.021989 | test 0.031259 | epoch 0.22s | total 772.9s | lr 0.00017
E4309/10000 | train 0.021973 | test 0.031255 | epoch 0.21s | total 773.1s | lr 0.00017
E4310/10000 | train 0.022019 | test 0.031250 | epoch 0.22s | total 773.3s | lr 0.00017
E4311/10000 | train 0.021972 | test 0.031226 | epoch 0.22s | total 773.5s | lr 0.00017
E4312/10000 | train 0.021937 | test 0.031282 | epoch 0.21s | total 773.8s | lr 0.00017
E4313/10000 | train 0.021915 | test 0.031300 | epoch 0.21s | total 774.0s | lr 0.00017
E4314/10000 | train 0.021924 | test 0.031281 | epoch 0.21s | total 774.2s | lr 0.00017
E4315/10000 | train 0.021935 | test 0.031274 | epoch 0.21s | total 774.4s | lr 0.00017
E4316/10000 | train 0.021926 | test 0.031314 | epoch 0.21s | total 774.6s | lr 0.00017
E4317/10000 | train 0.021953 | test 0.031243 | epoch 0.21s | total 774.9s | lr 0.00017
E4318/10000 | train 0.021919 | test 0.031339 | epoch 0.21s | total 775.1s | lr 0.00016
E4319/10000 | train 0.021977 | test 0.031298 | epoch 0.21s | total 775.3s | lr 0.00016
E4320/10000 | train 0.021976 | test 0.031282 | epoch 0.23s | total 775.5s | lr 0.00016
E4321/10000 | train 0.022012 | test 0.031321 | epoch 0.26s | total 775.8s | lr 0.00016
E4322/10000 | train 0.022062 | test 0.031405 | epoch 0.24s | total 776.0s | lr 0.00016
E4323/10000 | train 0.022088 | test 0.031458 | epoch 0.22s | total 776.3s | lr 0.00016
E4324/10000 | train 0.022053 | test 0.031299 | epoch 0.21s | total 776.5s | lr 0.00016
E4325/10000 | train 0.021988 | test 0.031274 | epoch 0.25s | total 776.8s | lr 0.00016
E4326/10000 | train 0.021951 | test 0.031278 | epoch 0.32s | total 777.1s | lr 0.00016
E4327/10000 | train 0.021929 | test 0.031274 | epoch 0.37s | total 777.5s | lr 0.00016
E4328/10000 | train 0.021908 | test 0.031310 | epoch 0.27s | total 777.7s | lr 0.00016
E4329/10000 | train 0.021936 | test 0.031351 | epoch 0.22s | total 778.0s | lr 0.00016
E4330/10000 | train 0.021944 | test 0.031302 | epoch 0.21s | total 778.2s | lr 0.00016
E4331/10000 | train 0.021881 | test 0.031327 | epoch 0.22s | total 778.4s | lr 0.00016
E4332/10000 | train 0.021936 | test 0.031310 | epoch 0.21s | total 778.6s | lr 0.00016
E4333/10000 | train 0.022048 | test 0.031350 | epoch 0.22s | total 778.9s | lr 0.00016
E4334/10000 | train 0.022012 | test 0.031339 | epoch 0.21s | total 779.1s | lr 0.00016
E4335/10000 | train 0.021919 | test 0.031333 | epoch 0.22s | total 779.3s | lr 0.00016
E4336/10000 | train 0.021919 | test 0.031309 | epoch 0.23s | total 779.6s | lr 0.00016
E4337/10000 | train 0.021888 | test 0.031334 | epoch 0.23s | total 779.8s | lr 0.00016
E4338/10000 | train 0.021885 | test 0.031318 | epoch 0.58s | total 780.4s | lr 0.00016
E4339/10000 | train 0.021905 | test 0.031362 | epoch 1.02s | total 781.4s | lr 0.00016
E4340/10000 | train 0.021906 | test 0.031331 | epoch 0.71s | total 782.2s | lr 0.00016
E4341/10000 | train 0.021911 | test 0.031364 | epoch 0.36s | total 782.5s | lr 0.00016
E4342/10000 | train 0.021877 | test 0.031295 | epoch 0.32s | total 782.9s | lr 0.00015
E4343/10000 | train 0.021852 | test 0.031307 | epoch 0.35s | total 783.2s | lr 0.00015
E4344/10000 | train 0.021841 | test 0.031305 | epoch 0.31s | total 783.6s | lr 0.00015
E4345/10000 | train 0.021801 | test 0.031360 | epoch 0.41s | total 784.0s | lr 0.00015
E4346/10000 | train 0.021793 | test 0.031384 | epoch 0.32s | total 784.3s | lr 0.00015
E4347/10000 | train 0.021804 | test 0.031283 | epoch 0.29s | total 784.6s | lr 0.00015
E4348/10000 | train 0.021821 | test 0.031314 | epoch 0.24s | total 784.9s | lr 0.00015
E4349/10000 | train 0.021791 | test 0.031324 | epoch 0.23s | total 785.1s | lr 0.00015
E4350/10000 | train 0.021793 | test 0.031308 | epoch 0.23s | total 785.3s | lr 0.00015
E4351/10000 | train 0.021805 | test 0.031293 | epoch 0.33s | total 785.7s | lr 0.00015
E4352/10000 | train 0.021791 | test 0.031324 | epoch 0.44s | total 786.1s | lr 0.00015
E4353/10000 | train 0.021906 | test 0.031377 | epoch 0.29s | total 786.4s | lr 0.00015
E4354/10000 | train 0.021932 | test 0.031303 | epoch 0.24s | total 786.7s | lr 0.00015
E4355/10000 | train 0.021865 | test 0.031322 | epoch 0.22s | total 786.9s | lr 0.00015
E4356/10000 | train 0.021811 | test 0.031356 | epoch 0.23s | total 787.2s | lr 0.00015
E4357/10000 | train 0.021823 | test 0.031320 | epoch 0.26s | total 787.4s | lr 0.00015
E4358/10000 | train 0.021812 | test 0.031376 | epoch 0.35s | total 787.8s | lr 0.00015
E4359/10000 | train 0.021788 | test 0.031381 | epoch 0.30s | total 788.1s | lr 0.00015
E4360/10000 | train 0.021791 | test 0.031287 | epoch 0.26s | total 788.4s | lr 0.00015
E4361/10000 | train 0.021793 | test 0.031304 | epoch 0.43s | total 788.8s | lr 0.00015
E4362/10000 | train 0.021784 | test 0.031325 | epoch 0.25s | total 789.1s | lr 0.00015
E4363/10000 | train 0.021799 | test 0.031331 | epoch 0.33s | total 789.4s | lr 0.00015
E4364/10000 | train 0.021813 | test 0.031350 | epoch 0.28s | total 789.7s | lr 0.00015
E4365/10000 | train 0.021795 | test 0.031382 | epoch 0.35s | total 790.1s | lr 0.00015
E4366/10000 | train 0.021817 | test 0.031351 | epoch 0.32s | total 790.4s | lr 0.00015
E4367/10000 | train 0.021799 | test 0.031378 | epoch 0.30s | total 790.7s | lr 0.00014
E4368/10000 | train 0.021776 | test 0.031342 | epoch 0.39s | total 791.1s | lr 0.00014
E4369/10000 | train 0.021751 | test 0.031359 | epoch 0.27s | total 791.4s | lr 0.00014
E4370/10000 | train 0.021762 | test 0.031318 | epoch 0.25s | total 791.6s | lr 0.00014
E4371/10000 | train 0.021740 | test 0.031327 | epoch 0.23s | total 791.9s | lr 0.00014
E4372/10000 | train 0.021731 | test 0.031334 | epoch 0.21s | total 792.1s | lr 0.00014
E4373/10000 | train 0.021713 | test 0.031354 | epoch 0.21s | total 792.3s | lr 0.00014
E4374/10000 | train 0.021700 | test 0.031378 | epoch 0.20s | total 792.5s | lr 0.00014
E4375/10000 | train 0.021749 | test 0.031407 | epoch 0.24s | total 792.8s | lr 0.00014
E4376/10000 | train 0.021757 | test 0.031337 | epoch 0.25s | total 793.0s | lr 0.00014
E4377/10000 | train 0.021744 | test 0.031345 | epoch 0.26s | total 793.3s | lr 0.00014
E4378/10000 | train 0.021755 | test 0.031330 | epoch 0.26s | total 793.6s | lr 0.00014
E4379/10000 | train 0.021754 | test 0.031392 | epoch 0.28s | total 793.9s | lr 0.00014
E4380/10000 | train 0.021757 | test 0.031414 | epoch 0.24s | total 794.1s | lr 0.00014
E4381/10000 | train 0.021763 | test 0.031376 | epoch 0.23s | total 794.3s | lr 0.00014
E4382/10000 | train 0.021734 | test 0.031346 | epoch 0.24s | total 794.6s | lr 0.00014
E4383/10000 | train 0.021727 | test 0.031343 | epoch 0.22s | total 794.8s | lr 0.00014
E4384/10000 | train 0.021694 | test 0.031353 | epoch 0.21s | total 795.0s | lr 0.00014
E4385/10000 | train 0.021720 | test 0.031423 | epoch 0.21s | total 795.3s | lr 0.00014
E4386/10000 | train 0.021703 | test 0.031399 | epoch 0.21s | total 795.5s | lr 0.00014
E4387/10000 | train 0.021681 | test 0.031433 | epoch 0.21s | total 795.7s | lr 0.00014
E4388/10000 | train 0.021704 | test 0.031434 | epoch 0.25s | total 796.0s | lr 0.00014
E4389/10000 | train 0.021670 | test 0.031410 | epoch 0.26s | total 796.2s | lr 0.00014
E4390/10000 | train 0.021657 | test 0.031382 | epoch 0.22s | total 796.4s | lr 0.00014
E4391/10000 | train 0.021675 | test 0.031398 | epoch 0.21s | total 796.7s | lr 0.00014
E4392/10000 | train 0.021661 | test 0.031365 | epoch 0.21s | total 796.9s | lr 0.00013
E4393/10000 | train 0.021666 | test 0.031392 | epoch 0.22s | total 797.1s | lr 0.00013
E4394/10000 | train 0.021646 | test 0.031407 | epoch 0.23s | total 797.3s | lr 0.00013
E4395/10000 | train 0.021668 | test 0.031396 | epoch 0.27s | total 797.6s | lr 0.00013
E4396/10000 | train 0.021660 | test 0.031397 | epoch 0.25s | total 797.9s | lr 0.00013
E4397/10000 | train 0.021700 | test 0.031429 | epoch 0.26s | total 798.2s | lr 0.00013
E4398/10000 | train 0.021754 | test 0.031448 | epoch 0.22s | total 798.4s | lr 0.00013
E4399/10000 | train 0.021836 | test 0.031454 | epoch 0.21s | total 798.6s | lr 0.00013
E4400/10000 | train 0.021788 | test 0.031417 | epoch 0.21s | total 798.8s | lr 0.00013
E4401/10000 | train 0.021752 | test 0.031386 | epoch 0.21s | total 799.0s | lr 0.00013
E4402/10000 | train 0.021720 | test 0.031417 | epoch 0.20s | total 799.2s | lr 0.00013
E4403/10000 | train 0.021700 | test 0.031414 | epoch 0.31s | total 799.6s | lr 0.00013
E4404/10000 | train 0.021686 | test 0.031450 | epoch 0.31s | total 799.9s | lr 0.00013
E4405/10000 | train 0.021681 | test 0.031373 | epoch 0.35s | total 800.2s | lr 0.00013
E4406/10000 | train 0.021686 | test 0.031403 | epoch 0.29s | total 800.5s | lr 0.00013
E4407/10000 | train 0.021737 | test 0.031395 | epoch 0.19s | total 800.7s | lr 0.00013
E4408/10000 | train 0.021758 | test 0.031424 | epoch 0.18s | total 800.9s | lr 0.00013
E4409/10000 | train 0.021733 | test 0.031426 | epoch 0.23s | total 801.2s | lr 0.00013
E4410/10000 | train 0.021691 | test 0.031407 | epoch 0.27s | total 801.4s | lr 0.00013
E4411/10000 | train 0.021690 | test 0.031428 | epoch 0.38s | total 801.8s | lr 0.00013
E4412/10000 | train 0.021702 | test 0.031406 | epoch 0.37s | total 802.2s | lr 0.00013
E4413/10000 | train 0.021776 | test 0.031374 | epoch 0.36s | total 802.6s | lr 0.00013
E4414/10000 | train 0.021804 | test 0.031425 | epoch 0.49s | total 803.1s | lr 0.00013
E4415/10000 | train 0.021742 | test 0.031398 | epoch 0.25s | total 803.3s | lr 0.00013
E4416/10000 | train 0.021705 | test 0.031433 | epoch 0.18s | total 803.5s | lr 0.00013
E4417/10000 | train 0.021695 | test 0.031421 | epoch 0.18s | total 803.7s | lr 0.00013
E4418/10000 | train 0.021719 | test 0.031395 | epoch 0.19s | total 803.9s | lr 0.00012
E4419/10000 | train 0.021699 | test 0.031437 | epoch 0.18s | total 804.1s | lr 0.00012
E4420/10000 | train 0.021667 | test 0.031381 | epoch 0.18s | total 804.3s | lr 0.00012
E4421/10000 | train 0.021665 | test 0.031395 | epoch 0.18s | total 804.5s | lr 0.00012
E4422/10000 | train 0.021660 | test 0.031459 | epoch 0.18s | total 804.7s | lr 0.00012
E4423/10000 | train 0.021669 | test 0.031390 | epoch 0.18s | total 804.9s | lr 0.00012
E4424/10000 | train 0.021707 | test 0.031422 | epoch 0.18s | total 805.1s | lr 0.00012
E4425/10000 | train 0.021713 | test 0.031479 | epoch 0.20s | total 805.3s | lr 0.00012
E4426/10000 | train 0.021729 | test 0.031458 | epoch 0.21s | total 805.5s | lr 0.00012
E4427/10000 | train 0.021755 | test 0.031465 | epoch 0.19s | total 805.7s | lr 0.00012
E4428/10000 | train 0.021762 | test 0.031466 | epoch 0.19s | total 805.9s | lr 0.00012
E4429/10000 | train 0.021769 | test 0.031419 | epoch 0.19s | total 806.1s | lr 0.00012
E4430/10000 | train 0.021851 | test 0.031447 | epoch 0.24s | total 806.3s | lr 0.00012
E4431/10000 | train 0.021894 | test 0.031498 | epoch 0.20s | total 806.6s | lr 0.00012
E4432/10000 | train 0.021821 | test 0.031393 | epoch 0.23s | total 806.8s | lr 0.00012
E4433/10000 | train 0.021772 | test 0.031423 | epoch 0.20s | total 807.0s | lr 0.00012
E4434/10000 | train 0.021782 | test 0.031462 | epoch 0.23s | total 807.2s | lr 0.00012
E4435/10000 | train 0.021770 | test 0.031479 | epoch 0.20s | total 807.4s | lr 0.00012
E4436/10000 | train 0.021733 | test 0.031476 | epoch 0.22s | total 807.7s | lr 0.00012
E4437/10000 | train 0.021722 | test 0.031450 | epoch 0.21s | total 807.9s | lr 0.00012
E4438/10000 | train 0.021746 | test 0.031465 | epoch 0.20s | total 808.1s | lr 0.00012
E4439/10000 | train 0.021772 | test 0.031471 | epoch 0.19s | total 808.3s | lr 0.00012
E4440/10000 | train 0.021740 | test 0.031480 | epoch 0.22s | total 808.5s | lr 0.00012
E4441/10000 | train 0.021725 | test 0.031527 | epoch 0.20s | total 808.7s | lr 0.00012
E4442/10000 | train 0.021713 | test 0.031489 | epoch 0.21s | total 809.0s | lr 0.00012
E4443/10000 | train 0.021692 | test 0.031501 | epoch 0.23s | total 809.2s | lr 0.00012
E4444/10000 | train 0.021697 | test 0.031538 | epoch 0.44s | total 809.7s | lr 0.00012
E4445/10000 | train 0.021753 | test 0.031553 | epoch 0.28s | total 809.9s | lr 0.00011
E4446/10000 | train 0.021787 | test 0.031494 | epoch 0.25s | total 810.2s | lr 0.00011
E4447/10000 | train 0.021740 | test 0.031534 | epoch 0.22s | total 810.4s | lr 0.00011
E4448/10000 | train 0.021711 | test 0.031485 | epoch 0.24s | total 810.7s | lr 0.00011
E4449/10000 | train 0.021699 | test 0.031474 | epoch 0.19s | total 810.9s | lr 0.00011
E4450/10000 | train 0.021661 | test 0.031517 | epoch 0.19s | total 811.1s | lr 0.00011
E4451/10000 | train 0.021659 | test 0.031557 | epoch 0.19s | total 811.3s | lr 0.00011
E4452/10000 | train 0.021681 | test 0.031524 | epoch 0.19s | total 811.5s | lr 0.00011
E4453/10000 | train 0.021665 | test 0.031494 | epoch 0.20s | total 811.7s | lr 0.00011
E4454/10000 | train 0.021675 | test 0.031543 | epoch 0.21s | total 811.9s | lr 0.00011
E4455/10000 | train 0.021650 | test 0.031512 | epoch 0.23s | total 812.1s | lr 0.00011
E4456/10000 | train 0.021646 | test 0.031502 | epoch 0.20s | total 812.3s | lr 0.00011
E4457/10000 | train 0.021672 | test 0.031540 | epoch 0.19s | total 812.5s | lr 0.00011
E4458/10000 | train 0.021673 | test 0.031537 | epoch 0.19s | total 812.7s | lr 0.00011
E4459/10000 | train 0.021631 | test 0.031526 | epoch 0.19s | total 812.9s | lr 0.00011
E4460/10000 | train 0.021618 | test 0.031588 | epoch 0.19s | total 813.1s | lr 0.00011
E4461/10000 | train 0.021621 | test 0.031543 | epoch 0.18s | total 813.3s | lr 0.00011
E4462/10000 | train 0.021642 | test 0.031562 | epoch 0.18s | total 813.5s | lr 0.00011
E4463/10000 | train 0.021604 | test 0.031544 | epoch 0.18s | total 813.7s | lr 0.00011
E4464/10000 | train 0.021621 | test 0.031477 | epoch 0.18s | total 813.9s | lr 0.00011
E4465/10000 | train 0.021617 | test 0.031481 | epoch 0.18s | total 814.1s | lr 0.00011
E4466/10000 | train 0.021640 | test 0.031492 | epoch 0.18s | total 814.3s | lr 0.00011
E4467/10000 | train 0.021638 | test 0.031539 | epoch 0.18s | total 814.4s | lr 0.00011
E4468/10000 | train 0.021658 | test 0.031499 | epoch 0.18s | total 814.6s | lr 0.00011
E4469/10000 | train 0.021636 | test 0.031438 | epoch 0.18s | total 814.8s | lr 0.00011
E4470/10000 | train 0.021602 | test 0.031471 | epoch 0.18s | total 815.0s | lr 0.00011
E4471/10000 | train 0.021582 | test 0.031483 | epoch 0.18s | total 815.2s | lr 0.00011
E4472/10000 | train 0.021594 | test 0.031480 | epoch 0.18s | total 815.4s | lr 0.00011
E4473/10000 | train 0.021576 | test 0.031487 | epoch 0.18s | total 815.6s | lr 0.00011
E4474/10000 | train 0.021596 | test 0.031486 | epoch 0.18s | total 815.7s | lr 0.00010
E4475/10000 | train 0.021575 | test 0.031453 | epoch 0.18s | total 815.9s | lr 0.00010
E4476/10000 | train 0.021570 | test 0.031491 | epoch 0.17s | total 816.1s | lr 0.00010
E4477/10000 | train 0.021555 | test 0.031519 | epoch 0.18s | total 816.3s | lr 0.00010
E4478/10000 | train 0.021536 | test 0.031495 | epoch 0.17s | total 816.5s | lr 0.00010
E4479/10000 | train 0.021527 | test 0.031471 | epoch 0.17s | total 816.7s | lr 0.00010
E4480/10000 | train 0.021526 | test 0.031467 | epoch 0.17s | total 816.8s | lr 0.00010
E4481/10000 | train 0.021518 | test 0.031455 | epoch 0.17s | total 817.0s | lr 0.00010
E4482/10000 | train 0.021542 | test 0.031504 | epoch 0.18s | total 817.2s | lr 0.00010
E4483/10000 | train 0.021548 | test 0.031462 | epoch 0.18s | total 817.4s | lr 0.00010
E4484/10000 | train 0.021557 | test 0.031509 | epoch 0.18s | total 817.6s | lr 0.00010
E4485/10000 | train 0.021571 | test 0.031481 | epoch 0.17s | total 817.8s | lr 0.00010
E4486/10000 | train 0.021550 | test 0.031527 | epoch 0.17s | total 817.9s | lr 0.00010
E4487/10000 | train 0.021575 | test 0.031550 | epoch 0.18s | total 818.1s | lr 0.00010
E4488/10000 | train 0.021555 | test 0.031556 | epoch 0.18s | total 818.3s | lr 0.00010
E4489/10000 | train 0.021549 | test 0.031528 | epoch 0.18s | total 818.5s | lr 0.00010
E4490/10000 | train 0.021539 | test 0.031516 | epoch 0.18s | total 818.7s | lr 0.00010
E4491/10000 | train 0.021528 | test 0.031512 | epoch 0.18s | total 818.9s | lr 0.00010
E4492/10000 | train 0.021515 | test 0.031544 | epoch 0.18s | total 819.0s | lr 0.00010
E4493/10000 | train 0.021510 | test 0.031524 | epoch 0.18s | total 819.2s | lr 0.00010
E4494/10000 | train 0.021511 | test 0.031519 | epoch 0.18s | total 819.4s | lr 0.00010
E4495/10000 | train 0.021503 | test 0.031512 | epoch 0.19s | total 819.6s | lr 0.00010
E4496/10000 | train 0.021489 | test 0.031490 | epoch 0.20s | total 819.8s | lr 0.00010
E4497/10000 | train 0.021490 | test 0.031513 | epoch 0.21s | total 820.0s | lr 0.00010
E4498/10000 | train 0.021495 | test 0.031574 | epoch 0.21s | total 820.2s | lr 0.00010
E4499/10000 | train 0.021496 | test 0.031558 | epoch 0.22s | total 820.5s | lr 0.00010
E4500/10000 | train 0.021514 | test 0.031538 | epoch 0.23s | total 820.7s | lr 0.00010
E4501/10000 | train 0.021553 | test 0.031540 | epoch 0.21s | total 820.9s | lr 0.00010
E4502/10000 | train 0.021549 | test 0.031563 | epoch 0.21s | total 821.2s | lr 0.00010
E4503/10000 | train 0.021552 | test 0.031525 | epoch 0.19s | total 821.4s | lr 0.00009
E4504/10000 | train 0.021540 | test 0.031556 | epoch 0.19s | total 821.6s | lr 0.00009
E4505/10000 | train 0.021546 | test 0.031577 | epoch 0.20s | total 821.8s | lr 0.00009
E4506/10000 | train 0.021516 | test 0.031579 | epoch 0.19s | total 822.0s | lr 0.00009
E4507/10000 | train 0.021527 | test 0.031630 | epoch 0.19s | total 822.1s | lr 0.00009
E4508/10000 | train 0.021506 | test 0.031552 | epoch 0.18s | total 822.3s | lr 0.00009
E4509/10000 | train 0.021500 | test 0.031557 | epoch 0.18s | total 822.5s | lr 0.00009
E4510/10000 | train 0.021503 | test 0.031554 | epoch 0.18s | total 822.7s | lr 0.00009
E4511/10000 | train 0.021503 | test 0.031534 | epoch 0.18s | total 822.9s | lr 0.00009
E4512/10000 | train 0.021471 | test 0.031562 | epoch 0.18s | total 823.1s | lr 0.00009
E4513/10000 | train 0.021481 | test 0.031567 | epoch 0.18s | total 823.3s | lr 0.00009
E4514/10000 | train 0.021488 | test 0.031575 | epoch 0.18s | total 823.5s | lr 0.00009
E4515/10000 | train 0.021446 | test 0.031562 | epoch 0.18s | total 823.7s | lr 0.00009
E4516/10000 | train 0.021450 | test 0.031588 | epoch 0.18s | total 823.9s | lr 0.00009
E4517/10000 | train 0.021481 | test 0.031561 | epoch 0.18s | total 824.0s | lr 0.00009
E4518/10000 | train 0.021455 | test 0.031561 | epoch 0.18s | total 824.2s | lr 0.00009
E4519/10000 | train 0.021459 | test 0.031536 | epoch 0.18s | total 824.4s | lr 0.00009
E4520/10000 | train 0.021481 | test 0.031547 | epoch 0.18s | total 824.6s | lr 0.00009
E4521/10000 | train 0.021472 | test 0.031557 | epoch 0.18s | total 824.8s | lr 0.00009
E4522/10000 | train 0.021447 | test 0.031577 | epoch 0.18s | total 825.0s | lr 0.00009
E4523/10000 | train 0.021479 | test 0.031614 | epoch 0.18s | total 825.2s | lr 0.00009
E4524/10000 | train 0.021497 | test 0.031578 | epoch 0.18s | total 825.4s | lr 0.00009
E4525/10000 | train 0.021503 | test 0.031657 | epoch 0.18s | total 825.5s | lr 0.00009
E4526/10000 | train 0.021506 | test 0.031642 | epoch 0.18s | total 825.7s | lr 0.00009
E4527/10000 | train 0.021466 | test 0.031609 | epoch 0.18s | total 825.9s | lr 0.00009
E4528/10000 | train 0.021439 | test 0.031577 | epoch 0.17s | total 826.1s | lr 0.00009
E4529/10000 | train 0.021438 | test 0.031587 | epoch 0.17s | total 826.3s | lr 0.00009
E4530/10000 | train 0.021451 | test 0.031576 | epoch 0.18s | total 826.5s | lr 0.00009
E4531/10000 | train 0.021436 | test 0.031578 | epoch 0.18s | total 826.6s | lr 0.00009
E4532/10000 | train 0.021452 | test 0.031589 | epoch 0.18s | total 826.8s | lr 0.00009
E4533/10000 | train 0.021443 | test 0.031594 | epoch 0.17s | total 827.0s | lr 0.00009
E4534/10000 | train 0.021430 | test 0.031586 | epoch 0.18s | total 827.2s | lr 0.00008
E4535/10000 | train 0.021423 | test 0.031593 | epoch 0.18s | total 827.4s | lr 0.00008
E4536/10000 | train 0.021407 | test 0.031581 | epoch 0.17s | total 827.6s | lr 0.00008
E4537/10000 | train 0.021388 | test 0.031563 | epoch 0.18s | total 827.7s | lr 0.00008
E4538/10000 | train 0.021398 | test 0.031598 | epoch 0.17s | total 827.9s | lr 0.00008
E4539/10000 | train 0.021400 | test 0.031618 | epoch 0.17s | total 828.1s | lr 0.00008
E4540/10000 | train 0.021385 | test 0.031617 | epoch 0.17s | total 828.3s | lr 0.00008
E4541/10000 | train 0.021401 | test 0.031594 | epoch 0.18s | total 828.5s | lr 0.00008
E4542/10000 | train 0.021398 | test 0.031605 | epoch 0.18s | total 828.6s | lr 0.00008
E4543/10000 | train 0.021382 | test 0.031611 | epoch 0.18s | total 828.8s | lr 0.00008
E4544/10000 | train 0.021377 | test 0.031591 | epoch 0.17s | total 829.0s | lr 0.00008
E4545/10000 | train 0.021378 | test 0.031606 | epoch 0.17s | total 829.2s | lr 0.00008
E4546/10000 | train 0.021404 | test 0.031594 | epoch 0.17s | total 829.4s | lr 0.00008
E4547/10000 | train 0.021417 | test 0.031610 | epoch 0.17s | total 829.6s | lr 0.00008
E4548/10000 | train 0.021418 | test 0.031597 | epoch 0.17s | total 829.7s | lr 0.00008
E4549/10000 | train 0.021400 | test 0.031622 | epoch 0.17s | total 829.9s | lr 0.00008
E4550/10000 | train 0.021375 | test 0.031613 | epoch 0.18s | total 830.1s | lr 0.00008
E4551/10000 | train 0.021364 | test 0.031606 | epoch 0.18s | total 830.3s | lr 0.00008
E4552/10000 | train 0.021379 | test 0.031609 | epoch 0.18s | total 830.5s | lr 0.00008
E4553/10000 | train 0.021382 | test 0.031618 | epoch 0.18s | total 830.7s | lr 0.00008
E4554/10000 | train 0.021383 | test 0.031624 | epoch 0.18s | total 830.8s | lr 0.00008
E4555/10000 | train 0.021383 | test 0.031622 | epoch 0.18s | total 831.0s | lr 0.00008
E4556/10000 | train 0.021359 | test 0.031614 | epoch 0.18s | total 831.2s | lr 0.00008
E4557/10000 | train 0.021364 | test 0.031622 | epoch 0.18s | total 831.4s | lr 0.00008
E4558/10000 | train 0.021381 | test 0.031621 | epoch 0.17s | total 831.6s | lr 0.00008
E4559/10000 | train 0.021381 | test 0.031605 | epoch 0.18s | total 831.8s | lr 0.00008
E4560/10000 | train 0.021365 | test 0.031631 | epoch 0.18s | total 832.0s | lr 0.00008
E4561/10000 | train 0.021383 | test 0.031553 | epoch 0.19s | total 832.2s | lr 0.00008
E4562/10000 | train 0.021389 | test 0.031582 | epoch 0.19s | total 832.4s | lr 0.00008
E4563/10000 | train 0.021393 | test 0.031571 | epoch 0.19s | total 832.5s | lr 0.00008
E4564/10000 | train 0.021396 | test 0.031548 | epoch 0.20s | total 832.8s | lr 0.00008
E4565/10000 | train 0.021372 | test 0.031528 | epoch 0.20s | total 833.0s | lr 0.00008
E4566/10000 | train 0.021372 | test 0.031580 | epoch 0.21s | total 833.2s | lr 0.00008
E4567/10000 | train 0.021367 | test 0.031565 | epoch 0.21s | total 833.4s | lr 0.00008
E4568/10000 | train 0.021399 | test 0.031584 | epoch 0.20s | total 833.6s | lr 0.00007
E4569/10000 | train 0.021404 | test 0.031593 | epoch 0.20s | total 833.8s | lr 0.00007
E4570/10000 | train 0.021394 | test 0.031573 | epoch 0.21s | total 834.0s | lr 0.00007
E4571/10000 | train 0.021367 | test 0.031588 | epoch 0.22s | total 834.2s | lr 0.00007
E4572/10000 | train 0.021367 | test 0.031601 | epoch 0.21s | total 834.5s | lr 0.00007
E4573/10000 | train 0.021352 | test 0.031602 | epoch 0.21s | total 834.7s | lr 0.00007
E4574/10000 | train 0.021374 | test 0.031580 | epoch 0.20s | total 834.9s | lr 0.00007
E4575/10000 | train 0.021376 | test 0.031580 | epoch 0.20s | total 835.1s | lr 0.00007
E4576/10000 | train 0.021367 | test 0.031545 | epoch 0.20s | total 835.3s | lr 0.00007
E4577/10000 | train 0.021367 | test 0.031549 | epoch 0.20s | total 835.5s | lr 0.00007
E4578/10000 | train 0.021347 | test 0.031566 | epoch 0.20s | total 835.7s | lr 0.00007
E4579/10000 | train 0.021337 | test 0.031552 | epoch 0.20s | total 835.9s | lr 0.00007
E4580/10000 | train 0.021355 | test 0.031592 | epoch 0.20s | total 836.1s | lr 0.00007
E4581/10000 | train 0.021326 | test 0.031562 | epoch 0.22s | total 836.4s | lr 0.00007
E4582/10000 | train 0.021337 | test 0.031569 | epoch 0.22s | total 836.6s | lr 0.00007
E4583/10000 | train 0.021324 | test 0.031580 | epoch 0.22s | total 836.8s | lr 0.00007
E4584/10000 | train 0.021311 | test 0.031567 | epoch 0.21s | total 837.0s | lr 0.00007
E4585/10000 | train 0.021326 | test 0.031574 | epoch 0.21s | total 837.3s | lr 0.00007
E4586/10000 | train 0.021305 | test 0.031586 | epoch 0.22s | total 837.5s | lr 0.00007
E4587/10000 | train 0.021307 | test 0.031575 | epoch 0.21s | total 837.7s | lr 0.00007
E4588/10000 | train 0.021316 | test 0.031586 | epoch 0.20s | total 837.9s | lr 0.00007
E4589/10000 | train 0.021335 | test 0.031619 | epoch 0.20s | total 838.1s | lr 0.00007
E4590/10000 | train 0.021311 | test 0.031627 | epoch 0.25s | total 838.4s | lr 0.00007
E4591/10000 | train 0.021323 | test 0.031601 | epoch 0.28s | total 838.7s | lr 0.00007
E4592/10000 | train 0.021339 | test 0.031616 | epoch 0.24s | total 838.9s | lr 0.00007
E4593/10000 | train 0.021337 | test 0.031608 | epoch 0.31s | total 839.3s | lr 0.00007
E4594/10000 | train 0.021330 | test 0.031639 | epoch 0.34s | total 839.6s | lr 0.00007
E4595/10000 | train 0.021325 | test 0.031631 | epoch 0.26s | total 839.9s | lr 0.00007
E4596/10000 | train 0.021343 | test 0.031620 | epoch 0.23s | total 840.1s | lr 0.00007
E4597/10000 | train 0.021335 | test 0.031592 | epoch 0.48s | total 840.6s | lr 0.00007
E4598/10000 | train 0.021334 | test 0.031637 | epoch 0.34s | total 841.0s | lr 0.00007
E4599/10000 | train 0.021320 | test 0.031635 | epoch 0.51s | total 841.5s | lr 0.00007
E4600/10000 | train 0.021343 | test 0.031635 | epoch 0.22s | total 841.7s | lr 0.00007
E4601/10000 | train 0.021391 | test 0.031606 | epoch 0.31s | total 842.0s | lr 0.00007
E4602/10000 | train 0.021360 | test 0.031601 | epoch 0.34s | total 842.4s | lr 0.00007
E4603/10000 | train 0.021379 | test 0.031602 | epoch 0.44s | total 842.8s | lr 0.00006
E4604/10000 | train 0.021419 | test 0.031626 | epoch 0.23s | total 843.1s | lr 0.00006
E4605/10000 | train 0.021392 | test 0.031628 | epoch 0.39s | total 843.5s | lr 0.00006
E4606/10000 | train 0.021411 | test 0.031631 | epoch 0.48s | total 844.0s | lr 0.00006
E4607/10000 | train 0.021401 | test 0.031613 | epoch 0.28s | total 844.3s | lr 0.00006
E4608/10000 | train 0.021382 | test 0.031650 | epoch 0.38s | total 844.7s | lr 0.00006
E4609/10000 | train 0.021360 | test 0.031611 | epoch 0.28s | total 844.9s | lr 0.00006
E4610/10000 | train 0.021351 | test 0.031615 | epoch 0.37s | total 845.3s | lr 0.00006
E4611/10000 | train 0.021349 | test 0.031582 | epoch 0.31s | total 845.6s | lr 0.00006
E4612/10000 | train 0.021330 | test 0.031607 | epoch 0.23s | total 845.9s | lr 0.00006
E4613/10000 | train 0.021325 | test 0.031617 | epoch 0.39s | total 846.3s | lr 0.00006
E4614/10000 | train 0.021328 | test 0.031624 | epoch 0.34s | total 846.6s | lr 0.00006
E4615/10000 | train 0.021316 | test 0.031621 | epoch 0.59s | total 847.3s | lr 0.00006
E4616/10000 | train 0.021321 | test 0.031609 | epoch 0.41s | total 847.7s | lr 0.00006
E4617/10000 | train 0.021313 | test 0.031615 | epoch 0.31s | total 848.0s | lr 0.00006
E4618/10000 | train 0.021319 | test 0.031618 | epoch 0.24s | total 848.2s | lr 0.00006
E4619/10000 | train 0.021312 | test 0.031627 | epoch 0.26s | total 848.5s | lr 0.00006
E4620/10000 | train 0.021311 | test 0.031611 | epoch 0.37s | total 848.9s | lr 0.00006
E4621/10000 | train 0.021323 | test 0.031608 | epoch 0.24s | total 849.1s | lr 0.00006
E4622/10000 | train 0.021311 | test 0.031636 | epoch 0.26s | total 849.4s | lr 0.00006
E4623/10000 | train 0.021306 | test 0.031605 | epoch 0.31s | total 849.7s | lr 0.00006
E4624/10000 | train 0.021289 | test 0.031618 | epoch 0.65s | total 850.4s | lr 0.00006
E4625/10000 | train 0.021284 | test 0.031616 | epoch 0.53s | total 851.0s | lr 0.00006
E4626/10000 | train 0.021291 | test 0.031638 | epoch 0.32s | total 851.3s | lr 0.00006
E4627/10000 | train 0.021312 | test 0.031627 | epoch 0.39s | total 851.7s | lr 0.00006
E4628/10000 | train 0.021298 | test 0.031614 | epoch 0.22s | total 851.9s | lr 0.00006
E4629/10000 | train 0.021292 | test 0.031613 | epoch 0.25s | total 852.2s | lr 0.00006
E4630/10000 | train 0.021311 | test 0.031617 | epoch 0.22s | total 852.4s | lr 0.00006
E4631/10000 | train 0.021291 | test 0.031617 | epoch 0.23s | total 852.7s | lr 0.00006
E4632/10000 | train 0.021293 | test 0.031627 | epoch 0.38s | total 853.1s | lr 0.00006
E4633/10000 | train 0.021281 | test 0.031657 | epoch 0.35s | total 853.4s | lr 0.00006
E4634/10000 | train 0.021271 | test 0.031647 | epoch 0.29s | total 853.7s | lr 0.00006
E4635/10000 | train 0.021272 | test 0.031626 | epoch 0.27s | total 854.0s | lr 0.00006
E4636/10000 | train 0.021275 | test 0.031646 | epoch 0.27s | total 854.3s | lr 0.00006
E4637/10000 | train 0.021273 | test 0.031642 | epoch 0.51s | total 854.8s | lr 0.00006
E4638/10000 | train 0.021259 | test 0.031655 | epoch 0.32s | total 855.1s | lr 0.00006
E4639/10000 | train 0.021272 | test 0.031648 | epoch 0.40s | total 855.6s | lr 0.00006
E4640/10000 | train 0.021261 | test 0.031696 | epoch 0.44s | total 856.0s | lr 0.00006
E4641/10000 | train 0.021280 | test 0.031660 | epoch 0.57s | total 856.6s | lr 0.00006
E4642/10000 | train 0.021275 | test 0.031657 | epoch 0.24s | total 856.8s | lr 0.00005
E4643/10000 | train 0.021268 | test 0.031668 | epoch 0.18s | total 857.0s | lr 0.00005
E4644/10000 | train 0.021251 | test 0.031646 | epoch 0.18s | total 857.2s | lr 0.00005
E4645/10000 | train 0.021260 | test 0.031686 | epoch 0.18s | total 857.4s | lr 0.00005
E4646/10000 | train 0.021251 | test 0.031660 | epoch 0.18s | total 857.6s | lr 0.00005
E4647/10000 | train 0.021252 | test 0.031659 | epoch 0.19s | total 857.8s | lr 0.00005
E4648/10000 | train 0.021243 | test 0.031665 | epoch 0.19s | total 858.0s | lr 0.00005
E4649/10000 | train 0.021258 | test 0.031671 | epoch 0.19s | total 858.2s | lr 0.00005
E4650/10000 | train 0.021250 | test 0.031674 | epoch 0.19s | total 858.4s | lr 0.00005
E4651/10000 | train 0.021251 | test 0.031661 | epoch 0.19s | total 858.6s | lr 0.00005
E4652/10000 | train 0.021260 | test 0.031671 | epoch 0.18s | total 858.7s | lr 0.00005
E4653/10000 | train 0.021237 | test 0.031673 | epoch 0.19s | total 858.9s | lr 0.00005
E4654/10000 | train 0.021243 | test 0.031657 | epoch 0.18s | total 859.1s | lr 0.00005
E4655/10000 | train 0.021245 | test 0.031663 | epoch 0.19s | total 859.3s | lr 0.00005
E4656/10000 | train 0.021265 | test 0.031625 | epoch 0.19s | total 859.5s | lr 0.00005
E4657/10000 | train 0.021290 | test 0.031625 | epoch 0.18s | total 859.7s | lr 0.00005
E4658/10000 | train 0.021347 | test 0.031671 | epoch 0.18s | total 859.9s | lr 0.00005
E4659/10000 | train 0.021335 | test 0.031685 | epoch 0.18s | total 860.1s | lr 0.00005
E4660/10000 | train 0.021326 | test 0.031700 | epoch 0.18s | total 860.3s | lr 0.00005
E4661/10000 | train 0.021311 | test 0.031715 | epoch 0.19s | total 860.5s | lr 0.00005
E4662/10000 | train 0.021291 | test 0.031707 | epoch 0.19s | total 860.7s | lr 0.00005
E4663/10000 | train 0.021293 | test 0.031704 | epoch 0.18s | total 860.9s | lr 0.00005
E4664/10000 | train 0.021290 | test 0.031674 | epoch 0.18s | total 861.0s | lr 0.00005
E4665/10000 | train 0.021287 | test 0.031697 | epoch 0.18s | total 861.2s | lr 0.00005
E4666/10000 | train 0.021287 | test 0.031724 | epoch 0.18s | total 861.4s | lr 0.00005
E4667/10000 | train 0.021296 | test 0.031681 | epoch 0.18s | total 861.6s | lr 0.00005
E4668/10000 | train 0.021286 | test 0.031690 | epoch 0.18s | total 861.8s | lr 0.00005
E4669/10000 | train 0.021267 | test 0.031664 | epoch 0.18s | total 862.0s | lr 0.00005
E4670/10000 | train 0.021271 | test 0.031672 | epoch 0.18s | total 862.2s | lr 0.00005
E4671/10000 | train 0.021261 | test 0.031691 | epoch 0.18s | total 862.4s | lr 0.00005
E4672/10000 | train 0.021266 | test 0.031698 | epoch 0.18s | total 862.5s | lr 0.00005
E4673/10000 | train 0.021264 | test 0.031697 | epoch 0.18s | total 862.7s | lr 0.00005
E4674/10000 | train 0.021248 | test 0.031701 | epoch 0.18s | total 862.9s | lr 0.00005
E4675/10000 | train 0.021262 | test 0.031708 | epoch 0.18s | total 863.1s | lr 0.00005
E4676/10000 | train 0.021256 | test 0.031720 | epoch 0.18s | total 863.3s | lr 0.00005
E4677/10000 | train 0.021264 | test 0.031681 | epoch 0.18s | total 863.5s | lr 0.00005
E4678/10000 | train 0.021246 | test 0.031714 | epoch 0.18s | total 863.7s | lr 0.00005
E4679/10000 | train 0.021256 | test 0.031715 | epoch 0.17s | total 863.8s | lr 0.00005
E4680/10000 | train 0.021249 | test 0.031736 | epoch 0.17s | total 864.0s | lr 0.00005
E4681/10000 | train 0.021257 | test 0.031724 | epoch 0.17s | total 864.2s | lr 0.00005
E4682/10000 | train 0.021243 | test 0.031710 | epoch 0.17s | total 864.4s | lr 0.00005
E4683/10000 | train 0.021237 | test 0.031735 | epoch 0.18s | total 864.6s | lr 0.00005
E4684/10000 | train 0.021250 | test 0.031724 | epoch 0.18s | total 864.7s | lr 0.00005
E4685/10000 | train 0.021235 | test 0.031712 | epoch 0.18s | total 864.9s | lr 0.00004
E4686/10000 | train 0.021234 | test 0.031709 | epoch 0.18s | total 865.1s | lr 0.00004
E4687/10000 | train 0.021239 | test 0.031719 | epoch 0.18s | total 865.3s | lr 0.00004
E4688/10000 | train 0.021247 | test 0.031728 | epoch 0.18s | total 865.5s | lr 0.00004
E4689/10000 | train 0.021239 | test 0.031749 | epoch 0.18s | total 865.7s | lr 0.00004
E4690/10000 | train 0.021232 | test 0.031755 | epoch 0.18s | total 865.9s | lr 0.00004
E4691/10000 | train 0.021231 | test 0.031725 | epoch 0.18s | total 866.1s | lr 0.00004
E4692/10000 | train 0.021217 | test 0.031714 | epoch 0.18s | total 866.2s | lr 0.00004
E4693/10000 | train 0.021223 | test 0.031735 | epoch 0.19s | total 866.4s | lr 0.00004
E4694/10000 | train 0.021228 | test 0.031740 | epoch 0.19s | total 866.6s | lr 0.00004
E4695/10000 | train 0.021236 | test 0.031737 | epoch 0.20s | total 866.9s | lr 0.00004
E4696/10000 | train 0.021229 | test 0.031714 | epoch 0.20s | total 867.1s | lr 0.00004
E4697/10000 | train 0.021213 | test 0.031743 | epoch 0.20s | total 867.3s | lr 0.00004
E4698/10000 | train 0.021209 | test 0.031716 | epoch 0.20s | total 867.5s | lr 0.00004
E4699/10000 | train 0.021223 | test 0.031714 | epoch 0.20s | total 867.7s | lr 0.00004
E4700/10000 | train 0.021214 | test 0.031733 | epoch 0.21s | total 867.9s | lr 0.00004
E4701/10000 | train 0.021216 | test 0.031745 | epoch 0.21s | total 868.1s | lr 0.00004
E4702/10000 | train 0.021214 | test 0.031698 | epoch 0.21s | total 868.3s | lr 0.00004
E4703/10000 | train 0.021207 | test 0.031706 | epoch 0.21s | total 868.5s | lr 0.00004
E4704/10000 | train 0.021209 | test 0.031738 | epoch 0.21s | total 868.8s | lr 0.00004
E4705/10000 | train 0.021212 | test 0.031723 | epoch 0.21s | total 869.0s | lr 0.00004
E4706/10000 | train 0.021212 | test 0.031746 | epoch 0.23s | total 869.2s | lr 0.00004
E4707/10000 | train 0.021218 | test 0.031715 | epoch 0.27s | total 869.5s | lr 0.00004
E4708/10000 | train 0.021210 | test 0.031729 | epoch 0.30s | total 869.8s | lr 0.00004
E4709/10000 | train 0.021214 | test 0.031734 | epoch 0.37s | total 870.2s | lr 0.00004
E4710/10000 | train 0.021210 | test 0.031731 | epoch 0.30s | total 870.5s | lr 0.00004
E4711/10000 | train 0.021206 | test 0.031720 | epoch 0.28s | total 870.8s | lr 0.00004
E4712/10000 | train 0.021209 | test 0.031742 | epoch 0.28s | total 871.1s | lr 0.00004
E4713/10000 | train 0.021199 | test 0.031714 | epoch 0.25s | total 871.3s | lr 0.00004
E4714/10000 | train 0.021194 | test 0.031731 | epoch 0.24s | total 871.6s | lr 0.00004
E4715/10000 | train 0.021206 | test 0.031729 | epoch 0.23s | total 871.8s | lr 0.00004
E4716/10000 | train 0.021191 | test 0.031736 | epoch 0.21s | total 872.0s | lr 0.00004
E4717/10000 | train 0.021212 | test 0.031753 | epoch 0.21s | total 872.3s | lr 0.00004
E4718/10000 | train 0.021196 | test 0.031734 | epoch 0.32s | total 872.6s | lr 0.00004
E4719/10000 | train 0.021198 | test 0.031752 | epoch 0.28s | total 872.9s | lr 0.00004
E4720/10000 | train 0.021198 | test 0.031744 | epoch 0.22s | total 873.1s | lr 0.00004
E4721/10000 | train 0.021191 | test 0.031731 | epoch 0.23s | total 873.3s | lr 0.00004
E4722/10000 | train 0.021210 | test 0.031736 | epoch 0.23s | total 873.6s | lr 0.00004
E4723/10000 | train 0.021191 | test 0.031731 | epoch 0.23s | total 873.8s | lr 0.00004
E4724/10000 | train 0.021185 | test 0.031750 | epoch 0.23s | total 874.0s | lr 0.00004
E4725/10000 | train 0.021202 | test 0.031728 | epoch 0.22s | total 874.3s | lr 0.00004
E4726/10000 | train 0.021197 | test 0.031706 | epoch 0.21s | total 874.5s | lr 0.00004
E4727/10000 | train 0.021196 | test 0.031731 | epoch 0.21s | total 874.7s | lr 0.00004
E4728/10000 | train 0.021199 | test 0.031704 | epoch 0.20s | total 874.9s | lr 0.00004
E4729/10000 | train 0.021185 | test 0.031703 | epoch 0.20s | total 875.1s | lr 0.00004
E4730/10000 | train 0.021184 | test 0.031716 | epoch 0.20s | total 875.3s | lr 0.00004
E4731/10000 | train 0.021190 | test 0.031730 | epoch 0.20s | total 875.6s | lr 0.00004
E4732/10000 | train 0.021200 | test 0.031700 | epoch 0.19s | total 875.8s | lr 0.00004
E4733/10000 | train 0.021181 | test 0.031706 | epoch 0.19s | total 876.0s | lr 0.00004
E4734/10000 | train 0.021198 | test 0.031722 | epoch 0.19s | total 876.1s | lr 0.00004
E4735/10000 | train 0.021184 | test 0.031713 | epoch 0.19s | total 876.3s | lr 0.00003
E4736/10000 | train 0.021177 | test 0.031719 | epoch 0.18s | total 876.5s | lr 0.00003
E4737/10000 | train 0.021188 | test 0.031723 | epoch 0.29s | total 876.8s | lr 0.00003
E4738/10000 | train 0.021182 | test 0.031695 | epoch 0.30s | total 877.1s | lr 0.00003
E4739/10000 | train 0.021171 | test 0.031702 | epoch 0.39s | total 877.5s | lr 0.00003
E4740/10000 | train 0.021178 | test 0.031715 | epoch 0.25s | total 877.8s | lr 0.00003
E4741/10000 | train 0.021180 | test 0.031702 | epoch 0.31s | total 878.1s | lr 0.00003
E4742/10000 | train 0.021168 | test 0.031729 | epoch 0.24s | total 878.4s | lr 0.00003
E4743/10000 | train 0.021187 | test 0.031730 | epoch 0.25s | total 878.6s | lr 0.00003
E4744/10000 | train 0.021170 | test 0.031717 | epoch 0.23s | total 878.9s | lr 0.00003
E4745/10000 | train 0.021186 | test 0.031737 | epoch 0.23s | total 879.1s | lr 0.00003
E4746/10000 | train 0.021172 | test 0.031713 | epoch 0.22s | total 879.3s | lr 0.00003
E4747/10000 | train 0.021183 | test 0.031725 | epoch 0.30s | total 879.6s | lr 0.00003
E4748/10000 | train 0.021168 | test 0.031732 | epoch 0.33s | total 880.0s | lr 0.00003
E4749/10000 | train 0.021163 | test 0.031708 | epoch 0.24s | total 880.2s | lr 0.00003
E4750/10000 | train 0.021169 | test 0.031728 | epoch 0.38s | total 880.6s | lr 0.00003
E4751/10000 | train 0.021175 | test 0.031714 | epoch 0.25s | total 880.9s | lr 0.00003
E4752/10000 | train 0.021160 | test 0.031724 | epoch 0.24s | total 881.1s | lr 0.00003
E4753/10000 | train 0.021159 | test 0.031737 | epoch 0.35s | total 881.5s | lr 0.00003
E4754/10000 | train 0.021171 | test 0.031728 | epoch 0.30s | total 881.8s | lr 0.00003
E4755/10000 | train 0.021156 | test 0.031712 | epoch 0.38s | total 882.2s | lr 0.00003
E4756/10000 | train 0.021172 | test 0.031697 | epoch 0.26s | total 882.5s | lr 0.00003
E4757/10000 | train 0.021162 | test 0.031701 | epoch 0.23s | total 882.7s | lr 0.00003
E4758/10000 | train 0.021154 | test 0.031711 | epoch 0.22s | total 882.9s | lr 0.00003
E4759/10000 | train 0.021149 | test 0.031705 | epoch 0.23s | total 883.2s | lr 0.00003
E4760/10000 | train 0.021156 | test 0.031716 | epoch 0.22s | total 883.4s | lr 0.00003
E4761/10000 | train 0.021141 | test 0.031723 | epoch 0.23s | total 883.6s | lr 0.00003
E4762/10000 | train 0.021156 | test 0.031721 | epoch 0.24s | total 883.9s | lr 0.00003
E4763/10000 | train 0.021155 | test 0.031727 | epoch 0.32s | total 884.2s | lr 0.00003
E4764/10000 | train 0.021161 | test 0.031727 | epoch 0.35s | total 884.6s | lr 0.00003
E4765/10000 | train 0.021150 | test 0.031724 | epoch 0.23s | total 884.8s | lr 0.00003
E4766/10000 | train 0.021161 | test 0.031729 | epoch 0.22s | total 885.0s | lr 0.00003
E4767/10000 | train 0.021162 | test 0.031710 | epoch 0.23s | total 885.3s | lr 0.00003
E4768/10000 | train 0.021165 | test 0.031734 | epoch 0.32s | total 885.6s | lr 0.00003
E4769/10000 | train 0.021149 | test 0.031716 | epoch 0.25s | total 885.9s | lr 0.00003
E4770/10000 | train 0.021151 | test 0.031709 | epoch 0.24s | total 886.1s | lr 0.00003
E4771/10000 | train 0.021155 | test 0.031742 | epoch 0.24s | total 886.4s | lr 0.00003
E4772/10000 | train 0.021145 | test 0.031713 | epoch 0.25s | total 886.6s | lr 0.00003
E4773/10000 | train 0.021156 | test 0.031728 | epoch 0.35s | total 887.0s | lr 0.00003
E4774/10000 | train 0.021157 | test 0.031728 | epoch 0.33s | total 887.3s | lr 0.00003
E4775/10000 | train 0.021151 | test 0.031727 | epoch 0.24s | total 887.6s | lr 0.00003
E4776/10000 | train 0.021141 | test 0.031714 | epoch 0.24s | total 887.8s | lr 0.00003
E4777/10000 | train 0.021141 | test 0.031731 | epoch 0.24s | total 888.1s | lr 0.00003
E4778/10000 | train 0.021147 | test 0.031731 | epoch 0.27s | total 888.4s | lr 0.00003
E4779/10000 | train 0.021150 | test 0.031734 | epoch 0.26s | total 888.6s | lr 0.00003
E4780/10000 | train 0.021146 | test 0.031735 | epoch 0.27s | total 888.9s | lr 0.00003
E4781/10000 | train 0.021133 | test 0.031736 | epoch 0.25s | total 889.2s | lr 0.00003
E4782/10000 | train 0.021144 | test 0.031750 | epoch 0.24s | total 889.4s | lr 0.00003
E4783/10000 | train 0.021144 | test 0.031732 | epoch 0.33s | total 889.8s | lr 0.00003
E4784/10000 | train 0.021121 | test 0.031718 | epoch 0.30s | total 890.1s | lr 0.00003
E4785/10000 | train 0.021126 | test 0.031724 | epoch 0.23s | total 890.3s | lr 0.00003
E4786/10000 | train 0.021134 | test 0.031719 | epoch 0.32s | total 890.6s | lr 0.00003
E4787/10000 | train 0.021145 | test 0.031745 | epoch 0.28s | total 890.9s | lr 0.00003
E4788/10000 | train 0.021130 | test 0.031735 | epoch 0.24s | total 891.2s | lr 0.00003
E4789/10000 | train 0.021134 | test 0.031724 | epoch 0.23s | total 891.4s | lr 0.00003
E4790/10000 | train 0.021127 | test 0.031751 | epoch 0.22s | total 891.6s | lr 0.00003
E4791/10000 | train 0.021137 | test 0.031739 | epoch 0.31s | total 892.0s | lr 0.00003
E4792/10000 | train 0.021148 | test 0.031750 | epoch 0.26s | total 892.2s | lr 0.00003
E4793/10000 | train 0.021130 | test 0.031742 | epoch 0.36s | total 892.6s | lr 0.00003
E4794/10000 | train 0.021119 | test 0.031746 | epoch 0.23s | total 892.8s | lr 0.00003
E4795/10000 | train 0.021132 | test 0.031742 | epoch 0.22s | total 893.1s | lr 0.00003
E4796/10000 | train 0.021122 | test 0.031728 | epoch 0.23s | total 893.3s | lr 0.00002
E4797/10000 | train 0.021135 | test 0.031724 | epoch 0.24s | total 893.6s | lr 0.00002
E4798/10000 | train 0.021125 | test 0.031736 | epoch 0.24s | total 893.8s | lr 0.00002
E4799/10000 | train 0.021128 | test 0.031731 | epoch 0.24s | total 894.0s | lr 0.00002
E4800/10000 | train 0.021123 | test 0.031745 | epoch 0.34s | total 894.4s | lr 0.00002
E4801/10000 | train 0.021125 | test 0.031753 | epoch 0.37s | total 894.8s | lr 0.00002
E4802/10000 | train 0.021131 | test 0.031732 | epoch 0.31s | total 895.1s | lr 0.00002
E4803/10000 | train 0.021129 | test 0.031721 | epoch 0.23s | total 895.3s | lr 0.00002
E4804/10000 | train 0.021126 | test 0.031736 | epoch 0.23s | total 895.6s | lr 0.00002
E4805/10000 | train 0.021125 | test 0.031722 | epoch 0.25s | total 895.8s | lr 0.00002
E4806/10000 | train 0.021134 | test 0.031733 | epoch 0.41s | total 896.3s | lr 0.00002
E4807/10000 | train 0.021135 | test 0.031754 | epoch 0.24s | total 896.5s | lr 0.00002
E4808/10000 | train 0.021121 | test 0.031741 | epoch 0.40s | total 896.9s | lr 0.00002
E4809/10000 | train 0.021121 | test 0.031742 | epoch 0.24s | total 897.2s | lr 0.00002
E4810/10000 | train 0.021124 | test 0.031735 | epoch 0.25s | total 897.4s | lr 0.00002
E4811/10000 | train 0.021133 | test 0.031746 | epoch 0.37s | total 897.8s | lr 0.00002
E4812/10000 | train 0.021119 | test 0.031744 | epoch 0.23s | total 898.0s | lr 0.00002
E4813/10000 | train 0.021118 | test 0.031742 | epoch 0.22s | total 898.3s | lr 0.00002
E4814/10000 | train 0.021122 | test 0.031741 | epoch 0.42s | total 898.7s | lr 0.00002
E4815/10000 | train 0.021109 | test 0.031733 | epoch 0.26s | total 899.0s | lr 0.00002
E4816/10000 | train 0.021111 | test 0.031724 | epoch 0.43s | total 899.4s | lr 0.00002
E4817/10000 | train 0.021130 | test 0.031733 | epoch 0.26s | total 899.7s | lr 0.00002
E4818/10000 | train 0.021122 | test 0.031749 | epoch 0.36s | total 900.1s | lr 0.00002
E4819/10000 | train 0.021116 | test 0.031737 | epoch 0.24s | total 900.3s | lr 0.00002
E4820/10000 | train 0.021127 | test 0.031753 | epoch 0.52s | total 900.8s | lr 0.00002
E4821/10000 | train 0.021119 | test 0.031725 | epoch 0.34s | total 901.2s | lr 0.00002
E4822/10000 | train 0.021101 | test 0.031740 | epoch 0.37s | total 901.6s | lr 0.00002
E4823/10000 | train 0.021107 | test 0.031735 | epoch 0.25s | total 901.8s | lr 0.00002
E4824/10000 | train 0.021100 | test 0.031751 | epoch 0.33s | total 902.2s | lr 0.00002
E4825/10000 | train 0.021106 | test 0.031743 | epoch 0.49s | total 902.7s | lr 0.00002
E4826/10000 | train 0.021106 | test 0.031760 | epoch 0.26s | total 902.9s | lr 0.00002
E4827/10000 | train 0.021121 | test 0.031738 | epoch 0.51s | total 903.5s | lr 0.00002
E4828/10000 | train 0.021115 | test 0.031727 | epoch 0.42s | total 903.9s | lr 0.00002
E4829/10000 | train 0.021109 | test 0.031726 | epoch 0.32s | total 904.2s | lr 0.00002
E4830/10000 | train 0.021118 | test 0.031730 | epoch 0.57s | total 904.8s | lr 0.00002
E4831/10000 | train 0.021117 | test 0.031751 | epoch 0.38s | total 905.2s | lr 0.00002
E4832/10000 | train 0.021114 | test 0.031741 | epoch 0.56s | total 905.8s | lr 0.00002
E4833/10000 | train 0.021112 | test 0.031725 | epoch 0.54s | total 906.4s | lr 0.00002
E4834/10000 | train 0.021112 | test 0.031717 | epoch 0.66s | total 907.0s | lr 0.00002
E4835/10000 | train 0.021114 | test 0.031724 | epoch 0.23s | total 907.3s | lr 0.00002
E4836/10000 | train 0.021094 | test 0.031726 | epoch 0.18s | total 907.5s | lr 0.00002
E4837/10000 | train 0.021099 | test 0.031728 | epoch 0.18s | total 907.6s | lr 0.00002
E4838/10000 | train 0.021109 | test 0.031737 | epoch 0.18s | total 907.8s | lr 0.00002
E4839/10000 | train 0.021106 | test 0.031738 | epoch 0.19s | total 908.0s | lr 0.00002
E4840/10000 | train 0.021109 | test 0.031723 | epoch 0.18s | total 908.2s | lr 0.00002
E4841/10000 | train 0.021108 | test 0.031734 | epoch 0.18s | total 908.4s | lr 0.00002
E4842/10000 | train 0.021092 | test 0.031737 | epoch 0.19s | total 908.6s | lr 0.00002
E4843/10000 | train 0.021107 | test 0.031742 | epoch 0.19s | total 908.8s | lr 0.00002
E4844/10000 | train 0.021100 | test 0.031731 | epoch 0.18s | total 909.0s | lr 0.00002
E4845/10000 | train 0.021093 | test 0.031751 | epoch 0.18s | total 909.2s | lr 0.00002
E4846/10000 | train 0.021101 | test 0.031759 | epoch 0.18s | total 909.4s | lr 0.00002
E4847/10000 | train 0.021096 | test 0.031731 | epoch 0.18s | total 909.6s | lr 0.00002
E4848/10000 | train 0.021095 | test 0.031730 | epoch 0.18s | total 909.7s | lr 0.00002
E4849/10000 | train 0.021103 | test 0.031742 | epoch 0.18s | total 909.9s | lr 0.00002
E4850/10000 | train 0.021095 | test 0.031730 | epoch 0.18s | total 910.1s | lr 0.00002
E4851/10000 | train 0.021103 | test 0.031739 | epoch 0.18s | total 910.3s | lr 0.00002
E4852/10000 | train 0.021088 | test 0.031741 | epoch 0.18s | total 910.5s | lr 0.00002
E4853/10000 | train 0.021092 | test 0.031746 | epoch 0.18s | total 910.7s | lr 0.00002
E4854/10000 | train 0.021097 | test 0.031758 | epoch 0.18s | total 910.9s | lr 0.00002
E4855/10000 | train 0.021099 | test 0.031733 | epoch 0.18s | total 911.1s | lr 0.00002
E4856/10000 | train 0.021096 | test 0.031738 | epoch 0.18s | total 911.3s | lr 0.00002
E4857/10000 | train 0.021095 | test 0.031744 | epoch 0.18s | total 911.4s | lr 0.00002
E4858/10000 | train 0.021088 | test 0.031752 | epoch 0.18s | total 911.6s | lr 0.00002
E4859/10000 | train 0.021098 | test 0.031754 | epoch 0.18s | total 911.8s | lr 0.00002
E4860/10000 | train 0.021099 | test 0.031755 | epoch 0.18s | total 912.0s | lr 0.00002
E4861/10000 | train 0.021084 | test 0.031745 | epoch 0.18s | total 912.2s | lr 0.00002
E4862/10000 | train 0.021090 | test 0.031748 | epoch 0.18s | total 912.4s | lr 0.00002
E4863/10000 | train 0.021094 | test 0.031719 | epoch 0.18s | total 912.6s | lr 0.00002
E4864/10000 | train 0.021078 | test 0.031722 | epoch 0.18s | total 912.7s | lr 0.00002
E4865/10000 | train 0.021086 | test 0.031749 | epoch 0.18s | total 912.9s | lr 0.00002
E4866/10000 | train 0.021088 | test 0.031750 | epoch 0.18s | total 913.1s | lr 0.00002
E4867/10000 | train 0.021083 | test 0.031744 | epoch 0.18s | total 913.3s | lr 0.00002
E4868/10000 | train 0.021080 | test 0.031726 | epoch 0.18s | total 913.5s | lr 0.00002
E4869/10000 | train 0.021099 | test 0.031728 | epoch 0.18s | total 913.7s | lr 0.00002
E4870/10000 | train 0.021086 | test 0.031742 | epoch 0.18s | total 913.9s | lr 0.00002
E4871/10000 | train 0.021078 | test 0.031735 | epoch 0.18s | total 914.1s | lr 0.00002
E4872/10000 | train 0.021086 | test 0.031743 | epoch 0.18s | total 914.3s | lr 0.00002
E4873/10000 | train 0.021088 | test 0.031749 | epoch 0.18s | total 914.4s | lr 0.00002
E4874/10000 | train 0.021082 | test 0.031741 | epoch 0.18s | total 914.6s | lr 0.00002
E4875/10000 | train 0.021084 | test 0.031740 | epoch 0.18s | total 914.8s | lr 0.00002
E4876/10000 | train 0.021076 | test 0.031726 | epoch 0.18s | total 915.0s | lr 0.00002
E4877/10000 | train 0.021074 | test 0.031754 | epoch 0.18s | total 915.2s | lr 0.00002
E4878/10000 | train 0.021068 | test 0.031726 | epoch 0.18s | total 915.4s | lr 0.00002
E4879/10000 | train 0.021084 | test 0.031724 | epoch 0.18s | total 915.6s | lr 0.00002
E4880/10000 | train 0.021094 | test 0.031739 | epoch 0.18s | total 915.8s | lr 0.00002
E4881/10000 | train 0.021082 | test 0.031748 | epoch 0.18s | total 916.0s | lr 0.00002
E4882/10000 | train 0.021079 | test 0.031737 | epoch 0.18s | total 916.2s | lr 0.00002
E4883/10000 | train 0.021073 | test 0.031731 | epoch 0.18s | total 916.3s | lr 0.00002
E4884/10000 | train 0.021074 | test 0.031747 | epoch 0.18s | total 916.5s | lr 0.00001
E4885/10000 | train 0.021084 | test 0.031737 | epoch 0.18s | total 916.7s | lr 0.00001
E4886/10000 | train 0.021078 | test 0.031745 | epoch 0.18s | total 916.9s | lr 0.00001
E4887/10000 | train 0.021072 | test 0.031766 | epoch 0.18s | total 917.1s | lr 0.00001
E4888/10000 | train 0.021072 | test 0.031756 | epoch 0.18s | total 917.3s | lr 0.00001
E4889/10000 | train 0.021078 | test 0.031766 | epoch 0.18s | total 917.5s | lr 0.00001
E4890/10000 | train 0.021083 | test 0.031752 | epoch 0.25s | total 917.7s | lr 0.00001
E4891/10000 | train 0.021077 | test 0.031757 | epoch 0.18s | total 917.9s | lr 0.00001
E4892/10000 | train 0.021078 | test 0.031741 | epoch 0.18s | total 918.1s | lr 0.00001
E4893/10000 | train 0.021076 | test 0.031747 | epoch 0.19s | total 918.3s | lr 0.00001
E4894/10000 | train 0.021073 | test 0.031758 | epoch 0.18s | total 918.5s | lr 0.00001
E4895/10000 | train 0.021077 | test 0.031747 | epoch 0.18s | total 918.7s | lr 0.00001
E4896/10000 | train 0.021072 | test 0.031748 | epoch 0.18s | total 918.9s | lr 0.00001
E4897/10000 | train 0.021075 | test 0.031747 | epoch 0.18s | total 919.1s | lr 0.00001
E4898/10000 | train 0.021076 | test 0.031738 | epoch 0.19s | total 919.3s | lr 0.00001
E4899/10000 | train 0.021067 | test 0.031771 | epoch 0.18s | total 919.5s | lr 0.00001
E4900/10000 | train 0.021073 | test 0.031740 | epoch 0.18s | total 919.7s | lr 0.00001
E4901/10000 | train 0.021079 | test 0.031755 | epoch 0.18s | total 919.8s | lr 0.00001
E4902/10000 | train 0.021074 | test 0.031733 | epoch 0.18s | total 920.0s | lr 0.00001
E4903/10000 | train 0.021067 | test 0.031745 | epoch 0.18s | total 920.2s | lr 0.00001
E4904/10000 | train 0.021072 | test 0.031749 | epoch 0.18s | total 920.4s | lr 0.00001
E4905/10000 | train 0.021067 | test 0.031744 | epoch 0.18s | total 920.6s | lr 0.00001
E4906/10000 | train 0.021053 | test 0.031739 | epoch 0.18s | total 920.8s | lr 0.00001
E4907/10000 | train 0.021075 | test 0.031737 | epoch 0.18s | total 921.0s | lr 0.00001
E4908/10000 | train 0.021080 | test 0.031746 | epoch 0.18s | total 921.1s | lr 0.00001
E4909/10000 | train 0.021082 | test 0.031748 | epoch 0.18s | total 921.3s | lr 0.00001
E4910/10000 | train 0.021077 | test 0.031750 | epoch 0.18s | total 921.5s | lr 0.00001
E4911/10000 | train 0.021073 | test 0.031735 | epoch 0.18s | total 921.7s | lr 0.00001
E4912/10000 | train 0.021065 | test 0.031738 | epoch 0.18s | total 921.9s | lr 0.00001
E4913/10000 | train 0.021073 | test 0.031756 | epoch 0.18s | total 922.1s | lr 0.00001
E4914/10000 | train 0.021078 | test 0.031755 | epoch 0.18s | total 922.3s | lr 0.00001
E4915/10000 | train 0.021081 | test 0.031764 | epoch 0.18s | total 922.5s | lr 0.00001
E4916/10000 | train 0.021077 | test 0.031766 | epoch 0.18s | total 922.6s | lr 0.00001
E4917/10000 | train 0.021077 | test 0.031757 | epoch 0.18s | total 922.8s | lr 0.00001
E4918/10000 | train 0.021060 | test 0.031762 | epoch 0.18s | total 923.0s | lr 0.00001
E4919/10000 | train 0.021067 | test 0.031763 | epoch 0.18s | total 923.2s | lr 0.00001
E4920/10000 | train 0.021084 | test 0.031774 | epoch 0.17s | total 923.4s | lr 0.00001
E4921/10000 | train 0.021067 | test 0.031769 | epoch 0.17s | total 923.6s | lr 0.00001
E4922/10000 | train 0.021067 | test 0.031782 | epoch 0.17s | total 923.7s | lr 0.00001
E4923/10000 | train 0.021068 | test 0.031751 | epoch 0.18s | total 923.9s | lr 0.00001
E4924/10000 | train 0.021071 | test 0.031763 | epoch 0.18s | total 924.1s | lr 0.00001
E4925/10000 | train 0.021049 | test 0.031749 | epoch 0.18s | total 924.3s | lr 0.00001
E4926/10000 | train 0.021062 | test 0.031747 | epoch 0.18s | total 924.5s | lr 0.00001
E4927/10000 | train 0.021069 | test 0.031751 | epoch 0.18s | total 924.7s | lr 0.00001
E4928/10000 | train 0.021074 | test 0.031767 | epoch 0.18s | total 924.8s | lr 0.00001
E4929/10000 | train 0.021071 | test 0.031766 | epoch 0.18s | total 925.0s | lr 0.00001
E4930/10000 | train 0.021064 | test 0.031770 | epoch 0.18s | total 925.2s | lr 0.00001
E4931/10000 | train 0.021062 | test 0.031764 | epoch 0.18s | total 925.4s | lr 0.00001
E4932/10000 | train 0.021065 | test 0.031780 | epoch 0.18s | total 925.6s | lr 0.00001
E4933/10000 | train 0.021058 | test 0.031769 | epoch 0.18s | total 925.8s | lr 0.00001
E4934/10000 | train 0.021054 | test 0.031767 | epoch 0.17s | total 925.9s | lr 0.00001
E4935/10000 | train 0.021058 | test 0.031771 | epoch 0.17s | total 926.1s | lr 0.00001
E4936/10000 | train 0.021063 | test 0.031767 | epoch 0.17s | total 926.3s | lr 0.00001
E4937/10000 | train 0.021071 | test 0.031757 | epoch 0.17s | total 926.5s | lr 0.00001
E4938/10000 | train 0.021061 | test 0.031763 | epoch 0.18s | total 926.7s | lr 0.00001
E4939/10000 | train 0.021057 | test 0.031774 | epoch 0.18s | total 926.9s | lr 0.00001
E4940/10000 | train 0.021062 | test 0.031761 | epoch 0.17s | total 927.0s | lr 0.00001
E4941/10000 | train 0.021065 | test 0.031759 | epoch 0.17s | total 927.2s | lr 0.00001
E4942/10000 | train 0.021064 | test 0.031777 | epoch 0.17s | total 927.4s | lr 0.00001
E4943/10000 | train 0.021061 | test 0.031788 | epoch 0.17s | total 927.6s | lr 0.00001
E4944/10000 | train 0.021059 | test 0.031767 | epoch 0.17s | total 927.8s | lr 0.00001
E4945/10000 | train 0.021057 | test 0.031760 | epoch 0.17s | total 927.9s | lr 0.00001
E4946/10000 | train 0.021057 | test 0.031772 | epoch 0.17s | total 928.1s | lr 0.00001
E4947/10000 | train 0.021061 | test 0.031745 | epoch 0.18s | total 928.3s | lr 0.00001
E4948/10000 | train 0.021061 | test 0.031758 | epoch 0.17s | total 928.5s | lr 0.00001
E4949/10000 | train 0.021059 | test 0.031767 | epoch 0.18s | total 928.7s | lr 0.00001
E4950/10000 | train 0.021066 | test 0.031781 | epoch 0.17s | total 928.9s | lr 0.00001
E4951/10000 | train 0.021067 | test 0.031780 | epoch 0.17s | total 929.0s | lr 0.00001
E4952/10000 | train 0.021046 | test 0.031784 | epoch 0.17s | total 929.2s | lr 0.00001
E4953/10000 | train 0.021062 | test 0.031773 | epoch 0.17s | total 929.4s | lr 0.00001
E4954/10000 | train 0.021057 | test 0.031776 | epoch 0.17s | total 929.6s | lr 0.00001
E4955/10000 | train 0.021064 | test 0.031787 | epoch 0.17s | total 929.8s | lr 0.00001
E4956/10000 | train 0.021051 | test 0.031780 | epoch 0.17s | total 929.9s | lr 0.00001
E4957/10000 | train 0.021063 | test 0.031749 | epoch 0.17s | total 930.1s | lr 0.00001
E4958/10000 | train 0.021068 | test 0.031779 | epoch 0.17s | total 930.3s | lr 0.00001
E4959/10000 | train 0.021059 | test 0.031765 | epoch 0.18s | total 930.5s | lr 0.00001
E4960/10000 | train 0.021052 | test 0.031770 | epoch 0.18s | total 930.7s | lr 0.00001
E4961/10000 | train 0.021062 | test 0.031779 | epoch 0.17s | total 930.8s | lr 0.00001
E4962/10000 | train 0.021059 | test 0.031768 | epoch 0.17s | total 931.0s | lr 0.00001
E4963/10000 | train 0.021046 | test 0.031780 | epoch 0.17s | total 931.2s | lr 0.00001
E4964/10000 | train 0.021062 | test 0.031755 | epoch 0.18s | total 931.4s | lr 0.00001
E4965/10000 | train 0.021055 | test 0.031782 | epoch 0.18s | total 931.6s | lr 0.00001
E4966/10000 | train 0.021044 | test 0.031768 | epoch 0.18s | total 931.8s | lr 0.00001
E4967/10000 | train 0.021062 | test 0.031775 | epoch 0.17s | total 931.9s | lr 0.00001
E4968/10000 | train 0.021042 | test 0.031767 | epoch 0.17s | total 932.1s | lr 0.00001
E4969/10000 | train 0.021048 | test 0.031770 | epoch 0.18s | total 932.3s | lr 0.00001
E4970/10000 | train 0.021059 | test 0.031772 | epoch 0.17s | total 932.5s | lr 0.00001
E4971/10000 | train 0.021056 | test 0.031766 | epoch 0.18s | total 932.7s | lr 0.00001
E4972/10000 | train 0.021053 | test 0.031769 | epoch 0.17s | total 932.8s | lr 0.00001
E4973/10000 | train 0.021049 | test 0.031778 | epoch 0.17s | total 933.0s | lr 0.00001
E4974/10000 | train 0.021055 | test 0.031780 | epoch 0.17s | total 933.2s | lr 0.00001
E4975/10000 | train 0.021056 | test 0.031777 | epoch 0.17s | total 933.4s | lr 0.00001
E4976/10000 | train 0.021053 | test 0.031775 | epoch 0.17s | total 933.6s | lr 0.00001
E4977/10000 | train 0.021059 | test 0.031772 | epoch 0.18s | total 933.8s | lr 0.00001
E4978/10000 | train 0.021056 | test 0.031768 | epoch 0.17s | total 933.9s | lr 0.00001
E4979/10000 | train 0.021063 | test 0.031762 | epoch 0.18s | total 934.1s | lr 0.00001
E4980/10000 | train 0.021038 | test 0.031766 | epoch 0.17s | total 934.3s | lr 0.00001
E4981/10000 | train 0.021046 | test 0.031776 | epoch 0.17s | total 934.5s | lr 0.00001
E4982/10000 | train 0.021051 | test 0.031780 | epoch 0.18s | total 934.7s | lr 0.00001
E4983/10000 | train 0.021052 | test 0.031776 | epoch 0.17s | total 934.9s | lr 0.00001
E4984/10000 | train 0.021051 | test 0.031776 | epoch 0.17s | total 935.0s | lr 0.00001
E4985/10000 | train 0.021063 | test 0.031773 | epoch 0.18s | total 935.2s | lr 0.00001
E4986/10000 | train 0.021046 | test 0.031772 | epoch 0.17s | total 935.4s | lr 0.00001
E4987/10000 | train 0.021047 | test 0.031771 | epoch 0.17s | total 935.6s | lr 0.00001
E4988/10000 | train 0.021053 | test 0.031780 | epoch 0.17s | total 935.8s | lr 0.00001
E4989/10000 | train 0.021050 | test 0.031772 | epoch 0.17s | total 935.9s | lr 0.00001
E4990/10000 | train 0.021055 | test 0.031766 | epoch 0.18s | total 936.1s | lr 0.00001
E4991/10000 | train 0.021058 | test 0.031773 | epoch 0.17s | total 936.3s | lr 0.00001
E4992/10000 | train 0.021054 | test 0.031774 | epoch 0.17s | total 936.5s | lr 0.00001
E4993/10000 | train 0.021050 | test 0.031769 | epoch 0.18s | total 936.7s | lr 0.00001
E4994/10000 | train 0.021058 | test 0.031785 | epoch 0.17s | total 936.9s | lr 0.00001
E4995/10000 | train 0.021045 | test 0.031781 | epoch 0.17s | total 937.0s | lr 0.00001
E4996/10000 | train 0.021055 | test 0.031774 | epoch 0.17s | total 937.2s | lr 0.00001
E4997/10000 | train 0.021058 | test 0.031772 | epoch 0.17s | total 937.4s | lr 0.00001
E4998/10000 | train 0.021055 | test 0.031779 | epoch 0.17s | total 937.6s | lr 0.00001
E4999/10000 | train 0.021059 | test 0.031781 | epoch 0.18s | total 937.8s | lr 0.00001
E5000/10000 | train 0.021050 | test 0.031768 | epoch 0.18s | total 937.9s | lr 0.00001
E5001/10000 | train 0.021052 | test 0.031773 | epoch 0.17s | total 938.1s | lr 0.00001
E5002/10000 | train 0.021047 | test 0.031788 | epoch 0.17s | total 938.3s | lr 0.00001
E5003/10000 | train 0.021723 | test 0.032097 | epoch 0.17s | total 938.5s | lr 0.00054
E5004/10000 | train 0.024554 | test 0.032671 | epoch 0.18s | total 938.7s | lr 0.00054
E5005/10000 | train 0.026969 | test 0.032515 | epoch 0.17s | total 938.9s | lr 0.00054
E5006/10000 | train 0.026903 | test 0.031887 | epoch 0.17s | total 939.0s | lr 0.00054
E5007/10000 | train 0.026035 | test 0.032211 | epoch 0.17s | total 939.2s | lr 0.00054
E5008/10000 | train 0.025971 | test 0.031701 | epoch 0.18s | total 939.4s | lr 0.00054
E5009/10000 | train 0.025138 | test 0.031518 | epoch 0.17s | total 939.6s | lr 0.00054
E5010/10000 | train 0.024748 | test 0.031492 | epoch 0.17s | total 939.8s | lr 0.00054
E5011/10000 | train 0.024490 | test 0.031412 | epoch 0.17s | total 939.9s | lr 0.00054
E5012/10000 | train 0.024503 | test 0.031521 | epoch 0.18s | total 940.1s | lr 0.00054
E5013/10000 | train 0.024605 | test 0.031393 | epoch 0.17s | total 940.3s | lr 0.00054
E5014/10000 | train 0.024390 | test 0.031461 | epoch 0.17s | total 940.5s | lr 0.00054
E5015/10000 | train 0.024358 | test 0.031315 | epoch 0.18s | total 940.7s | lr 0.00054
E5016/10000 | train 0.024117 | test 0.031207 | epoch 0.17s | total 940.9s | lr 0.00054
E5017/10000 | train 0.024366 | test 0.031306 | epoch 0.17s | total 941.0s | lr 0.00054
E5018/10000 | train 0.024143 | test 0.031222 | epoch 0.17s | total 941.2s | lr 0.00054
E5019/10000 | train 0.024125 | test 0.031246 | epoch 0.17s | total 941.4s | lr 0.00054
E5020/10000 | train 0.024117 | test 0.031297 | epoch 0.18s | total 941.6s | lr 0.00054
E5021/10000 | train 0.024006 | test 0.031290 | epoch 0.17s | total 941.8s | lr 0.00054
E5022/10000 | train 0.024052 | test 0.031266 | epoch 0.17s | total 941.9s | lr 0.00054
E5023/10000 | train 0.023818 | test 0.031332 | epoch 0.17s | total 942.1s | lr 0.00054
E5024/10000 | train 0.024400 | test 0.031415 | epoch 0.17s | total 942.3s | lr 0.00054
E5025/10000 | train 0.024513 | test 0.031485 | epoch 0.17s | total 942.5s | lr 0.00054
E5026/10000 | train 0.024307 | test 0.031480 | epoch 0.17s | total 942.7s | lr 0.00054
E5027/10000 | train 0.024106 | test 0.031393 | epoch 0.17s | total 942.9s | lr 0.00054
E5028/10000 | train 0.024003 | test 0.031459 | epoch 0.18s | total 943.0s | lr 0.00054
E5029/10000 | train 0.023888 | test 0.031530 | epoch 0.17s | total 943.2s | lr 0.00054
E5030/10000 | train 0.023880 | test 0.031338 | epoch 0.17s | total 943.4s | lr 0.00054
E5031/10000 | train 0.023841 | test 0.031385 | epoch 0.18s | total 943.6s | lr 0.00054
E5032/10000 | train 0.023791 | test 0.031424 | epoch 0.18s | total 943.8s | lr 0.00054
E5033/10000 | train 0.023718 | test 0.031284 | epoch 0.17s | total 943.9s | lr 0.00054
E5034/10000 | train 0.023823 | test 0.031292 | epoch 0.17s | total 944.1s | lr 0.00054
E5035/10000 | train 0.023740 | test 0.031310 | epoch 0.17s | total 944.3s | lr 0.00054
E5036/10000 | train 0.023650 | test 0.031207 | epoch 0.18s | total 944.5s | lr 0.00054
E5037/10000 | train 0.023545 | test 0.031324 | epoch 0.17s | total 944.7s | lr 0.00054
E5038/10000 | train 0.023572 | test 0.031343 | epoch 0.17s | total 944.9s | lr 0.00054
E5039/10000 | train 0.023476 | test 0.031286 | epoch 0.18s | total 945.0s | lr 0.00054
E5040/10000 | train 0.023602 | test 0.031321 | epoch 0.17s | total 945.2s | lr 0.00054
E5041/10000 | train 0.023583 | test 0.031117 | epoch 0.18s | total 945.4s | lr 0.00054
E5042/10000 | train 0.023686 | test 0.031289 | epoch 0.18s | total 945.6s | lr 0.00054
E5043/10000 | train 0.023666 | test 0.031226 | epoch 0.18s | total 945.8s | lr 0.00054
E5044/10000 | train 0.023469 | test 0.031144 | epoch 0.17s | total 946.0s | lr 0.00054
E5045/10000 | train 0.023507 | test 0.031280 | epoch 0.17s | total 946.1s | lr 0.00054
E5046/10000 | train 0.023364 | test 0.031242 | epoch 0.17s | total 946.3s | lr 0.00054
E5047/10000 | train 0.023426 | test 0.031249 | epoch 0.18s | total 946.5s | lr 0.00054
E5048/10000 | train 0.023385 | test 0.031176 | epoch 0.18s | total 946.7s | lr 0.00054
E5049/10000 | train 0.023417 | test 0.031227 | epoch 0.17s | total 946.9s | lr 0.00054
E5050/10000 | train 0.023409 | test 0.031321 | epoch 0.17s | total 947.0s | lr 0.00054
E5051/10000 | train 0.023576 | test 0.031288 | epoch 0.17s | total 947.2s | lr 0.00054
E5052/10000 | train 0.023580 | test 0.031200 | epoch 0.17s | total 947.4s | lr 0.00054
E5053/10000 | train 0.023513 | test 0.031281 | epoch 0.17s | total 947.6s | lr 0.00054
E5054/10000 | train 0.023422 | test 0.031382 | epoch 0.17s | total 947.8s | lr 0.00054
E5055/10000 | train 0.023326 | test 0.031197 | epoch 0.17s | total 948.0s | lr 0.00054
E5056/10000 | train 0.023307 | test 0.031276 | epoch 0.17s | total 948.1s | lr 0.00054
E5057/10000 | train 0.023396 | test 0.031250 | epoch 0.17s | total 948.3s | lr 0.00054
E5058/10000 | train 0.023439 | test 0.031298 | epoch 0.17s | total 948.5s | lr 0.00054
E5059/10000 | train 0.023385 | test 0.031245 | epoch 0.17s | total 948.7s | lr 0.00054
E5060/10000 | train 0.023415 | test 0.031269 | epoch 0.18s | total 948.8s | lr 0.00054
E5061/10000 | train 0.023476 | test 0.031332 | epoch 0.17s | total 949.0s | lr 0.00054
E5062/10000 | train 0.023371 | test 0.031249 | epoch 0.17s | total 949.2s | lr 0.00054
E5063/10000 | train 0.023226 | test 0.031219 | epoch 0.18s | total 949.4s | lr 0.00054
E5064/10000 | train 0.023200 | test 0.031320 | epoch 0.17s | total 949.6s | lr 0.00054
E5065/10000 | train 0.023354 | test 0.031189 | epoch 0.17s | total 949.8s | lr 0.00054
E5066/10000 | train 0.023435 | test 0.031199 | epoch 0.18s | total 949.9s | lr 0.00054
E5067/10000 | train 0.023387 | test 0.031212 | epoch 0.17s | total 950.1s | lr 0.00054
E5068/10000 | train 0.023282 | test 0.031175 | epoch 0.18s | total 950.3s | lr 0.00054
E5069/10000 | train 0.023216 | test 0.031136 | epoch 0.17s | total 950.5s | lr 0.00054
E5070/10000 | train 0.023125 | test 0.031188 | epoch 0.18s | total 950.7s | lr 0.00054
E5071/10000 | train 0.023432 | test 0.031351 | epoch 0.18s | total 950.9s | lr 0.00054
E5072/10000 | train 0.023536 | test 0.031357 | epoch 0.17s | total 951.0s | lr 0.00054
E5073/10000 | train 0.023421 | test 0.031325 | epoch 0.17s | total 951.2s | lr 0.00054
E5074/10000 | train 0.023309 | test 0.031278 | epoch 0.17s | total 951.4s | lr 0.00054
E5075/10000 | train 0.023233 | test 0.031332 | epoch 0.18s | total 951.6s | lr 0.00054
E5076/10000 | train 0.023289 | test 0.031316 | epoch 0.18s | total 951.8s | lr 0.00054
E5077/10000 | train 0.023378 | test 0.031366 | epoch 0.17s | total 951.9s | lr 0.00054
E5078/10000 | train 0.023333 | test 0.031227 | epoch 0.17s | total 952.1s | lr 0.00054
E5079/10000 | train 0.023347 | test 0.031196 | epoch 0.18s | total 952.3s | lr 0.00054
E5080/10000 | train 0.023585 | test 0.031219 | epoch 0.17s | total 952.5s | lr 0.00054
E5081/10000 | train 0.023479 | test 0.031116 | epoch 0.18s | total 952.7s | lr 0.00054
E5082/10000 | train 0.023327 | test 0.031237 | epoch 0.17s | total 952.9s | lr 0.00054
E5083/10000 | train 0.023348 | test 0.031187 | epoch 0.17s | total 953.0s | lr 0.00054
E5084/10000 | train 0.023388 | test 0.031316 | epoch 0.18s | total 953.2s | lr 0.00054
E5085/10000 | train 0.023443 | test 0.031248 | epoch 0.17s | total 953.4s | lr 0.00054
E5086/10000 | train 0.023350 | test 0.031326 | epoch 0.17s | total 953.6s | lr 0.00054
E5087/10000 | train 0.023357 | test 0.031262 | epoch 0.17s | total 953.8s | lr 0.00054
E5088/10000 | train 0.023314 | test 0.031325 | epoch 0.17s | total 953.9s | lr 0.00054
E5089/10000 | train 0.023393 | test 0.031293 | epoch 0.17s | total 954.1s | lr 0.00054
E5090/10000 | train 0.023396 | test 0.031382 | epoch 0.17s | total 954.3s | lr 0.00054
E5091/10000 | train 0.023508 | test 0.031249 | epoch 0.17s | total 954.5s | lr 0.00054
E5092/10000 | train 0.023451 | test 0.031360 | epoch 0.17s | total 954.7s | lr 0.00054
E5093/10000 | train 0.023413 | test 0.031357 | epoch 0.17s | total 954.8s | lr 0.00054
E5094/10000 | train 0.023609 | test 0.031252 | epoch 0.17s | total 955.0s | lr 0.00054
E5095/10000 | train 0.023417 | test 0.031156 | epoch 0.17s | total 955.2s | lr 0.00054
E5096/10000 | train 0.023401 | test 0.031000 | epoch 0.18s | total 955.4s | lr 0.00054
E5097/10000 | train 0.023348 | test 0.031106 | epoch 0.17s | total 955.6s | lr 0.00054
E5098/10000 | train 0.023316 | test 0.031113 | epoch 0.18s | total 955.7s | lr 0.00054
E5099/10000 | train 0.023419 | test 0.031080 | epoch 0.18s | total 955.9s | lr 0.00054
E5100/10000 | train 0.023615 | test 0.031180 | epoch 0.17s | total 956.1s | lr 0.00054
E5101/10000 | train 0.023596 | test 0.031166 | epoch 0.17s | total 956.3s | lr 0.00054
E5102/10000 | train 0.023469 | test 0.031002 | epoch 0.17s | total 956.5s | lr 0.00054
E5103/10000 | train 0.023427 | test 0.031057 | epoch 0.18s | total 956.7s | lr 0.00054
E5104/10000 | train 0.023341 | test 0.031153 | epoch 0.17s | total 956.8s | lr 0.00054
E5105/10000 | train 0.023252 | test 0.031096 | epoch 0.17s | total 957.0s | lr 0.00054
E5106/10000 | train 0.023269 | test 0.031149 | epoch 0.17s | total 957.2s | lr 0.00054
E5107/10000 | train 0.023338 | test 0.031199 | epoch 0.18s | total 957.4s | lr 0.00054
E5108/10000 | train 0.023460 | test 0.031236 | epoch 0.18s | total 957.6s | lr 0.00054
E5109/10000 | train 0.023458 | test 0.031209 | epoch 0.18s | total 957.8s | lr 0.00054
E5110/10000 | train 0.023240 | test 0.031114 | epoch 0.18s | total 957.9s | lr 0.00054
E5111/10000 | train 0.023184 | test 0.031077 | epoch 0.17s | total 958.1s | lr 0.00054
E5112/10000 | train 0.023183 | test 0.031125 | epoch 0.17s | total 958.3s | lr 0.00054
E5113/10000 | train 0.023222 | test 0.031101 | epoch 0.18s | total 958.5s | lr 0.00054
E5114/10000 | train 0.023544 | test 0.031162 | epoch 0.18s | total 958.7s | lr 0.00054
E5115/10000 | train 0.023393 | test 0.031161 | epoch 0.17s | total 958.9s | lr 0.00054
E5116/10000 | train 0.023447 | test 0.031220 | epoch 0.18s | total 959.0s | lr 0.00054
E5117/10000 | train 0.023514 | test 0.031074 | epoch 0.17s | total 959.2s | lr 0.00054
E5118/10000 | train 0.023471 | test 0.031054 | epoch 0.18s | total 959.4s | lr 0.00054
E5119/10000 | train 0.023455 | test 0.031221 | epoch 0.18s | total 959.6s | lr 0.00054
E5120/10000 | train 0.023406 | test 0.031081 | epoch 0.18s | total 959.8s | lr 0.00054
E5121/10000 | train 0.023341 | test 0.031060 | epoch 0.17s | total 959.9s | lr 0.00054
E5122/10000 | train 0.023271 | test 0.031035 | epoch 0.18s | total 960.1s | lr 0.00054
E5123/10000 | train 0.023353 | test 0.031219 | epoch 0.18s | total 960.3s | lr 0.00054
E5124/10000 | train 0.023402 | test 0.031074 | epoch 0.18s | total 960.5s | lr 0.00054
E5125/10000 | train 0.023306 | test 0.031114 | epoch 0.18s | total 960.7s | lr 0.00054
E5126/10000 | train 0.023302 | test 0.031140 | epoch 0.18s | total 960.9s | lr 0.00054
E5127/10000 | train 0.023267 | test 0.031207 | epoch 0.18s | total 961.1s | lr 0.00054
E5128/10000 | train 0.023247 | test 0.031142 | epoch 0.17s | total 961.2s | lr 0.00054
E5129/10000 | train 0.023163 | test 0.031156 | epoch 0.17s | total 961.4s | lr 0.00054
E5130/10000 | train 0.023256 | test 0.031020 | epoch 0.18s | total 961.6s | lr 0.00054
E5131/10000 | train 0.023132 | test 0.031082 | epoch 0.18s | total 961.8s | lr 0.00054
E5132/10000 | train 0.023075 | test 0.030997 | epoch 0.18s | total 962.0s | lr 0.00054
E5133/10000 | train 0.023220 | test 0.031099 | epoch 0.18s | total 962.2s | lr 0.00054
E5134/10000 | train 0.023109 | test 0.031062 | epoch 0.18s | total 962.3s | lr 0.00054
E5135/10000 | train 0.022994 | test 0.031055 | epoch 0.18s | total 962.5s | lr 0.00054
E5136/10000 | train 0.022974 | test 0.030990 | epoch 0.18s | total 962.7s | lr 0.00054
E5137/10000 | train 0.023077 | test 0.031017 | epoch 0.17s | total 962.9s | lr 0.00054
E5138/10000 | train 0.023172 | test 0.031092 | epoch 0.17s | total 963.1s | lr 0.00054
E5139/10000 | train 0.023140 | test 0.031080 | epoch 0.18s | total 963.3s | lr 0.00054
E5140/10000 | train 0.023291 | test 0.031118 | epoch 0.18s | total 963.4s | lr 0.00054
E5141/10000 | train 0.023202 | test 0.031047 | epoch 0.17s | total 963.6s | lr 0.00054
E5142/10000 | train 0.023206 | test 0.031058 | epoch 0.18s | total 963.8s | lr 0.00054
E5143/10000 | train 0.023359 | test 0.031121 | epoch 0.17s | total 964.0s | lr 0.00054
E5144/10000 | train 0.023297 | test 0.031148 | epoch 0.18s | total 964.2s | lr 0.00054
E5145/10000 | train 0.023113 | test 0.031108 | epoch 0.17s | total 964.4s | lr 0.00054
E5146/10000 | train 0.023234 | test 0.031101 | epoch 0.17s | total 964.5s | lr 0.00054
E5147/10000 | train 0.023201 | test 0.031073 | epoch 0.17s | total 964.7s | lr 0.00054
E5148/10000 | train 0.023194 | test 0.031181 | epoch 0.17s | total 964.9s | lr 0.00054
E5149/10000 | train 0.023119 | test 0.031188 | epoch 0.17s | total 965.1s | lr 0.00054
E5150/10000 | train 0.023101 | test 0.030971 | epoch 0.17s | total 965.3s | lr 0.00054
E5151/10000 | train 0.023163 | test 0.030945 | epoch 0.17s | total 965.4s | lr 0.00054
E5152/10000 | train 0.023257 | test 0.031043 | epoch 0.18s | total 965.6s | lr 0.00054
E5153/10000 | train 0.023261 | test 0.031103 | epoch 0.18s | total 965.8s | lr 0.00054
E5154/10000 | train 0.023218 | test 0.031088 | epoch 0.18s | total 966.0s | lr 0.00054
E5155/10000 | train 0.023072 | test 0.030972 | epoch 0.17s | total 966.2s | lr 0.00054
E5156/10000 | train 0.022882 | test 0.031134 | epoch 0.17s | total 966.4s | lr 0.00054
E5157/10000 | train 0.022903 | test 0.030954 | epoch 0.18s | total 966.5s | lr 0.00054
E5158/10000 | train 0.022892 | test 0.031119 | epoch 0.18s | total 966.7s | lr 0.00053
E5159/10000 | train 0.023043 | test 0.031042 | epoch 0.17s | total 966.9s | lr 0.00053
E5160/10000 | train 0.023182 | test 0.031043 | epoch 0.17s | total 967.1s | lr 0.00053
E5161/10000 | train 0.023391 | test 0.031174 | epoch 0.17s | total 967.3s | lr 0.00053
E5162/10000 | train 0.023350 | test 0.031121 | epoch 0.17s | total 967.5s | lr 0.00053
E5163/10000 | train 0.023263 | test 0.031091 | epoch 0.18s | total 967.6s | lr 0.00053
E5164/10000 | train 0.023254 | test 0.031010 | epoch 0.18s | total 967.8s | lr 0.00053
E5165/10000 | train 0.023157 | test 0.031180 | epoch 0.18s | total 968.0s | lr 0.00053
E5166/10000 | train 0.023097 | test 0.031265 | epoch 0.17s | total 968.2s | lr 0.00053
E5167/10000 | train 0.023147 | test 0.031178 | epoch 0.17s | total 968.4s | lr 0.00053
E5168/10000 | train 0.023171 | test 0.031138 | epoch 0.17s | total 968.5s | lr 0.00053
E5169/10000 | train 0.023204 | test 0.031164 | epoch 0.18s | total 968.7s | lr 0.00053
E5170/10000 | train 0.023173 | test 0.031111 | epoch 0.17s | total 968.9s | lr 0.00053
E5171/10000 | train 0.023106 | test 0.031231 | epoch 0.17s | total 969.1s | lr 0.00053
E5172/10000 | train 0.022945 | test 0.031098 | epoch 0.18s | total 969.3s | lr 0.00053
E5173/10000 | train 0.023085 | test 0.031136 | epoch 0.17s | total 969.5s | lr 0.00053
E5174/10000 | train 0.023208 | test 0.031160 | epoch 0.17s | total 969.6s | lr 0.00053
E5175/10000 | train 0.023150 | test 0.031099 | epoch 0.18s | total 969.8s | lr 0.00053
E5176/10000 | train 0.023101 | test 0.031010 | epoch 0.17s | total 970.0s | lr 0.00053
E5177/10000 | train 0.023165 | test 0.031124 | epoch 0.17s | total 970.2s | lr 0.00053
E5178/10000 | train 0.023050 | test 0.030959 | epoch 0.17s | total 970.4s | lr 0.00053
E5179/10000 | train 0.023133 | test 0.031155 | epoch 0.18s | total 970.6s | lr 0.00053
E5180/10000 | train 0.023228 | test 0.031157 | epoch 0.18s | total 970.7s | lr 0.00053
E5181/10000 | train 0.023291 | test 0.031231 | epoch 0.18s | total 970.9s | lr 0.00053
E5182/10000 | train 0.023257 | test 0.031120 | epoch 0.17s | total 971.1s | lr 0.00053
E5183/10000 | train 0.023225 | test 0.031130 | epoch 0.17s | total 971.3s | lr 0.00053
E5184/10000 | train 0.023118 | test 0.030992 | epoch 0.17s | total 971.5s | lr 0.00053
E5185/10000 | train 0.023033 | test 0.031085 | epoch 0.17s | total 971.6s | lr 0.00053
E5186/10000 | train 0.023098 | test 0.031062 | epoch 0.18s | total 971.8s | lr 0.00053
E5187/10000 | train 0.023222 | test 0.031135 | epoch 0.17s | total 972.0s | lr 0.00053
E5188/10000 | train 0.023308 | test 0.031118 | epoch 0.17s | total 972.2s | lr 0.00053
E5189/10000 | train 0.023148 | test 0.031159 | epoch 0.18s | total 972.4s | lr 0.00053
E5190/10000 | train 0.023034 | test 0.031113 | epoch 0.17s | total 972.6s | lr 0.00053
E5191/10000 | train 0.023072 | test 0.031175 | epoch 0.18s | total 972.7s | lr 0.00053
E5192/10000 | train 0.023087 | test 0.031120 | epoch 0.17s | total 972.9s | lr 0.00053
E5193/10000 | train 0.023019 | test 0.031161 | epoch 0.17s | total 973.1s | lr 0.00053
E5194/10000 | train 0.023046 | test 0.031119 | epoch 0.18s | total 973.3s | lr 0.00053
E5195/10000 | train 0.023050 | test 0.031071 | epoch 0.17s | total 973.5s | lr 0.00053
E5196/10000 | train 0.022974 | test 0.031018 | epoch 0.18s | total 973.7s | lr 0.00053
E5197/10000 | train 0.023088 | test 0.031064 | epoch 0.18s | total 973.8s | lr 0.00053
E5198/10000 | train 0.023064 | test 0.031049 | epoch 0.17s | total 974.0s | lr 0.00053
E5199/10000 | train 0.023034 | test 0.031090 | epoch 0.17s | total 974.2s | lr 0.00053
E5200/10000 | train 0.023072 | test 0.031108 | epoch 0.17s | total 974.4s | lr 0.00053
E5201/10000 | train 0.023029 | test 0.031111 | epoch 0.17s | total 974.6s | lr 0.00053
E5202/10000 | train 0.023002 | test 0.031084 | epoch 0.17s | total 974.7s | lr 0.00053
E5203/10000 | train 0.023081 | test 0.031183 | epoch 0.17s | total 974.9s | lr 0.00053
E5204/10000 | train 0.023035 | test 0.031162 | epoch 0.18s | total 975.1s | lr 0.00053
E5205/10000 | train 0.022919 | test 0.031112 | epoch 0.17s | total 975.3s | lr 0.00053
E5206/10000 | train 0.022915 | test 0.031095 | epoch 0.17s | total 975.5s | lr 0.00053
E5207/10000 | train 0.022875 | test 0.031016 | epoch 0.17s | total 975.7s | lr 0.00053
E5208/10000 | train 0.022745 | test 0.031093 | epoch 0.17s | total 975.8s | lr 0.00053
E5209/10000 | train 0.022738 | test 0.030991 | epoch 0.17s | total 976.0s | lr 0.00053
E5210/10000 | train 0.022741 | test 0.031043 | epoch 0.17s | total 976.2s | lr 0.00053
E5211/10000 | train 0.022756 | test 0.030967 | epoch 0.17s | total 976.4s | lr 0.00053
E5212/10000 | train 0.022742 | test 0.031047 | epoch 0.17s | total 976.6s | lr 0.00053
E5213/10000 | train 0.022754 | test 0.031148 | epoch 0.17s | total 976.7s | lr 0.00053
E5214/10000 | train 0.022864 | test 0.031024 | epoch 0.17s | total 976.9s | lr 0.00053
E5215/10000 | train 0.022969 | test 0.031060 | epoch 0.17s | total 977.1s | lr 0.00053
E5216/10000 | train 0.022910 | test 0.031152 | epoch 0.17s | total 977.3s | lr 0.00053
E5217/10000 | train 0.022836 | test 0.031085 | epoch 0.17s | total 977.5s | lr 0.00053
E5218/10000 | train 0.023062 | test 0.031146 | epoch 0.17s | total 977.6s | lr 0.00053
E5219/10000 | train 0.023065 | test 0.031263 | epoch 0.17s | total 977.8s | lr 0.00053
E5220/10000 | train 0.022983 | test 0.031153 | epoch 0.17s | total 978.0s | lr 0.00053
E5221/10000 | train 0.022946 | test 0.031225 | epoch 0.17s | total 978.2s | lr 0.00053
E5222/10000 | train 0.022957 | test 0.031141 | epoch 0.17s | total 978.4s | lr 0.00053
E5223/10000 | train 0.023027 | test 0.031189 | epoch 0.17s | total 978.5s | lr 0.00053
E5224/10000 | train 0.023228 | test 0.031103 | epoch 0.17s | total 978.7s | lr 0.00053
E5225/10000 | train 0.023015 | test 0.031127 | epoch 0.18s | total 978.9s | lr 0.00053
E5226/10000 | train 0.022946 | test 0.031136 | epoch 0.18s | total 979.1s | lr 0.00053
E5227/10000 | train 0.023114 | test 0.031100 | epoch 0.17s | total 979.3s | lr 0.00053
E5228/10000 | train 0.023222 | test 0.031154 | epoch 0.17s | total 979.5s | lr 0.00053
E5229/10000 | train 0.023047 | test 0.031208 | epoch 0.17s | total 979.6s | lr 0.00053
E5230/10000 | train 0.023164 | test 0.031099 | epoch 0.17s | total 979.8s | lr 0.00053
E5231/10000 | train 0.023221 | test 0.031129 | epoch 0.17s | total 980.0s | lr 0.00053
E5232/10000 | train 0.023260 | test 0.031082 | epoch 0.17s | total 980.2s | lr 0.00053
E5233/10000 | train 0.023276 | test 0.031060 | epoch 0.17s | total 980.4s | lr 0.00053
E5234/10000 | train 0.023174 | test 0.031032 | epoch 0.17s | total 980.5s | lr 0.00053
E5235/10000 | train 0.023097 | test 0.030953 | epoch 0.18s | total 980.7s | lr 0.00053
E5236/10000 | train 0.023078 | test 0.031154 | epoch 0.17s | total 980.9s | lr 0.00053
E5237/10000 | train 0.023005 | test 0.031089 | epoch 0.17s | total 981.1s | lr 0.00053
E5238/10000 | train 0.023025 | test 0.031144 | epoch 0.17s | total 981.3s | lr 0.00053
E5239/10000 | train 0.023118 | test 0.031075 | epoch 0.17s | total 981.5s | lr 0.00053
E5240/10000 | train 0.022967 | test 0.031121 | epoch 0.17s | total 981.6s | lr 0.00053
E5241/10000 | train 0.023009 | test 0.031181 | epoch 0.17s | total 981.8s | lr 0.00053
E5242/10000 | train 0.023394 | test 0.031128 | epoch 0.17s | total 982.0s | lr 0.00053
E5243/10000 | train 0.023263 | test 0.031196 | epoch 0.17s | total 982.2s | lr 0.00053
E5244/10000 | train 0.023084 | test 0.031111 | epoch 0.17s | total 982.4s | lr 0.00053
E5245/10000 | train 0.022994 | test 0.031068 | epoch 0.17s | total 982.5s | lr 0.00053
E5246/10000 | train 0.022957 | test 0.031023 | epoch 0.17s | total 982.7s | lr 0.00053
E5247/10000 | train 0.022985 | test 0.031104 | epoch 0.17s | total 982.9s | lr 0.00053
E5248/10000 | train 0.023006 | test 0.031103 | epoch 0.18s | total 983.1s | lr 0.00053
E5249/10000 | train 0.023119 | test 0.031147 | epoch 0.18s | total 983.3s | lr 0.00053
E5250/10000 | train 0.023050 | test 0.031084 | epoch 0.18s | total 983.4s | lr 0.00053
E5251/10000 | train 0.023104 | test 0.031107 | epoch 0.18s | total 983.6s | lr 0.00053
E5252/10000 | train 0.022958 | test 0.031076 | epoch 0.18s | total 983.8s | lr 0.00053
E5253/10000 | train 0.022996 | test 0.031060 | epoch 0.18s | total 984.0s | lr 0.00053
E5254/10000 | train 0.022974 | test 0.031011 | epoch 0.17s | total 984.2s | lr 0.00053
E5255/10000 | train 0.023163 | test 0.031085 | epoch 0.17s | total 984.3s | lr 0.00053
E5256/10000 | train 0.023257 | test 0.031145 | epoch 0.18s | total 984.5s | lr 0.00053
E5257/10000 | train 0.023089 | test 0.031234 | epoch 0.18s | total 984.7s | lr 0.00053
E5258/10000 | train 0.023243 | test 0.031217 | epoch 0.17s | total 984.9s | lr 0.00053
E5259/10000 | train 0.023174 | test 0.031261 | epoch 0.17s | total 985.1s | lr 0.00053
E5260/10000 | train 0.023133 | test 0.031196 | epoch 0.18s | total 985.3s | lr 0.00053
E5261/10000 | train 0.022984 | test 0.031122 | epoch 0.17s | total 985.4s | lr 0.00053
E5262/10000 | train 0.022854 | test 0.031092 | epoch 0.17s | total 985.6s | lr 0.00053
E5263/10000 | train 0.022875 | test 0.031157 | epoch 0.17s | total 985.8s | lr 0.00053
E5264/10000 | train 0.022838 | test 0.031199 | epoch 0.17s | total 986.0s | lr 0.00053
E5265/10000 | train 0.022815 | test 0.031211 | epoch 0.17s | total 986.2s | lr 0.00053
E5266/10000 | train 0.022859 | test 0.031218 | epoch 0.17s | total 986.4s | lr 0.00053
E5267/10000 | train 0.022930 | test 0.031092 | epoch 0.17s | total 986.5s | lr 0.00053
E5268/10000 | train 0.022798 | test 0.031121 | epoch 0.18s | total 986.7s | lr 0.00053
E5269/10000 | train 0.022761 | test 0.031029 | epoch 0.17s | total 986.9s | lr 0.00053
E5270/10000 | train 0.022735 | test 0.031043 | epoch 0.17s | total 987.1s | lr 0.00053
E5271/10000 | train 0.022803 | test 0.031108 | epoch 0.17s | total 987.3s | lr 0.00053
E5272/10000 | train 0.022693 | test 0.031097 | epoch 0.17s | total 987.4s | lr 0.00052
E5273/10000 | train 0.022764 | test 0.031090 | epoch 0.17s | total 987.6s | lr 0.00052
E5274/10000 | train 0.022991 | test 0.031227 | epoch 0.18s | total 987.8s | lr 0.00052
E5275/10000 | train 0.022915 | test 0.031212 | epoch 0.17s | total 988.0s | lr 0.00052
E5276/10000 | train 0.022908 | test 0.031234 | epoch 0.17s | total 988.2s | lr 0.00052
E5277/10000 | train 0.022989 | test 0.031256 | epoch 0.17s | total 988.4s | lr 0.00052
E5278/10000 | train 0.022944 | test 0.031343 | epoch 0.17s | total 988.5s | lr 0.00052
E5279/10000 | train 0.022825 | test 0.031252 | epoch 0.18s | total 988.7s | lr 0.00052
E5280/10000 | train 0.022768 | test 0.031264 | epoch 0.17s | total 988.9s | lr 0.00052
E5281/10000 | train 0.022976 | test 0.031175 | epoch 0.17s | total 989.1s | lr 0.00052
E5282/10000 | train 0.023006 | test 0.031222 | epoch 0.18s | total 989.3s | lr 0.00052
E5283/10000 | train 0.022876 | test 0.031213 | epoch 0.17s | total 989.5s | lr 0.00052
E5284/10000 | train 0.022784 | test 0.031270 | epoch 0.18s | total 989.6s | lr 0.00052
E5285/10000 | train 0.023262 | test 0.031217 | epoch 0.17s | total 989.8s | lr 0.00052
E5286/10000 | train 0.023248 | test 0.031228 | epoch 0.17s | total 990.0s | lr 0.00052
E5287/10000 | train 0.023023 | test 0.031267 | epoch 0.17s | total 990.2s | lr 0.00052
E5288/10000 | train 0.022971 | test 0.031301 | epoch 0.18s | total 990.4s | lr 0.00052
E5289/10000 | train 0.022983 | test 0.031208 | epoch 0.17s | total 990.5s | lr 0.00052
E5290/10000 | train 0.023001 | test 0.031266 | epoch 0.18s | total 990.7s | lr 0.00052
E5291/10000 | train 0.022986 | test 0.031223 | epoch 0.18s | total 990.9s | lr 0.00052
E5292/10000 | train 0.022951 | test 0.031185 | epoch 0.17s | total 991.1s | lr 0.00052
E5293/10000 | train 0.022985 | test 0.031214 | epoch 0.17s | total 991.3s | lr 0.00052
E5294/10000 | train 0.022897 | test 0.031320 | epoch 0.17s | total 991.5s | lr 0.00052
E5295/10000 | train 0.023231 | test 0.031458 | epoch 0.18s | total 991.6s | lr 0.00052
E5296/10000 | train 0.023274 | test 0.031346 | epoch 0.18s | total 991.8s | lr 0.00052
E5297/10000 | train 0.023158 | test 0.031355 | epoch 0.17s | total 992.0s | lr 0.00052
E5298/10000 | train 0.023124 | test 0.031391 | epoch 0.17s | total 992.2s | lr 0.00052
E5299/10000 | train 0.023106 | test 0.031295 | epoch 0.17s | total 992.4s | lr 0.00052
E5300/10000 | train 0.022974 | test 0.031326 | epoch 0.17s | total 992.5s | lr 0.00052
E5301/10000 | train 0.022880 | test 0.031307 | epoch 0.18s | total 992.7s | lr 0.00052
E5302/10000 | train 0.022861 | test 0.031187 | epoch 0.18s | total 992.9s | lr 0.00052
E5303/10000 | train 0.022824 | test 0.031235 | epoch 0.17s | total 993.1s | lr 0.00052
E5304/10000 | train 0.022896 | test 0.031210 | epoch 0.17s | total 993.3s | lr 0.00052
E5305/10000 | train 0.022811 | test 0.031211 | epoch 0.17s | total 993.5s | lr 0.00052
E5306/10000 | train 0.022750 | test 0.031221 | epoch 0.17s | total 993.6s | lr 0.00052
E5307/10000 | train 0.022762 | test 0.031132 | epoch 0.17s | total 993.8s | lr 0.00052
E5308/10000 | train 0.022813 | test 0.031179 | epoch 0.18s | total 994.0s | lr 0.00052
E5309/10000 | train 0.022839 | test 0.031112 | epoch 0.17s | total 994.2s | lr 0.00052
E5310/10000 | train 0.022752 | test 0.031194 | epoch 0.17s | total 994.4s | lr 0.00052
E5311/10000 | train 0.022744 | test 0.031171 | epoch 0.17s | total 994.5s | lr 0.00052
E5312/10000 | train 0.022699 | test 0.031173 | epoch 0.17s | total 994.7s | lr 0.00052
E5313/10000 | train 0.022828 | test 0.031236 | epoch 0.18s | total 994.9s | lr 0.00052
E5314/10000 | train 0.022910 | test 0.031209 | epoch 0.17s | total 995.1s | lr 0.00052
E5315/10000 | train 0.022816 | test 0.031186 | epoch 0.17s | total 995.3s | lr 0.00052
E5316/10000 | train 0.022951 | test 0.031341 | epoch 0.18s | total 995.5s | lr 0.00052
E5317/10000 | train 0.023065 | test 0.031284 | epoch 0.18s | total 995.6s | lr 0.00052
E5318/10000 | train 0.023195 | test 0.031338 | epoch 0.18s | total 995.8s | lr 0.00052
E5319/10000 | train 0.023089 | test 0.031436 | epoch 0.18s | total 996.0s | lr 0.00052
E5320/10000 | train 0.022973 | test 0.031470 | epoch 0.17s | total 996.2s | lr 0.00052
E5321/10000 | train 0.022946 | test 0.031414 | epoch 0.17s | total 996.4s | lr 0.00052
E5322/10000 | train 0.022818 | test 0.031306 | epoch 0.17s | total 996.6s | lr 0.00052
E5323/10000 | train 0.022915 | test 0.031277 | epoch 0.17s | total 996.7s | lr 0.00052
E5324/10000 | train 0.022884 | test 0.031229 | epoch 0.17s | total 996.9s | lr 0.00052
E5325/10000 | train 0.023047 | test 0.031301 | epoch 0.18s | total 997.1s | lr 0.00052
E5326/10000 | train 0.022999 | test 0.031284 | epoch 0.18s | total 997.3s | lr 0.00052
E5327/10000 | train 0.023057 | test 0.031368 | epoch 0.18s | total 997.5s | lr 0.00052
E5328/10000 | train 0.023069 | test 0.031238 | epoch 0.17s | total 997.7s | lr 0.00052
E5329/10000 | train 0.022962 | test 0.031312 | epoch 0.18s | total 997.8s | lr 0.00052
E5330/10000 | train 0.023209 | test 0.031377 | epoch 0.18s | total 998.0s | lr 0.00052
E5331/10000 | train 0.023296 | test 0.031416 | epoch 0.17s | total 998.2s | lr 0.00052
E5332/10000 | train 0.023106 | test 0.031346 | epoch 0.18s | total 998.4s | lr 0.00052
E5333/10000 | train 0.022979 | test 0.031207 | epoch 0.18s | total 998.6s | lr 0.00052
E5334/10000 | train 0.023038 | test 0.031202 | epoch 0.18s | total 998.8s | lr 0.00052
E5335/10000 | train 0.023062 | test 0.031401 | epoch 0.18s | total 998.9s | lr 0.00052
E5336/10000 | train 0.023297 | test 0.031393 | epoch 0.18s | total 999.1s | lr 0.00052
E5337/10000 | train 0.023073 | test 0.031309 | epoch 0.18s | total 999.3s | lr 0.00052
E5338/10000 | train 0.022902 | test 0.031301 | epoch 0.17s | total 999.5s | lr 0.00052
E5339/10000 | train 0.022775 | test 0.031248 | epoch 0.18s | total 999.7s | lr 0.00052
E5340/10000 | train 0.023001 | test 0.031358 | epoch 0.18s | total 999.9s | lr 0.00052
E5341/10000 | train 0.022972 | test 0.031255 | epoch 0.18s | total 1000.0s | lr 0.00052
E5342/10000 | train 0.022821 | test 0.031252 | epoch 0.17s | total 1000.2s | lr 0.00052
E5343/10000 | train 0.022825 | test 0.031255 | epoch 0.17s | total 1000.4s | lr 0.00052
E5344/10000 | train 0.023002 | test 0.031275 | epoch 0.17s | total 1000.6s | lr 0.00052
E5345/10000 | train 0.023075 | test 0.031307 | epoch 0.17s | total 1000.8s | lr 0.00052
E5346/10000 | train 0.023041 | test 0.031253 | epoch 0.17s | total 1000.9s | lr 0.00052
E5347/10000 | train 0.022971 | test 0.031231 | epoch 0.18s | total 1001.1s | lr 0.00052
E5348/10000 | train 0.023039 | test 0.031280 | epoch 0.17s | total 1001.3s | lr 0.00052
E5349/10000 | train 0.022943 | test 0.031198 | epoch 0.18s | total 1001.5s | lr 0.00052
E5350/10000 | train 0.022836 | test 0.031262 | epoch 0.18s | total 1001.7s | lr 0.00052
E5351/10000 | train 0.022776 | test 0.031306 | epoch 0.18s | total 1001.9s | lr 0.00051
E5352/10000 | train 0.022872 | test 0.031180 | epoch 0.17s | total 1002.0s | lr 0.00051
E5353/10000 | train 0.022747 | test 0.031221 | epoch 0.17s | total 1002.2s | lr 0.00051
E5354/10000 | train 0.022810 | test 0.031176 | epoch 0.17s | total 1002.4s | lr 0.00051
E5355/10000 | train 0.022824 | test 0.031187 | epoch 0.17s | total 1002.6s | lr 0.00051
E5356/10000 | train 0.022885 | test 0.031203 | epoch 0.18s | total 1002.8s | lr 0.00051
E5357/10000 | train 0.022811 | test 0.031172 | epoch 0.17s | total 1003.0s | lr 0.00051
E5358/10000 | train 0.022762 | test 0.031147 | epoch 0.17s | total 1003.1s | lr 0.00051
E5359/10000 | train 0.022701 | test 0.031144 | epoch 0.17s | total 1003.3s | lr 0.00051
E5360/10000 | train 0.022737 | test 0.031095 | epoch 0.17s | total 1003.5s | lr 0.00051
E5361/10000 | train 0.022802 | test 0.031287 | epoch 0.18s | total 1003.7s | lr 0.00051
E5362/10000 | train 0.022875 | test 0.031204 | epoch 0.18s | total 1003.9s | lr 0.00051
E5363/10000 | train 0.022824 | test 0.031232 | epoch 0.18s | total 1004.0s | lr 0.00051
E5364/10000 | train 0.022805 | test 0.031246 | epoch 0.17s | total 1004.2s | lr 0.00051
E5365/10000 | train 0.022790 | test 0.031322 | epoch 0.17s | total 1004.4s | lr 0.00051
E5366/10000 | train 0.022709 | test 0.031158 | epoch 0.18s | total 1004.6s | lr 0.00051
E5367/10000 | train 0.022699 | test 0.031181 | epoch 0.17s | total 1004.8s | lr 0.00051
E5368/10000 | train 0.022630 | test 0.031214 | epoch 0.17s | total 1005.0s | lr 0.00051
E5369/10000 | train 0.022568 | test 0.031107 | epoch 0.17s | total 1005.1s | lr 0.00051
E5370/10000 | train 0.022645 | test 0.031177 | epoch 0.17s | total 1005.3s | lr 0.00051
E5371/10000 | train 0.022588 | test 0.031100 | epoch 0.17s | total 1005.5s | lr 0.00051
E5372/10000 | train 0.022718 | test 0.031151 | epoch 0.17s | total 1005.7s | lr 0.00051
E5373/10000 | train 0.022731 | test 0.031104 | epoch 0.18s | total 1005.9s | lr 0.00051
E5374/10000 | train 0.022667 | test 0.031192 | epoch 0.18s | total 1006.0s | lr 0.00051
E5375/10000 | train 0.022712 | test 0.031132 | epoch 0.17s | total 1006.2s | lr 0.00051
E5376/10000 | train 0.022705 | test 0.031260 | epoch 0.17s | total 1006.4s | lr 0.00051
E5377/10000 | train 0.022956 | test 0.031391 | epoch 0.17s | total 1006.6s | lr 0.00051
E5378/10000 | train 0.023012 | test 0.031313 | epoch 0.17s | total 1006.8s | lr 0.00051
E5379/10000 | train 0.022936 | test 0.031284 | epoch 0.17s | total 1007.0s | lr 0.00051
E5380/10000 | train 0.022864 | test 0.031266 | epoch 0.17s | total 1007.1s | lr 0.00051
E5381/10000 | train 0.022773 | test 0.031179 | epoch 0.17s | total 1007.3s | lr 0.00051
E5382/10000 | train 0.022781 | test 0.031233 | epoch 0.18s | total 1007.5s | lr 0.00051
E5383/10000 | train 0.022869 | test 0.031209 | epoch 0.18s | total 1007.7s | lr 0.00051
E5384/10000 | train 0.022776 | test 0.031231 | epoch 0.17s | total 1007.9s | lr 0.00051
E5385/10000 | train 0.022755 | test 0.031151 | epoch 0.17s | total 1008.0s | lr 0.00051
E5386/10000 | train 0.022661 | test 0.031162 | epoch 0.17s | total 1008.2s | lr 0.00051
E5387/10000 | train 0.022552 | test 0.031200 | epoch 0.17s | total 1008.4s | lr 0.00051
E5388/10000 | train 0.022601 | test 0.031308 | epoch 0.18s | total 1008.6s | lr 0.00051
E5389/10000 | train 0.022675 | test 0.031188 | epoch 0.18s | total 1008.8s | lr 0.00051
E5390/10000 | train 0.022682 | test 0.031214 | epoch 0.17s | total 1009.0s | lr 0.00051
E5391/10000 | train 0.022727 | test 0.031160 | epoch 0.17s | total 1009.1s | lr 0.00051
E5392/10000 | train 0.022703 | test 0.031233 | epoch 0.17s | total 1009.3s | lr 0.00051
E5393/10000 | train 0.022662 | test 0.031105 | epoch 0.17s | total 1009.5s | lr 0.00051
E5394/10000 | train 0.022655 | test 0.031118 | epoch 0.17s | total 1009.7s | lr 0.00051
E5395/10000 | train 0.022592 | test 0.031163 | epoch 0.17s | total 1009.8s | lr 0.00051
E5396/10000 | train 0.022682 | test 0.031206 | epoch 0.17s | total 1010.0s | lr 0.00051
E5397/10000 | train 0.022716 | test 0.031107 | epoch 0.17s | total 1010.2s | lr 0.00051
E5398/10000 | train 0.022585 | test 0.031067 | epoch 0.17s | total 1010.4s | lr 0.00051
E5399/10000 | train 0.022501 | test 0.031086 | epoch 0.17s | total 1010.6s | lr 0.00051
E5400/10000 | train 0.022569 | test 0.031163 | epoch 0.18s | total 1010.8s | lr 0.00051
E5401/10000 | train 0.022554 | test 0.031211 | epoch 0.17s | total 1010.9s | lr 0.00051
E5402/10000 | train 0.022695 | test 0.031223 | epoch 0.17s | total 1011.1s | lr 0.00051
E5403/10000 | train 0.022502 | test 0.031169 | epoch 0.17s | total 1011.3s | lr 0.00051
E5404/10000 | train 0.022468 | test 0.031226 | epoch 0.18s | total 1011.5s | lr 0.00051
E5405/10000 | train 0.022572 | test 0.031218 | epoch 0.18s | total 1011.7s | lr 0.00051
E5406/10000 | train 0.022577 | test 0.031178 | epoch 0.17s | total 1011.9s | lr 0.00051
E5407/10000 | train 0.022560 | test 0.031221 | epoch 0.17s | total 1012.0s | lr 0.00051
E5408/10000 | train 0.022499 | test 0.031141 | epoch 0.17s | total 1012.2s | lr 0.00051
E5409/10000 | train 0.022603 | test 0.031262 | epoch 0.17s | total 1012.4s | lr 0.00051
E5410/10000 | train 0.022630 | test 0.031218 | epoch 0.18s | total 1012.6s | lr 0.00051
E5411/10000 | train 0.022591 | test 0.031275 | epoch 0.17s | total 1012.8s | lr 0.00051
E5412/10000 | train 0.022541 | test 0.031233 | epoch 0.17s | total 1012.9s | lr 0.00051
E5413/10000 | train 0.022602 | test 0.031351 | epoch 0.17s | total 1013.1s | lr 0.00051
E5414/10000 | train 0.022694 | test 0.031307 | epoch 0.17s | total 1013.3s | lr 0.00051
E5415/10000 | train 0.022581 | test 0.031268 | epoch 0.17s | total 1013.5s | lr 0.00051
E5416/10000 | train 0.022661 | test 0.031254 | epoch 0.17s | total 1013.6s | lr 0.00050
E5417/10000 | train 0.022566 | test 0.031231 | epoch 0.17s | total 1013.8s | lr 0.00050
E5418/10000 | train 0.022619 | test 0.031367 | epoch 0.17s | total 1014.0s | lr 0.00050
E5419/10000 | train 0.022741 | test 0.031205 | epoch 0.17s | total 1014.2s | lr 0.00050
E5420/10000 | train 0.022614 | test 0.031198 | epoch 0.17s | total 1014.4s | lr 0.00050
E5421/10000 | train 0.022581 | test 0.031271 | epoch 0.17s | total 1014.5s | lr 0.00050
E5422/10000 | train 0.022574 | test 0.031334 | epoch 0.17s | total 1014.7s | lr 0.00050
E5423/10000 | train 0.022742 | test 0.031235 | epoch 0.17s | total 1014.9s | lr 0.00050
E5424/10000 | train 0.022698 | test 0.031319 | epoch 0.17s | total 1015.1s | lr 0.00050
E5425/10000 | train 0.022693 | test 0.031289 | epoch 0.17s | total 1015.3s | lr 0.00050
E5426/10000 | train 0.022733 | test 0.031286 | epoch 0.17s | total 1015.4s | lr 0.00050
E5427/10000 | train 0.022731 | test 0.031271 | epoch 0.17s | total 1015.6s | lr 0.00050
E5428/10000 | train 0.022823 | test 0.031244 | epoch 0.17s | total 1015.8s | lr 0.00050
E5429/10000 | train 0.022872 | test 0.031313 | epoch 0.17s | total 1016.0s | lr 0.00050
E5430/10000 | train 0.022911 | test 0.031310 | epoch 0.17s | total 1016.1s | lr 0.00050
E5431/10000 | train 0.022789 | test 0.031268 | epoch 0.17s | total 1016.3s | lr 0.00050
E5432/10000 | train 0.022759 | test 0.031271 | epoch 0.17s | total 1016.5s | lr 0.00050
E5433/10000 | train 0.022780 | test 0.031139 | epoch 0.17s | total 1016.7s | lr 0.00050
E5434/10000 | train 0.022743 | test 0.031335 | epoch 0.17s | total 1016.9s | lr 0.00050
E5435/10000 | train 0.022625 | test 0.031242 | epoch 0.17s | total 1017.0s | lr 0.00050
E5436/10000 | train 0.022619 | test 0.031273 | epoch 0.17s | total 1017.2s | lr 0.00050
E5437/10000 | train 0.022671 | test 0.031386 | epoch 0.17s | total 1017.4s | lr 0.00050
E5438/10000 | train 0.022677 | test 0.031191 | epoch 0.17s | total 1017.6s | lr 0.00050
E5439/10000 | train 0.022588 | test 0.031176 | epoch 0.17s | total 1017.8s | lr 0.00050
E5440/10000 | train 0.022626 | test 0.031354 | epoch 0.17s | total 1017.9s | lr 0.00050
E5441/10000 | train 0.022936 | test 0.031604 | epoch 0.17s | total 1018.1s | lr 0.00050
E5442/10000 | train 0.023080 | test 0.031675 | epoch 0.17s | total 1018.3s | lr 0.00050
E5443/10000 | train 0.023546 | test 0.031766 | epoch 0.17s | total 1018.5s | lr 0.00050
E5444/10000 | train 0.023659 | test 0.032121 | epoch 0.17s | total 1018.7s | lr 0.00050
E5445/10000 | train 0.023638 | test 0.031834 | epoch 0.17s | total 1018.8s | lr 0.00050
E5446/10000 | train 0.023765 | test 0.032351 | epoch 0.17s | total 1019.0s | lr 0.00050
E5447/10000 | train 0.024309 | test 0.031966 | epoch 0.17s | total 1019.2s | lr 0.00050
E5448/10000 | train 0.024214 | test 0.032005 | epoch 0.17s | total 1019.4s | lr 0.00050
E5449/10000 | train 0.024102 | test 0.031944 | epoch 0.17s | total 1019.6s | lr 0.00050
E5450/10000 | train 0.023934 | test 0.031913 | epoch 0.17s | total 1019.7s | lr 0.00050
E5451/10000 | train 0.023803 | test 0.031766 | epoch 0.17s | total 1019.9s | lr 0.00050
E5452/10000 | train 0.023692 | test 0.031592 | epoch 0.18s | total 1020.1s | lr 0.00050
E5453/10000 | train 0.023875 | test 0.031475 | epoch 0.17s | total 1020.3s | lr 0.00050
E5454/10000 | train 0.023920 | test 0.031602 | epoch 0.17s | total 1020.5s | lr 0.00050
E5455/10000 | train 0.023921 | test 0.032011 | epoch 0.17s | total 1020.6s | lr 0.00050
E5456/10000 | train 0.024167 | test 0.031817 | epoch 0.17s | total 1020.8s | lr 0.00050
E5457/10000 | train 0.024305 | test 0.031809 | epoch 0.17s | total 1021.0s | lr 0.00050
E5458/10000 | train 0.024542 | test 0.031990 | epoch 0.17s | total 1021.2s | lr 0.00050
E5459/10000 | train 0.024663 | test 0.032061 | epoch 0.17s | total 1021.4s | lr 0.00050
E5460/10000 | train 0.024600 | test 0.031835 | epoch 0.17s | total 1021.5s | lr 0.00050
E5461/10000 | train 0.024638 | test 0.031841 | epoch 0.17s | total 1021.7s | lr 0.00050
E5462/10000 | train 0.024398 | test 0.031886 | epoch 0.17s | total 1021.9s | lr 0.00050
E5463/10000 | train 0.024175 | test 0.031761 | epoch 0.17s | total 1022.1s | lr 0.00050
E5464/10000 | train 0.024116 | test 0.031479 | epoch 0.17s | total 1022.3s | lr 0.00050
E5465/10000 | train 0.023967 | test 0.031673 | epoch 0.17s | total 1022.4s | lr 0.00050
E5466/10000 | train 0.023945 | test 0.031624 | epoch 0.18s | total 1022.6s | lr 0.00050
E5467/10000 | train 0.023771 | test 0.031420 | epoch 0.18s | total 1022.8s | lr 0.00050
E5468/10000 | train 0.023761 | test 0.031597 | epoch 0.18s | total 1023.0s | lr 0.00050
E5469/10000 | train 0.023616 | test 0.031491 | epoch 0.17s | total 1023.2s | lr 0.00050
E5470/10000 | train 0.023576 | test 0.031586 | epoch 0.17s | total 1023.3s | lr 0.00050
E5471/10000 | train 0.023578 | test 0.031589 | epoch 0.17s | total 1023.5s | lr 0.00050
E5472/10000 | train 0.023551 | test 0.031609 | epoch 0.17s | total 1023.7s | lr 0.00050
E5473/10000 | train 0.023716 | test 0.031699 | epoch 0.17s | total 1023.9s | lr 0.00049
E5474/10000 | train 0.023691 | test 0.031674 | epoch 0.17s | total 1024.1s | lr 0.00049
E5475/10000 | train 0.023693 | test 0.031768 | epoch 0.17s | total 1024.2s | lr 0.00049
E5476/10000 | train 0.023746 | test 0.031810 | epoch 0.17s | total 1024.4s | lr 0.00049
E5477/10000 | train 0.023745 | test 0.031697 | epoch 0.17s | total 1024.6s | lr 0.00049
E5478/10000 | train 0.024033 | test 0.031651 | epoch 0.17s | total 1024.8s | lr 0.00049
E5479/10000 | train 0.023893 | test 0.031615 | epoch 0.17s | total 1025.0s | lr 0.00049
E5480/10000 | train 0.023704 | test 0.031624 | epoch 0.17s | total 1025.1s | lr 0.00049
E5481/10000 | train 0.023699 | test 0.031642 | epoch 0.17s | total 1025.3s | lr 0.00049
E5482/10000 | train 0.023863 | test 0.031671 | epoch 0.17s | total 1025.5s | lr 0.00049
E5483/10000 | train 0.023781 | test 0.031451 | epoch 0.17s | total 1025.7s | lr 0.00049
E5484/10000 | train 0.023782 | test 0.031557 | epoch 0.18s | total 1025.9s | lr 0.00049
E5485/10000 | train 0.023998 | test 0.031758 | epoch 0.18s | total 1026.0s | lr 0.00049
E5486/10000 | train 0.024305 | test 0.031833 | epoch 0.17s | total 1026.2s | lr 0.00049
E5487/10000 | train 0.024470 | test 0.031912 | epoch 0.17s | total 1026.4s | lr 0.00049
E5488/10000 | train 0.024386 | test 0.031610 | epoch 0.18s | total 1026.6s | lr 0.00049
E5489/10000 | train 0.024158 | test 0.031584 | epoch 0.18s | total 1026.8s | lr 0.00049
E5490/10000 | train 0.024005 | test 0.031662 | epoch 0.18s | total 1027.0s | lr 0.00049
E5491/10000 | train 0.023908 | test 0.031725 | epoch 0.17s | total 1027.1s | lr 0.00049
E5492/10000 | train 0.023994 | test 0.031693 | epoch 0.17s | total 1027.3s | lr 0.00049
E5493/10000 | train 0.024011 | test 0.031830 | epoch 0.17s | total 1027.5s | lr 0.00049
E5494/10000 | train 0.024461 | test 0.031818 | epoch 0.18s | total 1027.7s | lr 0.00049
E5495/10000 | train 0.024160 | test 0.031605 | epoch 0.17s | total 1027.9s | lr 0.00049
E5496/10000 | train 0.023979 | test 0.031627 | epoch 0.17s | total 1028.0s | lr 0.00049
E5497/10000 | train 0.023961 | test 0.031545 | epoch 0.17s | total 1028.2s | lr 0.00049
E5498/10000 | train 0.023709 | test 0.031429 | epoch 0.17s | total 1028.4s | lr 0.00049
E5499/10000 | train 0.023662 | test 0.031510 | epoch 0.17s | total 1028.6s | lr 0.00049
E5500/10000 | train 0.023624 | test 0.031497 | epoch 0.17s | total 1028.8s | lr 0.00049
E5501/10000 | train 0.023688 | test 0.031517 | epoch 0.17s | total 1028.9s | lr 0.00049
E5502/10000 | train 0.023631 | test 0.031493 | epoch 0.17s | total 1029.1s | lr 0.00049
E5503/10000 | train 0.023703 | test 0.031483 | epoch 0.17s | total 1029.3s | lr 0.00049
E5504/10000 | train 0.023651 | test 0.031495 | epoch 0.17s | total 1029.5s | lr 0.00049
E5505/10000 | train 0.023694 | test 0.031491 | epoch 0.18s | total 1029.7s | lr 0.00049
E5506/10000 | train 0.023731 | test 0.031463 | epoch 0.17s | total 1029.8s | lr 0.00049
E5507/10000 | train 0.023700 | test 0.031505 | epoch 0.17s | total 1030.0s | lr 0.00049
E5508/10000 | train 0.023677 | test 0.031388 | epoch 0.17s | total 1030.2s | lr 0.00049
E5509/10000 | train 0.023595 | test 0.031334 | epoch 0.17s | total 1030.4s | lr 0.00049
E5510/10000 | train 0.023541 | test 0.031277 | epoch 0.18s | total 1030.6s | lr 0.00049
E5511/10000 | train 0.023552 | test 0.031386 | epoch 0.18s | total 1030.8s | lr 0.00049
E5512/10000 | train 0.023533 | test 0.031374 | epoch 0.17s | total 1030.9s | lr 0.00049
E5513/10000 | train 0.023527 | test 0.031465 | epoch 0.17s | total 1031.1s | lr 0.00049
E5514/10000 | train 0.023444 | test 0.031438 | epoch 0.17s | total 1031.3s | lr 0.00049
E5515/10000 | train 0.023390 | test 0.031417 | epoch 0.17s | total 1031.5s | lr 0.00049
E5516/10000 | train 0.023419 | test 0.031452 | epoch 0.18s | total 1031.7s | lr 0.00049
E5517/10000 | train 0.023521 | test 0.031565 | epoch 0.17s | total 1031.8s | lr 0.00049
E5518/10000 | train 0.023444 | test 0.031430 | epoch 0.17s | total 1032.0s | lr 0.00049
E5519/10000 | train 0.023321 | test 0.031375 | epoch 0.17s | total 1032.2s | lr 0.00049
E5520/10000 | train 0.023259 | test 0.031379 | epoch 0.18s | total 1032.4s | lr 0.00049
E5521/10000 | train 0.023175 | test 0.031458 | epoch 0.19s | total 1032.6s | lr 0.00049
E5522/10000 | train 0.023259 | test 0.031638 | epoch 0.19s | total 1032.8s | lr 0.00049
E5523/10000 | train 0.023520 | test 0.031703 | epoch 0.18s | total 1033.0s | lr 0.00049
E5524/10000 | train 0.023584 | test 0.031619 | epoch 0.18s | total 1033.1s | lr 0.00049
E5525/10000 | train 0.023350 | test 0.031535 | epoch 0.18s | total 1033.3s | lr 0.00048
E5526/10000 | train 0.023316 | test 0.031538 | epoch 0.17s | total 1033.5s | lr 0.00048
E5527/10000 | train 0.023267 | test 0.031583 | epoch 0.17s | total 1033.7s | lr 0.00048
E5528/10000 | train 0.023335 | test 0.031498 | epoch 0.17s | total 1033.9s | lr 0.00048
E5529/10000 | train 0.023300 | test 0.031519 | epoch 0.17s | total 1034.0s | lr 0.00048
E5530/10000 | train 0.023253 | test 0.031439 | epoch 0.17s | total 1034.2s | lr 0.00048
E5531/10000 | train 0.023271 | test 0.031457 | epoch 0.17s | total 1034.4s | lr 0.00048
E5532/10000 | train 0.023321 | test 0.031482 | epoch 0.17s | total 1034.6s | lr 0.00048
E5533/10000 | train 0.023266 | test 0.031472 | epoch 0.17s | total 1034.8s | lr 0.00048
E5534/10000 | train 0.023207 | test 0.031522 | epoch 0.17s | total 1034.9s | lr 0.00048
E5535/10000 | train 0.023147 | test 0.031458 | epoch 0.17s | total 1035.1s | lr 0.00048
E5536/10000 | train 0.023174 | test 0.031495 | epoch 0.17s | total 1035.3s | lr 0.00048
E5537/10000 | train 0.023235 | test 0.031527 | epoch 0.17s | total 1035.5s | lr 0.00048
E5538/10000 | train 0.023199 | test 0.031690 | epoch 0.17s | total 1035.6s | lr 0.00048
E5539/10000 | train 0.023171 | test 0.031641 | epoch 0.17s | total 1035.8s | lr 0.00048
E5540/10000 | train 0.023594 | test 0.031709 | epoch 0.17s | total 1036.0s | lr 0.00048
E5541/10000 | train 0.023341 | test 0.031618 | epoch 0.17s | total 1036.2s | lr 0.00048
E5542/10000 | train 0.023414 | test 0.031504 | epoch 0.17s | total 1036.4s | lr 0.00048
E5543/10000 | train 0.023315 | test 0.031589 | epoch 0.17s | total 1036.5s | lr 0.00048
E5544/10000 | train 0.023235 | test 0.031490 | epoch 0.18s | total 1036.7s | lr 0.00048
E5545/10000 | train 0.023183 | test 0.031488 | epoch 0.17s | total 1036.9s | lr 0.00048
E5546/10000 | train 0.023155 | test 0.031507 | epoch 0.17s | total 1037.1s | lr 0.00048
E5547/10000 | train 0.023204 | test 0.031651 | epoch 0.17s | total 1037.3s | lr 0.00048
E5548/10000 | train 0.023446 | test 0.031617 | epoch 0.17s | total 1037.4s | lr 0.00048
E5549/10000 | train 0.023471 | test 0.031494 | epoch 0.17s | total 1037.6s | lr 0.00048
E5550/10000 | train 0.023345 | test 0.031539 | epoch 0.17s | total 1037.8s | lr 0.00048
E5551/10000 | train 0.023364 | test 0.031537 | epoch 0.17s | total 1038.0s | lr 0.00048
E5552/10000 | train 0.023348 | test 0.031494 | epoch 0.17s | total 1038.2s | lr 0.00048
E5553/10000 | train 0.023195 | test 0.031369 | epoch 0.18s | total 1038.3s | lr 0.00048
E5554/10000 | train 0.023226 | test 0.031377 | epoch 0.17s | total 1038.5s | lr 0.00048
E5555/10000 | train 0.023107 | test 0.031477 | epoch 0.17s | total 1038.7s | lr 0.00048
E5556/10000 | train 0.023112 | test 0.031575 | epoch 0.17s | total 1038.9s | lr 0.00048
E5557/10000 | train 0.023014 | test 0.031623 | epoch 0.17s | total 1039.1s | lr 0.00048
E5558/10000 | train 0.023066 | test 0.031568 | epoch 0.17s | total 1039.2s | lr 0.00048
E5559/10000 | train 0.023163 | test 0.031564 | epoch 0.17s | total 1039.4s | lr 0.00048
E5560/10000 | train 0.023156 | test 0.031462 | epoch 0.17s | total 1039.6s | lr 0.00048
E5561/10000 | train 0.023425 | test 0.031405 | epoch 0.17s | total 1039.8s | lr 0.00048
E5562/10000 | train 0.023349 | test 0.031397 | epoch 0.17s | total 1040.0s | lr 0.00048
E5563/10000 | train 0.023235 | test 0.031394 | epoch 0.17s | total 1040.1s | lr 0.00048
E5564/10000 | train 0.023327 | test 0.031279 | epoch 0.17s | total 1040.3s | lr 0.00048
E5565/10000 | train 0.023333 | test 0.031337 | epoch 0.17s | total 1040.5s | lr 0.00048
E5566/10000 | train 0.023300 | test 0.031309 | epoch 0.17s | total 1040.7s | lr 0.00048
E5567/10000 | train 0.023127 | test 0.031424 | epoch 0.17s | total 1040.8s | lr 0.00048
E5568/10000 | train 0.023010 | test 0.031300 | epoch 0.17s | total 1041.0s | lr 0.00048
E5569/10000 | train 0.022948 | test 0.031327 | epoch 0.17s | total 1041.2s | lr 0.00048
E5570/10000 | train 0.023006 | test 0.031346 | epoch 0.17s | total 1041.4s | lr 0.00048
E5571/10000 | train 0.022978 | test 0.031447 | epoch 0.18s | total 1041.6s | lr 0.00048
E5572/10000 | train 0.023113 | test 0.031401 | epoch 0.17s | total 1041.8s | lr 0.00047
E5573/10000 | train 0.022971 | test 0.031376 | epoch 0.17s | total 1041.9s | lr 0.00047
E5574/10000 | train 0.022948 | test 0.031421 | epoch 0.18s | total 1042.1s | lr 0.00047
E5575/10000 | train 0.022904 | test 0.031355 | epoch 0.17s | total 1042.3s | lr 0.00047
E5576/10000 | train 0.022976 | test 0.031405 | epoch 0.18s | total 1042.5s | lr 0.00047
E5577/10000 | train 0.022909 | test 0.031429 | epoch 0.18s | total 1042.7s | lr 0.00047
E5578/10000 | train 0.022866 | test 0.031422 | epoch 0.17s | total 1042.9s | lr 0.00047
E5579/10000 | train 0.022895 | test 0.031416 | epoch 0.17s | total 1043.0s | lr 0.00047
E5580/10000 | train 0.022819 | test 0.031298 | epoch 0.17s | total 1043.2s | lr 0.00047
E5581/10000 | train 0.022801 | test 0.031222 | epoch 0.17s | total 1043.4s | lr 0.00047
E5582/10000 | train 0.022741 | test 0.031329 | epoch 0.17s | total 1043.6s | lr 0.00047
E5583/10000 | train 0.022870 | test 0.031399 | epoch 0.17s | total 1043.7s | lr 0.00047
E5584/10000 | train 0.023068 | test 0.031401 | epoch 0.17s | total 1043.9s | lr 0.00047
E5585/10000 | train 0.022971 | test 0.031374 | epoch 0.17s | total 1044.1s | lr 0.00047
E5586/10000 | train 0.023052 | test 0.031483 | epoch 0.18s | total 1044.3s | lr 0.00047
E5587/10000 | train 0.023176 | test 0.031440 | epoch 0.17s | total 1044.5s | lr 0.00047
E5588/10000 | train 0.022984 | test 0.031401 | epoch 0.17s | total 1044.6s | lr 0.00047
E5589/10000 | train 0.022949 | test 0.031489 | epoch 0.18s | total 1044.8s | lr 0.00047
E5590/10000 | train 0.022827 | test 0.031442 | epoch 0.17s | total 1045.0s | lr 0.00047
E5591/10000 | train 0.022863 | test 0.031496 | epoch 0.17s | total 1045.2s | lr 0.00047
E5592/10000 | train 0.022934 | test 0.031398 | epoch 0.17s | total 1045.4s | lr 0.00047
E5593/10000 | train 0.022958 | test 0.031434 | epoch 0.17s | total 1045.5s | lr 0.00047
E5594/10000 | train 0.022894 | test 0.031435 | epoch 0.17s | total 1045.7s | lr 0.00047
E5595/10000 | train 0.022952 | test 0.031456 | epoch 0.17s | total 1045.9s | lr 0.00047
E5596/10000 | train 0.023044 | test 0.031532 | epoch 0.17s | total 1046.1s | lr 0.00047
E5597/10000 | train 0.022935 | test 0.031485 | epoch 0.17s | total 1046.3s | lr 0.00047
E5598/10000 | train 0.023036 | test 0.031491 | epoch 0.17s | total 1046.4s | lr 0.00047
E5599/10000 | train 0.023027 | test 0.031507 | epoch 0.17s | total 1046.6s | lr 0.00047
E5600/10000 | train 0.023100 | test 0.031549 | epoch 0.17s | total 1046.8s | lr 0.00047
E5601/10000 | train 0.023079 | test 0.031538 | epoch 0.17s | total 1047.0s | lr 0.00047
E5602/10000 | train 0.023083 | test 0.031480 | epoch 0.17s | total 1047.2s | lr 0.00047
E5603/10000 | train 0.023035 | test 0.031418 | epoch 0.17s | total 1047.3s | lr 0.00047
E5604/10000 | train 0.023069 | test 0.031545 | epoch 0.17s | total 1047.5s | lr 0.00047
E5605/10000 | train 0.022974 | test 0.031411 | epoch 0.18s | total 1047.7s | lr 0.00047
E5606/10000 | train 0.022832 | test 0.031397 | epoch 0.18s | total 1047.9s | lr 0.00047
E5607/10000 | train 0.023028 | test 0.031464 | epoch 0.17s | total 1048.1s | lr 0.00047
E5608/10000 | train 0.022964 | test 0.031495 | epoch 0.17s | total 1048.2s | lr 0.00047
E5609/10000 | train 0.023070 | test 0.031415 | epoch 0.17s | total 1048.4s | lr 0.00047
E5610/10000 | train 0.023003 | test 0.031497 | epoch 0.17s | total 1048.6s | lr 0.00047
E5611/10000 | train 0.022996 | test 0.031496 | epoch 0.17s | total 1048.8s | lr 0.00047
E5612/10000 | train 0.022972 | test 0.031539 | epoch 0.17s | total 1049.0s | lr 0.00047
E5613/10000 | train 0.023024 | test 0.031562 | epoch 0.17s | total 1049.1s | lr 0.00047
E5614/10000 | train 0.022907 | test 0.031479 | epoch 0.17s | total 1049.3s | lr 0.00047
E5615/10000 | train 0.022930 | test 0.031493 | epoch 0.17s | total 1049.5s | lr 0.00047
E5616/10000 | train 0.022998 | test 0.031330 | epoch 0.17s | total 1049.7s | lr 0.00047
E5617/10000 | train 0.022858 | test 0.031428 | epoch 0.17s | total 1049.8s | lr 0.00046
E5618/10000 | train 0.023006 | test 0.031449 | epoch 0.17s | total 1050.0s | lr 0.00046
E5619/10000 | train 0.023209 | test 0.031556 | epoch 0.17s | total 1050.2s | lr 0.00046
E5620/10000 | train 0.023123 | test 0.031512 | epoch 0.17s | total 1050.4s | lr 0.00046
E5621/10000 | train 0.023018 | test 0.031491 | epoch 0.17s | total 1050.6s | lr 0.00046
E5622/10000 | train 0.023005 | test 0.031412 | epoch 0.17s | total 1050.7s | lr 0.00046
E5623/10000 | train 0.023068 | test 0.031503 | epoch 0.17s | total 1050.9s | lr 0.00046
E5624/10000 | train 0.023059 | test 0.031443 | epoch 0.17s | total 1051.1s | lr 0.00046
E5625/10000 | train 0.023244 | test 0.031378 | epoch 0.17s | total 1051.3s | lr 0.00046
E5626/10000 | train 0.023035 | test 0.031478 | epoch 0.17s | total 1051.5s | lr 0.00046
E5627/10000 | train 0.023166 | test 0.031518 | epoch 0.17s | total 1051.6s | lr 0.00046
E5628/10000 | train 0.023160 | test 0.031411 | epoch 0.17s | total 1051.8s | lr 0.00046
E5629/10000 | train 0.023039 | test 0.031479 | epoch 0.17s | total 1052.0s | lr 0.00046
E5630/10000 | train 0.022994 | test 0.031492 | epoch 0.17s | total 1052.2s | lr 0.00046
E5631/10000 | train 0.023053 | test 0.031522 | epoch 0.17s | total 1052.4s | lr 0.00046
E5632/10000 | train 0.023013 | test 0.031486 | epoch 0.17s | total 1052.5s | lr 0.00046
E5633/10000 | train 0.023035 | test 0.031643 | epoch 0.17s | total 1052.7s | lr 0.00046
E5634/10000 | train 0.023132 | test 0.031610 | epoch 0.17s | total 1052.9s | lr 0.00046
E5635/10000 | train 0.023367 | test 0.031679 | epoch 0.17s | total 1053.1s | lr 0.00046
E5636/10000 | train 0.023241 | test 0.031521 | epoch 0.17s | total 1053.2s | lr 0.00046
E5637/10000 | train 0.023080 | test 0.031616 | epoch 0.17s | total 1053.4s | lr 0.00046
E5638/10000 | train 0.023027 | test 0.031597 | epoch 0.17s | total 1053.6s | lr 0.00046
E5639/10000 | train 0.023229 | test 0.031529 | epoch 0.17s | total 1053.8s | lr 0.00046
E5640/10000 | train 0.023106 | test 0.031563 | epoch 0.17s | total 1054.0s | lr 0.00046
E5641/10000 | train 0.022966 | test 0.031549 | epoch 0.17s | total 1054.1s | lr 0.00046
E5642/10000 | train 0.022928 | test 0.031532 | epoch 0.18s | total 1054.3s | lr 0.00046
E5643/10000 | train 0.022996 | test 0.031536 | epoch 0.17s | total 1054.5s | lr 0.00046
E5644/10000 | train 0.022975 | test 0.031639 | epoch 0.17s | total 1054.7s | lr 0.00046
E5645/10000 | train 0.022898 | test 0.031568 | epoch 0.17s | total 1054.9s | lr 0.00046
E5646/10000 | train 0.022963 | test 0.031482 | epoch 0.17s | total 1055.0s | lr 0.00046
E5647/10000 | train 0.022849 | test 0.031504 | epoch 0.17s | total 1055.2s | lr 0.00046
E5648/10000 | train 0.022850 | test 0.031553 | epoch 0.17s | total 1055.4s | lr 0.00046
E5649/10000 | train 0.022860 | test 0.031514 | epoch 0.17s | total 1055.6s | lr 0.00046
E5650/10000 | train 0.022784 | test 0.031501 | epoch 0.17s | total 1055.8s | lr 0.00046
E5651/10000 | train 0.022850 | test 0.031582 | epoch 0.17s | total 1055.9s | lr 0.00046
E5652/10000 | train 0.022894 | test 0.031555 | epoch 0.17s | total 1056.1s | lr 0.00046
E5653/10000 | train 0.022814 | test 0.031564 | epoch 0.17s | total 1056.3s | lr 0.00046
E5654/10000 | train 0.022912 | test 0.031544 | epoch 0.17s | total 1056.5s | lr 0.00046
E5655/10000 | train 0.022886 | test 0.031595 | epoch 0.17s | total 1056.7s | lr 0.00046
E5656/10000 | train 0.022848 | test 0.031588 | epoch 0.17s | total 1056.8s | lr 0.00046
E5657/10000 | train 0.022757 | test 0.031526 | epoch 0.17s | total 1057.0s | lr 0.00046
E5658/10000 | train 0.022748 | test 0.031534 | epoch 0.17s | total 1057.2s | lr 0.00045
E5659/10000 | train 0.022771 | test 0.031468 | epoch 0.17s | total 1057.4s | lr 0.00045
E5660/10000 | train 0.022869 | test 0.031524 | epoch 0.17s | total 1057.5s | lr 0.00045
E5661/10000 | train 0.022793 | test 0.031542 | epoch 0.17s | total 1057.7s | lr 0.00045
E5662/10000 | train 0.022796 | test 0.031503 | epoch 0.17s | total 1057.9s | lr 0.00045
E5663/10000 | train 0.022838 | test 0.031580 | epoch 0.18s | total 1058.1s | lr 0.00045
E5664/10000 | train 0.022915 | test 0.031537 | epoch 0.17s | total 1058.3s | lr 0.00045
E5665/10000 | train 0.022845 | test 0.031492 | epoch 0.17s | total 1058.5s | lr 0.00045
E5666/10000 | train 0.022680 | test 0.031564 | epoch 0.17s | total 1058.6s | lr 0.00045
E5667/10000 | train 0.022769 | test 0.031384 | epoch 0.17s | total 1058.8s | lr 0.00045
E5668/10000 | train 0.022724 | test 0.031428 | epoch 0.17s | total 1059.0s | lr 0.00045
E5669/10000 | train 0.022748 | test 0.031541 | epoch 0.17s | total 1059.2s | lr 0.00045
E5670/10000 | train 0.022712 | test 0.031417 | epoch 0.17s | total 1059.3s | lr 0.00045
E5671/10000 | train 0.022730 | test 0.031436 | epoch 0.17s | total 1059.5s | lr 0.00045
E5672/10000 | train 0.022723 | test 0.031496 | epoch 0.17s | total 1059.7s | lr 0.00045
E5673/10000 | train 0.022692 | test 0.031377 | epoch 0.17s | total 1059.9s | lr 0.00045
E5674/10000 | train 0.022844 | test 0.031375 | epoch 0.17s | total 1060.1s | lr 0.00045
E5675/10000 | train 0.023014 | test 0.031451 | epoch 0.17s | total 1060.2s | lr 0.00045
E5676/10000 | train 0.022900 | test 0.031406 | epoch 0.17s | total 1060.4s | lr 0.00045
E5677/10000 | train 0.022722 | test 0.031357 | epoch 0.17s | total 1060.6s | lr 0.00045
E5678/10000 | train 0.022871 | test 0.031330 | epoch 0.17s | total 1060.8s | lr 0.00045
E5679/10000 | train 0.022867 | test 0.031319 | epoch 0.17s | total 1061.0s | lr 0.00045
E5680/10000 | train 0.022791 | test 0.031297 | epoch 0.17s | total 1061.1s | lr 0.00045
E5681/10000 | train 0.022744 | test 0.031390 | epoch 0.17s | total 1061.3s | lr 0.00045
E5682/10000 | train 0.022828 | test 0.031390 | epoch 0.17s | total 1061.5s | lr 0.00045
E5683/10000 | train 0.022739 | test 0.031342 | epoch 0.17s | total 1061.7s | lr 0.00045
E5684/10000 | train 0.023015 | test 0.031360 | epoch 0.17s | total 1061.8s | lr 0.00045
E5685/10000 | train 0.022948 | test 0.031388 | epoch 0.17s | total 1062.0s | lr 0.00045
E5686/10000 | train 0.022819 | test 0.031371 | epoch 0.17s | total 1062.2s | lr 0.00045
E5687/10000 | train 0.022763 | test 0.031449 | epoch 0.17s | total 1062.4s | lr 0.00045
E5688/10000 | train 0.022810 | test 0.031407 | epoch 0.17s | total 1062.6s | lr 0.00045
E5689/10000 | train 0.022691 | test 0.031405 | epoch 0.17s | total 1062.7s | lr 0.00045
E5690/10000 | train 0.022679 | test 0.031517 | epoch 0.17s | total 1062.9s | lr 0.00045
E5691/10000 | train 0.022607 | test 0.031457 | epoch 0.17s | total 1063.1s | lr 0.00045
E5692/10000 | train 0.022625 | test 0.031456 | epoch 0.17s | total 1063.3s | lr 0.00045
E5693/10000 | train 0.022635 | test 0.031415 | epoch 0.17s | total 1063.5s | lr 0.00045
E5694/10000 | train 0.022613 | test 0.031562 | epoch 0.17s | total 1063.6s | lr 0.00045
E5695/10000 | train 0.022567 | test 0.031509 | epoch 0.17s | total 1063.8s | lr 0.00045
E5696/10000 | train 0.022528 | test 0.031466 | epoch 0.18s | total 1064.0s | lr 0.00045
E5697/10000 | train 0.022499 | test 0.031448 | epoch 0.18s | total 1064.2s | lr 0.00045
E5698/10000 | train 0.022534 | test 0.031436 | epoch 0.18s | total 1064.4s | lr 0.00044
E5699/10000 | train 0.022463 | test 0.031554 | epoch 0.17s | total 1064.6s | lr 0.00044
E5700/10000 | train 0.022611 | test 0.031594 | epoch 0.18s | total 1064.7s | lr 0.00044
E5701/10000 | train 0.022616 | test 0.031638 | epoch 0.18s | total 1064.9s | lr 0.00044
E5702/10000 | train 0.022671 | test 0.031509 | epoch 0.17s | total 1065.1s | lr 0.00044
E5703/10000 | train 0.022689 | test 0.031486 | epoch 0.17s | total 1065.3s | lr 0.00044
E5704/10000 | train 0.022883 | test 0.031478 | epoch 0.18s | total 1065.5s | lr 0.00044
E5705/10000 | train 0.022746 | test 0.031416 | epoch 0.18s | total 1065.7s | lr 0.00044
E5706/10000 | train 0.022703 | test 0.031500 | epoch 0.17s | total 1065.8s | lr 0.00044
E5707/10000 | train 0.022718 | test 0.031426 | epoch 0.17s | total 1066.0s | lr 0.00044
E5708/10000 | train 0.022708 | test 0.031518 | epoch 0.18s | total 1066.2s | lr 0.00044
E5709/10000 | train 0.022645 | test 0.031474 | epoch 0.17s | total 1066.4s | lr 0.00044
E5710/10000 | train 0.022648 | test 0.031439 | epoch 0.18s | total 1066.6s | lr 0.00044
E5711/10000 | train 0.022697 | test 0.031399 | epoch 0.17s | total 1066.7s | lr 0.00044
E5712/10000 | train 0.022610 | test 0.031432 | epoch 0.17s | total 1066.9s | lr 0.00044
E5713/10000 | train 0.022498 | test 0.031362 | epoch 0.17s | total 1067.1s | lr 0.00044
E5714/10000 | train 0.022501 | test 0.031514 | epoch 0.17s | total 1067.3s | lr 0.00044
E5715/10000 | train 0.022600 | test 0.031485 | epoch 0.17s | total 1067.5s | lr 0.00044
E5716/10000 | train 0.022542 | test 0.031395 | epoch 0.17s | total 1067.6s | lr 0.00044
E5717/10000 | train 0.022580 | test 0.031381 | epoch 0.17s | total 1067.8s | lr 0.00044
E5718/10000 | train 0.022552 | test 0.031521 | epoch 0.19s | total 1068.0s | lr 0.00044
E5719/10000 | train 0.022596 | test 0.031545 | epoch 0.18s | total 1068.2s | lr 0.00044
E5720/10000 | train 0.022724 | test 0.031505 | epoch 0.18s | total 1068.4s | lr 0.00044
E5721/10000 | train 0.022597 | test 0.031618 | epoch 0.18s | total 1068.6s | lr 0.00044
E5722/10000 | train 0.022587 | test 0.031482 | epoch 0.18s | total 1068.8s | lr 0.00044
E5723/10000 | train 0.022543 | test 0.031502 | epoch 0.17s | total 1069.0s | lr 0.00044
E5724/10000 | train 0.022805 | test 0.031530 | epoch 0.18s | total 1069.1s | lr 0.00044
E5725/10000 | train 0.022707 | test 0.031505 | epoch 0.17s | total 1069.3s | lr 0.00044
E5726/10000 | train 0.022670 | test 0.031537 | epoch 0.17s | total 1069.5s | lr 0.00044
E5727/10000 | train 0.022643 | test 0.031553 | epoch 0.18s | total 1069.7s | lr 0.00044
E5728/10000 | train 0.022569 | test 0.031574 | epoch 0.18s | total 1069.9s | lr 0.00044
E5729/10000 | train 0.022645 | test 0.031613 | epoch 0.18s | total 1070.1s | lr 0.00044
E5730/10000 | train 0.022768 | test 0.031593 | epoch 0.18s | total 1070.2s | lr 0.00044
E5731/10000 | train 0.022844 | test 0.031584 | epoch 0.17s | total 1070.4s | lr 0.00044
E5732/10000 | train 0.022860 | test 0.031502 | epoch 0.19s | total 1070.6s | lr 0.00044
E5733/10000 | train 0.022710 | test 0.031470 | epoch 0.17s | total 1070.8s | lr 0.00044
E5734/10000 | train 0.022703 | test 0.031498 | epoch 0.17s | total 1071.0s | lr 0.00044
E5735/10000 | train 0.022535 | test 0.031428 | epoch 0.18s | total 1071.2s | lr 0.00044
E5736/10000 | train 0.022557 | test 0.031438 | epoch 0.17s | total 1071.4s | lr 0.00044
E5737/10000 | train 0.022567 | test 0.031342 | epoch 0.17s | total 1071.5s | lr 0.00043
E5738/10000 | train 0.022478 | test 0.031334 | epoch 0.17s | total 1071.7s | lr 0.00043
E5739/10000 | train 0.022432 | test 0.031395 | epoch 0.19s | total 1071.9s | lr 0.00043
E5740/10000 | train 0.022437 | test 0.031388 | epoch 0.18s | total 1072.1s | lr 0.00043
E5741/10000 | train 0.022496 | test 0.031440 | epoch 0.17s | total 1072.3s | lr 0.00043
E5742/10000 | train 0.022474 | test 0.031383 | epoch 0.18s | total 1072.5s | lr 0.00043
E5743/10000 | train 0.022494 | test 0.031387 | epoch 0.18s | total 1072.6s | lr 0.00043
E5744/10000 | train 0.022406 | test 0.031404 | epoch 0.17s | total 1072.8s | lr 0.00043
E5745/10000 | train 0.022444 | test 0.031453 | epoch 0.17s | total 1073.0s | lr 0.00043
E5746/10000 | train 0.022488 | test 0.031494 | epoch 0.17s | total 1073.2s | lr 0.00043
E5747/10000 | train 0.022493 | test 0.031496 | epoch 0.17s | total 1073.4s | lr 0.00043
E5748/10000 | train 0.022587 | test 0.031476 | epoch 0.17s | total 1073.5s | lr 0.00043
E5749/10000 | train 0.022587 | test 0.031451 | epoch 0.17s | total 1073.7s | lr 0.00043
E5750/10000 | train 0.022385 | test 0.031432 | epoch 0.17s | total 1073.9s | lr 0.00043
E5751/10000 | train 0.022479 | test 0.031367 | epoch 0.17s | total 1074.1s | lr 0.00043
E5752/10000 | train 0.022406 | test 0.031506 | epoch 0.17s | total 1074.3s | lr 0.00043
E5753/10000 | train 0.022322 | test 0.031507 | epoch 0.17s | total 1074.4s | lr 0.00043
E5754/10000 | train 0.022212 | test 0.031447 | epoch 0.17s | total 1074.6s | lr 0.00043
E5755/10000 | train 0.022190 | test 0.031501 | epoch 0.17s | total 1074.8s | lr 0.00043
E5756/10000 | train 0.022165 | test 0.031442 | epoch 0.17s | total 1075.0s | lr 0.00043
E5757/10000 | train 0.022134 | test 0.031508 | epoch 0.17s | total 1075.2s | lr 0.00043
E5758/10000 | train 0.022146 | test 0.031635 | epoch 0.17s | total 1075.3s | lr 0.00043
E5759/10000 | train 0.022218 | test 0.031587 | epoch 0.17s | total 1075.5s | lr 0.00043
E5760/10000 | train 0.022285 | test 0.031536 | epoch 0.17s | total 1075.7s | lr 0.00043
E5761/10000 | train 0.022327 | test 0.031614 | epoch 0.17s | total 1075.9s | lr 0.00043
E5762/10000 | train 0.022289 | test 0.031543 | epoch 0.17s | total 1076.1s | lr 0.00043
E5763/10000 | train 0.022210 | test 0.031565 | epoch 0.17s | total 1076.2s | lr 0.00043
E5764/10000 | train 0.022319 | test 0.031598 | epoch 0.17s | total 1076.4s | lr 0.00043
E5765/10000 | train 0.022451 | test 0.031578 | epoch 0.17s | total 1076.6s | lr 0.00043
E5766/10000 | train 0.022738 | test 0.031718 | epoch 0.18s | total 1076.8s | lr 0.00043
E5767/10000 | train 0.022843 | test 0.031775 | epoch 0.17s | total 1077.0s | lr 0.00043
E5768/10000 | train 0.023145 | test 0.031634 | epoch 0.17s | total 1077.1s | lr 0.00043
E5769/10000 | train 0.023232 | test 0.031694 | epoch 0.17s | total 1077.3s | lr 0.00043
E5770/10000 | train 0.023074 | test 0.031776 | epoch 0.17s | total 1077.5s | lr 0.00043
E5771/10000 | train 0.023313 | test 0.031808 | epoch 0.18s | total 1077.7s | lr 0.00043
E5772/10000 | train 0.023301 | test 0.031759 | epoch 0.17s | total 1077.9s | lr 0.00043
E5773/10000 | train 0.023237 | test 0.031738 | epoch 0.18s | total 1078.1s | lr 0.00043
E5774/10000 | train 0.023051 | test 0.031706 | epoch 0.17s | total 1078.2s | lr 0.00042
E5775/10000 | train 0.022955 | test 0.031727 | epoch 0.17s | total 1078.4s | lr 0.00042
E5776/10000 | train 0.022848 | test 0.031690 | epoch 0.17s | total 1078.6s | lr 0.00042
E5777/10000 | train 0.022923 | test 0.031759 | epoch 0.17s | total 1078.8s | lr 0.00042
E5778/10000 | train 0.022870 | test 0.031532 | epoch 0.17s | total 1079.0s | lr 0.00042
E5779/10000 | train 0.022871 | test 0.031626 | epoch 0.17s | total 1079.1s | lr 0.00042
E5780/10000 | train 0.022864 | test 0.031532 | epoch 0.17s | total 1079.3s | lr 0.00042
E5781/10000 | train 0.022808 | test 0.031707 | epoch 0.17s | total 1079.5s | lr 0.00042
E5782/10000 | train 0.022995 | test 0.031694 | epoch 0.17s | total 1079.7s | lr 0.00042
E5783/10000 | train 0.022929 | test 0.031687 | epoch 0.17s | total 1079.8s | lr 0.00042
E5784/10000 | train 0.022925 | test 0.031689 | epoch 0.18s | total 1080.0s | lr 0.00042
E5785/10000 | train 0.023038 | test 0.031624 | epoch 0.17s | total 1080.2s | lr 0.00042
E5786/10000 | train 0.022908 | test 0.031659 | epoch 0.17s | total 1080.4s | lr 0.00042
E5787/10000 | train 0.022823 | test 0.031717 | epoch 0.17s | total 1080.6s | lr 0.00042
E5788/10000 | train 0.022848 | test 0.031666 | epoch 0.18s | total 1080.8s | lr 0.00042
E5789/10000 | train 0.023010 | test 0.031604 | epoch 0.17s | total 1080.9s | lr 0.00042
E5790/10000 | train 0.022836 | test 0.031660 | epoch 0.17s | total 1081.1s | lr 0.00042
E5791/10000 | train 0.022723 | test 0.031575 | epoch 0.17s | total 1081.3s | lr 0.00042
E5792/10000 | train 0.022916 | test 0.031623 | epoch 0.17s | total 1081.5s | lr 0.00042
E5793/10000 | train 0.022825 | test 0.031596 | epoch 0.17s | total 1081.6s | lr 0.00042
E5794/10000 | train 0.022730 | test 0.031553 | epoch 0.17s | total 1081.8s | lr 0.00042
E5795/10000 | train 0.022787 | test 0.031705 | epoch 0.17s | total 1082.0s | lr 0.00042
E5796/10000 | train 0.022761 | test 0.031632 | epoch 0.17s | total 1082.2s | lr 0.00042
E5797/10000 | train 0.022667 | test 0.031582 | epoch 0.17s | total 1082.4s | lr 0.00042
E5798/10000 | train 0.022719 | test 0.031713 | epoch 0.17s | total 1082.5s | lr 0.00042
E5799/10000 | train 0.022703 | test 0.031586 | epoch 0.17s | total 1082.7s | lr 0.00042
E5800/10000 | train 0.022832 | test 0.031483 | epoch 0.17s | total 1082.9s | lr 0.00042
E5801/10000 | train 0.022808 | test 0.031633 | epoch 0.17s | total 1083.1s | lr 0.00042
E5802/10000 | train 0.023176 | test 0.031590 | epoch 0.17s | total 1083.2s | lr 0.00042
E5803/10000 | train 0.023087 | test 0.031528 | epoch 0.17s | total 1083.4s | lr 0.00042
E5804/10000 | train 0.023237 | test 0.031428 | epoch 0.17s | total 1083.6s | lr 0.00042
E5805/10000 | train 0.022938 | test 0.031490 | epoch 0.17s | total 1083.8s | lr 0.00042
E5806/10000 | train 0.023110 | test 0.031487 | epoch 0.17s | total 1084.0s | lr 0.00042
E5807/10000 | train 0.023184 | test 0.031552 | epoch 0.17s | total 1084.1s | lr 0.00042
E5808/10000 | train 0.022953 | test 0.031520 | epoch 0.17s | total 1084.3s | lr 0.00042
E5809/10000 | train 0.022892 | test 0.031422 | epoch 0.17s | total 1084.5s | lr 0.00042
E5810/10000 | train 0.022927 | test 0.031443 | epoch 0.18s | total 1084.7s | lr 0.00041
E5811/10000 | train 0.022868 | test 0.031423 | epoch 0.17s | total 1084.9s | lr 0.00041
E5812/10000 | train 0.022776 | test 0.031389 | epoch 0.17s | total 1085.0s | lr 0.00041
E5813/10000 | train 0.022646 | test 0.031494 | epoch 0.18s | total 1085.2s | lr 0.00041
E5814/10000 | train 0.022615 | test 0.031508 | epoch 0.18s | total 1085.4s | lr 0.00041
E5815/10000 | train 0.022634 | test 0.031594 | epoch 0.17s | total 1085.6s | lr 0.00041
E5816/10000 | train 0.022685 | test 0.031491 | epoch 0.17s | total 1085.8s | lr 0.00041
E5817/10000 | train 0.022621 | test 0.031524 | epoch 0.17s | total 1085.9s | lr 0.00041
E5818/10000 | train 0.022603 | test 0.031490 | epoch 0.17s | total 1086.1s | lr 0.00041
E5819/10000 | train 0.022499 | test 0.031492 | epoch 0.17s | total 1086.3s | lr 0.00041
E5820/10000 | train 0.022507 | test 0.031551 | epoch 0.17s | total 1086.5s | lr 0.00041
E5821/10000 | train 0.022488 | test 0.031499 | epoch 0.17s | total 1086.7s | lr 0.00041
E5822/10000 | train 0.022547 | test 0.031455 | epoch 0.18s | total 1086.8s | lr 0.00041
E5823/10000 | train 0.022604 | test 0.031595 | epoch 0.18s | total 1087.0s | lr 0.00041
E5824/10000 | train 0.022974 | test 0.031554 | epoch 0.17s | total 1087.2s | lr 0.00041
E5825/10000 | train 0.022761 | test 0.031478 | epoch 0.17s | total 1087.4s | lr 0.00041
E5826/10000 | train 0.022613 | test 0.031534 | epoch 0.17s | total 1087.6s | lr 0.00041
E5827/10000 | train 0.022564 | test 0.031535 | epoch 0.17s | total 1087.7s | lr 0.00041
E5828/10000 | train 0.022606 | test 0.031581 | epoch 0.18s | total 1087.9s | lr 0.00041
E5829/10000 | train 0.022862 | test 0.031562 | epoch 0.18s | total 1088.1s | lr 0.00041
E5830/10000 | train 0.022905 | test 0.031557 | epoch 0.17s | total 1088.3s | lr 0.00041
E5831/10000 | train 0.022918 | test 0.031521 | epoch 0.18s | total 1088.5s | lr 0.00041
E5832/10000 | train 0.022773 | test 0.031434 | epoch 0.17s | total 1088.7s | lr 0.00041
E5833/10000 | train 0.022616 | test 0.031504 | epoch 0.18s | total 1088.8s | lr 0.00041
E5834/10000 | train 0.022488 | test 0.031471 | epoch 0.17s | total 1089.0s | lr 0.00041
E5835/10000 | train 0.022591 | test 0.031538 | epoch 0.17s | total 1089.2s | lr 0.00041
E5836/10000 | train 0.022560 | test 0.031490 | epoch 0.17s | total 1089.4s | lr 0.00041
E5837/10000 | train 0.022654 | test 0.031499 | epoch 0.17s | total 1089.6s | lr 0.00041
E5838/10000 | train 0.022547 | test 0.031560 | epoch 0.17s | total 1089.7s | lr 0.00041
E5839/10000 | train 0.022663 | test 0.031588 | epoch 0.18s | total 1089.9s | lr 0.00041
E5840/10000 | train 0.022953 | test 0.031569 | epoch 0.17s | total 1090.1s | lr 0.00041
E5841/10000 | train 0.023082 | test 0.031614 | epoch 0.17s | total 1090.3s | lr 0.00041
E5842/10000 | train 0.022835 | test 0.031595 | epoch 0.17s | total 1090.5s | lr 0.00041
E5843/10000 | train 0.022765 | test 0.031609 | epoch 0.17s | total 1090.7s | lr 0.00041
E5844/10000 | train 0.022875 | test 0.031584 | epoch 0.17s | total 1090.8s | lr 0.00041
E5845/10000 | train 0.023051 | test 0.031611 | epoch 0.17s | total 1091.0s | lr 0.00040
E5846/10000 | train 0.022961 | test 0.031534 | epoch 0.17s | total 1091.2s | lr 0.00040
E5847/10000 | train 0.023290 | test 0.031793 | epoch 0.17s | total 1091.4s | lr 0.00040
E5848/10000 | train 0.023384 | test 0.031628 | epoch 0.17s | total 1091.6s | lr 0.00040
E5849/10000 | train 0.023215 | test 0.031585 | epoch 0.17s | total 1091.7s | lr 0.00040
E5850/10000 | train 0.023161 | test 0.031561 | epoch 0.17s | total 1091.9s | lr 0.00040
E5851/10000 | train 0.023142 | test 0.031656 | epoch 0.17s | total 1092.1s | lr 0.00040
E5852/10000 | train 0.022984 | test 0.031525 | epoch 0.17s | total 1092.3s | lr 0.00040
E5853/10000 | train 0.023111 | test 0.031651 | epoch 0.17s | total 1092.4s | lr 0.00040
E5854/10000 | train 0.023078 | test 0.031557 | epoch 0.17s | total 1092.6s | lr 0.00040
E5855/10000 | train 0.023215 | test 0.031682 | epoch 0.17s | total 1092.8s | lr 0.00040
E5856/10000 | train 0.023473 | test 0.031688 | epoch 0.17s | total 1093.0s | lr 0.00040
E5857/10000 | train 0.023551 | test 0.031598 | epoch 0.17s | total 1093.2s | lr 0.00040
E5858/10000 | train 0.023433 | test 0.031599 | epoch 0.17s | total 1093.3s | lr 0.00040
E5859/10000 | train 0.023138 | test 0.031512 | epoch 0.17s | total 1093.5s | lr 0.00040
E5860/10000 | train 0.023015 | test 0.031554 | epoch 0.17s | total 1093.7s | lr 0.00040
E5861/10000 | train 0.023251 | test 0.031661 | epoch 0.17s | total 1093.9s | lr 0.00040
E5862/10000 | train 0.023566 | test 0.031654 | epoch 0.17s | total 1094.1s | lr 0.00040
E5863/10000 | train 0.023272 | test 0.031631 | epoch 0.17s | total 1094.2s | lr 0.00040
E5864/10000 | train 0.023095 | test 0.031624 | epoch 0.18s | total 1094.4s | lr 0.00040
E5865/10000 | train 0.022926 | test 0.031561 | epoch 0.17s | total 1094.6s | lr 0.00040
E5866/10000 | train 0.022951 | test 0.031491 | epoch 0.17s | total 1094.8s | lr 0.00040
E5867/10000 | train 0.022906 | test 0.031548 | epoch 0.17s | total 1095.0s | lr 0.00040
E5868/10000 | train 0.022858 | test 0.031591 | epoch 0.18s | total 1095.2s | lr 0.00040
E5869/10000 | train 0.022996 | test 0.031621 | epoch 0.18s | total 1095.3s | lr 0.00040
E5870/10000 | train 0.023457 | test 0.031987 | epoch 0.17s | total 1095.5s | lr 0.00040
E5871/10000 | train 0.024062 | test 0.031829 | epoch 0.17s | total 1095.7s | lr 0.00040
E5872/10000 | train 0.023608 | test 0.031788 | epoch 0.17s | total 1095.9s | lr 0.00040
E5873/10000 | train 0.023211 | test 0.031552 | epoch 0.17s | total 1096.1s | lr 0.00040
E5874/10000 | train 0.023107 | test 0.031678 | epoch 0.17s | total 1096.2s | lr 0.00040
E5875/10000 | train 0.023459 | test 0.031554 | epoch 0.17s | total 1096.4s | lr 0.00040
E5876/10000 | train 0.023226 | test 0.031627 | epoch 0.17s | total 1096.6s | lr 0.00040
E5877/10000 | train 0.023245 | test 0.031520 | epoch 0.17s | total 1096.8s | lr 0.00040
E5878/10000 | train 0.023257 | test 0.031713 | epoch 0.17s | total 1097.0s | lr 0.00040
E5879/10000 | train 0.023304 | test 0.031665 | epoch 0.17s | total 1097.1s | lr 0.00039
E5880/10000 | train 0.023138 | test 0.031585 | epoch 0.17s | total 1097.3s | lr 0.00039
E5881/10000 | train 0.023058 | test 0.031719 | epoch 0.17s | total 1097.5s | lr 0.00039
E5882/10000 | train 0.022944 | test 0.031592 | epoch 0.17s | total 1097.7s | lr 0.00039
E5883/10000 | train 0.022928 | test 0.031650 | epoch 0.17s | total 1097.8s | lr 0.00039
E5884/10000 | train 0.022991 | test 0.031625 | epoch 0.17s | total 1098.0s | lr 0.00039
E5885/10000 | train 0.022884 | test 0.031649 | epoch 0.17s | total 1098.2s | lr 0.00039
E5886/10000 | train 0.022909 | test 0.031593 | epoch 0.17s | total 1098.4s | lr 0.00039
E5887/10000 | train 0.022871 | test 0.031628 | epoch 0.17s | total 1098.6s | lr 0.00039
E5888/10000 | train 0.022838 | test 0.031546 | epoch 0.17s | total 1098.7s | lr 0.00039
E5889/10000 | train 0.022951 | test 0.031719 | epoch 0.17s | total 1098.9s | lr 0.00039
E5890/10000 | train 0.022904 | test 0.031655 | epoch 0.17s | total 1099.1s | lr 0.00039
E5891/10000 | train 0.022778 | test 0.031455 | epoch 0.17s | total 1099.3s | lr 0.00039
E5892/10000 | train 0.022620 | test 0.031486 | epoch 0.17s | total 1099.5s | lr 0.00039
E5893/10000 | train 0.022585 | test 0.031549 | epoch 0.17s | total 1099.7s | lr 0.00039
E5894/10000 | train 0.022680 | test 0.031702 | epoch 0.17s | total 1099.8s | lr 0.00039
E5895/10000 | train 0.022785 | test 0.031701 | epoch 0.17s | total 1100.0s | lr 0.00039
E5896/10000 | train 0.022721 | test 0.031667 | epoch 0.18s | total 1100.2s | lr 0.00039
E5897/10000 | train 0.022798 | test 0.031639 | epoch 0.17s | total 1100.4s | lr 0.00039
E5898/10000 | train 0.022701 | test 0.031680 | epoch 0.17s | total 1100.6s | lr 0.00039
E5899/10000 | train 0.022634 | test 0.031640 | epoch 0.17s | total 1100.7s | lr 0.00039
E5900/10000 | train 0.022642 | test 0.031690 | epoch 0.17s | total 1100.9s | lr 0.00039
E5901/10000 | train 0.022797 | test 0.031750 | epoch 0.17s | total 1101.1s | lr 0.00039
E5902/10000 | train 0.022969 | test 0.031756 | epoch 0.18s | total 1101.3s | lr 0.00039
E5903/10000 | train 0.023008 | test 0.031658 | epoch 0.17s | total 1101.5s | lr 0.00039
E5904/10000 | train 0.023042 | test 0.031784 | epoch 0.17s | total 1101.6s | lr 0.00039
E5905/10000 | train 0.022861 | test 0.031730 | epoch 0.17s | total 1101.8s | lr 0.00039
E5906/10000 | train 0.022925 | test 0.031624 | epoch 0.17s | total 1102.0s | lr 0.00039
E5907/10000 | train 0.022943 | test 0.031570 | epoch 0.17s | total 1102.2s | lr 0.00039
E5908/10000 | train 0.022811 | test 0.031683 | epoch 0.17s | total 1102.4s | lr 0.00039
E5909/10000 | train 0.022865 | test 0.031669 | epoch 0.17s | total 1102.5s | lr 0.00039
E5910/10000 | train 0.022854 | test 0.031647 | epoch 0.17s | total 1102.7s | lr 0.00039
E5911/10000 | train 0.022782 | test 0.031648 | epoch 0.17s | total 1102.9s | lr 0.00039
E5912/10000 | train 0.022718 | test 0.031576 | epoch 0.17s | total 1103.1s | lr 0.00038
E5913/10000 | train 0.022629 | test 0.031615 | epoch 0.17s | total 1103.3s | lr 0.00038
E5914/10000 | train 0.022649 | test 0.031630 | epoch 0.17s | total 1103.4s | lr 0.00038
E5915/10000 | train 0.022729 | test 0.031636 | epoch 0.17s | total 1103.6s | lr 0.00038
E5916/10000 | train 0.022803 | test 0.031631 | epoch 0.17s | total 1103.8s | lr 0.00038
E5917/10000 | train 0.022721 | test 0.031673 | epoch 0.17s | total 1104.0s | lr 0.00038
E5918/10000 | train 0.022709 | test 0.031706 | epoch 0.17s | total 1104.2s | lr 0.00038
E5919/10000 | train 0.022808 | test 0.031748 | epoch 0.18s | total 1104.3s | lr 0.00038
E5920/10000 | train 0.022697 | test 0.031704 | epoch 0.18s | total 1104.5s | lr 0.00038
E5921/10000 | train 0.022726 | test 0.031732 | epoch 0.17s | total 1104.7s | lr 0.00038
E5922/10000 | train 0.022802 | test 0.031745 | epoch 0.17s | total 1104.9s | lr 0.00038
E5923/10000 | train 0.022778 | test 0.031746 | epoch 0.17s | total 1105.1s | lr 0.00038
E5924/10000 | train 0.022865 | test 0.031884 | epoch 0.17s | total 1105.2s | lr 0.00038
E5925/10000 | train 0.022885 | test 0.031756 | epoch 0.17s | total 1105.4s | lr 0.00038
E5926/10000 | train 0.022947 | test 0.031783 | epoch 0.17s | total 1105.6s | lr 0.00038
E5927/10000 | train 0.022848 | test 0.031831 | epoch 0.17s | total 1105.8s | lr 0.00038
E5928/10000 | train 0.022826 | test 0.031802 | epoch 0.17s | total 1106.0s | lr 0.00038
E5929/10000 | train 0.022807 | test 0.031811 | epoch 0.17s | total 1106.2s | lr 0.00038
E5930/10000 | train 0.022803 | test 0.031650 | epoch 0.18s | total 1106.3s | lr 0.00038
E5931/10000 | train 0.022676 | test 0.031631 | epoch 0.17s | total 1106.5s | lr 0.00038
E5932/10000 | train 0.022615 | test 0.031660 | epoch 0.17s | total 1106.7s | lr 0.00038
E5933/10000 | train 0.022659 | test 0.031756 | epoch 0.17s | total 1106.9s | lr 0.00038
E5934/10000 | train 0.022774 | test 0.031679 | epoch 0.17s | total 1107.1s | lr 0.00038
E5935/10000 | train 0.022833 | test 0.031653 | epoch 0.17s | total 1107.2s | lr 0.00038
E5936/10000 | train 0.022706 | test 0.031686 | epoch 0.17s | total 1107.4s | lr 0.00038
E5937/10000 | train 0.022528 | test 0.031633 | epoch 0.17s | total 1107.6s | lr 0.00038
E5938/10000 | train 0.022440 | test 0.031561 | epoch 0.17s | total 1107.8s | lr 0.00038
E5939/10000 | train 0.022491 | test 0.031585 | epoch 0.17s | total 1108.0s | lr 0.00038
E5940/10000 | train 0.022552 | test 0.031751 | epoch 0.17s | total 1108.1s | lr 0.00038
E5941/10000 | train 0.022442 | test 0.031662 | epoch 0.17s | total 1108.3s | lr 0.00038
E5942/10000 | train 0.022336 | test 0.031632 | epoch 0.17s | total 1108.5s | lr 0.00038
E5943/10000 | train 0.022307 | test 0.031715 | epoch 0.17s | total 1108.7s | lr 0.00038
E5944/10000 | train 0.022374 | test 0.031666 | epoch 0.17s | total 1108.8s | lr 0.00038
E5945/10000 | train 0.022366 | test 0.031671 | epoch 0.17s | total 1109.0s | lr 0.00037
E5946/10000 | train 0.022385 | test 0.031717 | epoch 0.17s | total 1109.2s | lr 0.00037
E5947/10000 | train 0.022355 | test 0.031642 | epoch 0.17s | total 1109.4s | lr 0.00037
E5948/10000 | train 0.022318 | test 0.031727 | epoch 0.17s | total 1109.6s | lr 0.00037
E5949/10000 | train 0.022359 | test 0.031672 | epoch 0.17s | total 1109.7s | lr 0.00037
E5950/10000 | train 0.022364 | test 0.031599 | epoch 0.17s | total 1109.9s | lr 0.00037
E5951/10000 | train 0.022336 | test 0.031631 | epoch 0.17s | total 1110.1s | lr 0.00037
E5952/10000 | train 0.022288 | test 0.031622 | epoch 0.17s | total 1110.3s | lr 0.00037
E5953/10000 | train 0.022217 | test 0.031627 | epoch 0.18s | total 1110.5s | lr 0.00037
E5954/10000 | train 0.022244 | test 0.031695 | epoch 0.17s | total 1110.6s | lr 0.00037
E5955/10000 | train 0.022337 | test 0.031670 | epoch 0.18s | total 1110.8s | lr 0.00037
E5956/10000 | train 0.022494 | test 0.031773 | epoch 0.17s | total 1111.0s | lr 0.00037
E5957/10000 | train 0.022467 | test 0.031740 | epoch 0.17s | total 1111.2s | lr 0.00037
E5958/10000 | train 0.022369 | test 0.031614 | epoch 0.17s | total 1111.4s | lr 0.00037
E5959/10000 | train 0.022337 | test 0.031726 | epoch 0.17s | total 1111.6s | lr 0.00037
E5960/10000 | train 0.022381 | test 0.031677 | epoch 0.17s | total 1111.7s | lr 0.00037
E5961/10000 | train 0.022395 | test 0.031621 | epoch 0.17s | total 1111.9s | lr 0.00037
E5962/10000 | train 0.022390 | test 0.031568 | epoch 0.17s | total 1112.1s | lr 0.00037
E5963/10000 | train 0.022336 | test 0.031608 | epoch 0.18s | total 1112.3s | lr 0.00037
E5964/10000 | train 0.022474 | test 0.031725 | epoch 0.17s | total 1112.5s | lr 0.00037
E5965/10000 | train 0.022342 | test 0.031689 | epoch 0.17s | total 1112.6s | lr 0.00037
E5966/10000 | train 0.022254 | test 0.031742 | epoch 0.17s | total 1112.8s | lr 0.00037
E5967/10000 | train 0.022256 | test 0.031801 | epoch 0.18s | total 1113.0s | lr 0.00037
E5968/10000 | train 0.022212 | test 0.031782 | epoch 0.18s | total 1113.2s | lr 0.00037
E5969/10000 | train 0.022229 | test 0.031822 | epoch 0.18s | total 1113.4s | lr 0.00037
E5970/10000 | train 0.022227 | test 0.031643 | epoch 0.18s | total 1113.6s | lr 0.00037
E5971/10000 | train 0.022327 | test 0.031622 | epoch 0.17s | total 1113.7s | lr 0.00037
E5972/10000 | train 0.022394 | test 0.031572 | epoch 0.17s | total 1113.9s | lr 0.00037
E5973/10000 | train 0.022387 | test 0.031764 | epoch 0.17s | total 1114.1s | lr 0.00037
E5974/10000 | train 0.022345 | test 0.031687 | epoch 0.17s | total 1114.3s | lr 0.00037
E5975/10000 | train 0.022262 | test 0.031585 | epoch 0.17s | total 1114.5s | lr 0.00037
E5976/10000 | train 0.022180 | test 0.031670 | epoch 0.18s | total 1114.6s | lr 0.00037
E5977/10000 | train 0.022117 | test 0.031700 | epoch 0.17s | total 1114.8s | lr 0.00036
E5978/10000 | train 0.022125 | test 0.031642 | epoch 0.17s | total 1115.0s | lr 0.00036
E5979/10000 | train 0.022117 | test 0.031676 | epoch 0.17s | total 1115.2s | lr 0.00036
E5980/10000 | train 0.022226 | test 0.031703 | epoch 0.17s | total 1115.4s | lr 0.00036
E5981/10000 | train 0.022298 | test 0.031660 | epoch 0.17s | total 1115.5s | lr 0.00036
E5982/10000 | train 0.022280 | test 0.031700 | epoch 0.17s | total 1115.7s | lr 0.00036
E5983/10000 | train 0.022226 | test 0.031627 | epoch 0.17s | total 1115.9s | lr 0.00036
E5984/10000 | train 0.022234 | test 0.031657 | epoch 0.17s | total 1116.1s | lr 0.00036
E5985/10000 | train 0.022219 | test 0.031805 | epoch 0.17s | total 1116.3s | lr 0.00036
E5986/10000 | train 0.022265 | test 0.031754 | epoch 0.17s | total 1116.4s | lr 0.00036
E5987/10000 | train 0.022580 | test 0.031804 | epoch 0.17s | total 1116.6s | lr 0.00036
E5988/10000 | train 0.022923 | test 0.031841 | epoch 0.18s | total 1116.8s | lr 0.00036
E5989/10000 | train 0.022747 | test 0.031752 | epoch 0.17s | total 1117.0s | lr 0.00036
E5990/10000 | train 0.022534 | test 0.031646 | epoch 0.17s | total 1117.2s | lr 0.00036
E5991/10000 | train 0.022543 | test 0.031774 | epoch 0.17s | total 1117.3s | lr 0.00036
E5992/10000 | train 0.022649 | test 0.031871 | epoch 0.17s | total 1117.5s | lr 0.00036
E5993/10000 | train 0.022767 | test 0.031827 | epoch 0.17s | total 1117.7s | lr 0.00036
E5994/10000 | train 0.022586 | test 0.031795 | epoch 0.17s | total 1117.9s | lr 0.00036
E5995/10000 | train 0.022496 | test 0.031755 | epoch 0.17s | total 1118.1s | lr 0.00036
E5996/10000 | train 0.022444 | test 0.031754 | epoch 0.17s | total 1118.3s | lr 0.00036
E5997/10000 | train 0.022461 | test 0.031773 | epoch 0.17s | total 1118.4s | lr 0.00036
E5998/10000 | train 0.022520 | test 0.031752 | epoch 0.17s | total 1118.6s | lr 0.00036
E5999/10000 | train 0.022528 | test 0.031711 | epoch 0.17s | total 1118.8s | lr 0.00036
E6000/10000 | train 0.022498 | test 0.031763 | epoch 0.17s | total 1119.0s | lr 0.00036
E6001/10000 | train 0.022481 | test 0.031655 | epoch 0.17s | total 1119.1s | lr 0.00036
E6002/10000 | train 0.022422 | test 0.031668 | epoch 0.17s | total 1119.3s | lr 0.00036
E6003/10000 | train 0.022361 | test 0.031831 | epoch 0.17s | total 1119.5s | lr 0.00036
E6004/10000 | train 0.022307 | test 0.031773 | epoch 0.17s | total 1119.7s | lr 0.00036
E6005/10000 | train 0.022223 | test 0.031712 | epoch 0.17s | total 1119.9s | lr 0.00036
E6006/10000 | train 0.022222 | test 0.031777 | epoch 0.17s | total 1120.0s | lr 0.00036
E6007/10000 | train 0.022320 | test 0.031730 | epoch 0.17s | total 1120.2s | lr 0.00036
E6008/10000 | train 0.022308 | test 0.031726 | epoch 0.17s | total 1120.4s | lr 0.00035
E6009/10000 | train 0.022354 | test 0.031803 | epoch 0.18s | total 1120.6s | lr 0.00035
E6010/10000 | train 0.022252 | test 0.031765 | epoch 0.17s | total 1120.8s | lr 0.00035
E6011/10000 | train 0.022241 | test 0.031778 | epoch 0.17s | total 1121.0s | lr 0.00035
E6012/10000 | train 0.022245 | test 0.031820 | epoch 0.17s | total 1121.1s | lr 0.00035
E6013/10000 | train 0.022396 | test 0.031844 | epoch 0.17s | total 1121.3s | lr 0.00035
E6014/10000 | train 0.022301 | test 0.031821 | epoch 0.17s | total 1121.5s | lr 0.00035
E6015/10000 | train 0.022288 | test 0.031775 | epoch 0.17s | total 1121.7s | lr 0.00035
E6016/10000 | train 0.022452 | test 0.031810 | epoch 0.17s | total 1121.8s | lr 0.00035
E6017/10000 | train 0.022410 | test 0.031780 | epoch 0.17s | total 1122.0s | lr 0.00035
E6018/10000 | train 0.022372 | test 0.031718 | epoch 0.17s | total 1122.2s | lr 0.00035
E6019/10000 | train 0.022371 | test 0.031724 | epoch 0.17s | total 1122.4s | lr 0.00035
E6020/10000 | train 0.022401 | test 0.031835 | epoch 0.17s | total 1122.6s | lr 0.00035
E6021/10000 | train 0.022296 | test 0.031735 | epoch 0.17s | total 1122.8s | lr 0.00035
E6022/10000 | train 0.022254 | test 0.031812 | epoch 0.17s | total 1122.9s | lr 0.00035
E6023/10000 | train 0.022263 | test 0.031763 | epoch 0.17s | total 1123.1s | lr 0.00035
E6024/10000 | train 0.022222 | test 0.031756 | epoch 0.17s | total 1123.3s | lr 0.00035
E6025/10000 | train 0.022158 | test 0.031761 | epoch 0.17s | total 1123.5s | lr 0.00035
E6026/10000 | train 0.022119 | test 0.031702 | epoch 0.17s | total 1123.6s | lr 0.00035
E6027/10000 | train 0.022129 | test 0.031731 | epoch 0.17s | total 1123.8s | lr 0.00035
E6028/10000 | train 0.022157 | test 0.031761 | epoch 0.17s | total 1124.0s | lr 0.00035
E6029/10000 | train 0.022142 | test 0.031881 | epoch 0.17s | total 1124.2s | lr 0.00035
E6030/10000 | train 0.022083 | test 0.031776 | epoch 0.17s | total 1124.4s | lr 0.00035
E6031/10000 | train 0.022097 | test 0.031733 | epoch 0.17s | total 1124.5s | lr 0.00035
E6032/10000 | train 0.022110 | test 0.031740 | epoch 0.17s | total 1124.7s | lr 0.00035
E6033/10000 | train 0.022098 | test 0.031690 | epoch 0.17s | total 1124.9s | lr 0.00035
E6034/10000 | train 0.022116 | test 0.031696 | epoch 0.17s | total 1125.1s | lr 0.00035
E6035/10000 | train 0.022120 | test 0.031770 | epoch 0.17s | total 1125.3s | lr 0.00035
E6036/10000 | train 0.022099 | test 0.031758 | epoch 0.17s | total 1125.4s | lr 0.00035
E6037/10000 | train 0.022121 | test 0.031753 | epoch 0.17s | total 1125.6s | lr 0.00035
E6038/10000 | train 0.022094 | test 0.031733 | epoch 0.17s | total 1125.8s | lr 0.00035
E6039/10000 | train 0.022060 | test 0.031787 | epoch 0.17s | total 1126.0s | lr 0.00035
E6040/10000 | train 0.022001 | test 0.031747 | epoch 0.17s | total 1126.2s | lr 0.00034
E6041/10000 | train 0.022038 | test 0.031729 | epoch 0.17s | total 1126.3s | lr 0.00034
E6042/10000 | train 0.022015 | test 0.031779 | epoch 0.17s | total 1126.5s | lr 0.00034
E6043/10000 | train 0.022202 | test 0.031766 | epoch 0.17s | total 1126.7s | lr 0.00034
E6044/10000 | train 0.022152 | test 0.031784 | epoch 0.17s | total 1126.9s | lr 0.00034
E6045/10000 | train 0.022067 | test 0.031701 | epoch 0.17s | total 1127.1s | lr 0.00034
E6046/10000 | train 0.022089 | test 0.031670 | epoch 0.17s | total 1127.2s | lr 0.00034
E6047/10000 | train 0.022165 | test 0.031810 | epoch 0.17s | total 1127.4s | lr 0.00034
E6048/10000 | train 0.022100 | test 0.031742 | epoch 0.17s | total 1127.6s | lr 0.00034
E6049/10000 | train 0.022128 | test 0.031799 | epoch 0.17s | total 1127.8s | lr 0.00034
E6050/10000 | train 0.022224 | test 0.031843 | epoch 0.17s | total 1128.0s | lr 0.00034
E6051/10000 | train 0.022212 | test 0.031748 | epoch 0.17s | total 1128.1s | lr 0.00034
E6052/10000 | train 0.022195 | test 0.031771 | epoch 0.17s | total 1128.3s | lr 0.00034
E6053/10000 | train 0.022117 | test 0.031715 | epoch 0.17s | total 1128.5s | lr 0.00034
E6054/10000 | train 0.022025 | test 0.031790 | epoch 0.17s | total 1128.7s | lr 0.00034
E6055/10000 | train 0.022177 | test 0.031731 | epoch 0.17s | total 1128.9s | lr 0.00034
E6056/10000 | train 0.022333 | test 0.031743 | epoch 0.17s | total 1129.0s | lr 0.00034
E6057/10000 | train 0.022246 | test 0.031747 | epoch 0.17s | total 1129.2s | lr 0.00034
E6058/10000 | train 0.022203 | test 0.031777 | epoch 0.17s | total 1129.4s | lr 0.00034
E6059/10000 | train 0.022185 | test 0.031850 | epoch 0.18s | total 1129.6s | lr 0.00034
E6060/10000 | train 0.022128 | test 0.031755 | epoch 0.18s | total 1129.8s | lr 0.00034
E6061/10000 | train 0.022122 | test 0.031731 | epoch 0.17s | total 1129.9s | lr 0.00034
E6062/10000 | train 0.022057 | test 0.031893 | epoch 0.17s | total 1130.1s | lr 0.00034
E6063/10000 | train 0.022177 | test 0.031865 | epoch 0.17s | total 1130.3s | lr 0.00034
E6064/10000 | train 0.022170 | test 0.031886 | epoch 0.17s | total 1130.5s | lr 0.00034
E6065/10000 | train 0.022213 | test 0.031846 | epoch 0.17s | total 1130.7s | lr 0.00034
E6066/10000 | train 0.022174 | test 0.031877 | epoch 0.17s | total 1130.8s | lr 0.00034
E6067/10000 | train 0.022139 | test 0.031824 | epoch 0.17s | total 1131.0s | lr 0.00034
E6068/10000 | train 0.022103 | test 0.031791 | epoch 0.18s | total 1131.2s | lr 0.00034
E6069/10000 | train 0.022137 | test 0.031835 | epoch 0.17s | total 1131.4s | lr 0.00034
E6070/10000 | train 0.022291 | test 0.031901 | epoch 0.17s | total 1131.6s | lr 0.00034
E6071/10000 | train 0.022402 | test 0.031933 | epoch 0.17s | total 1131.7s | lr 0.00033
E6072/10000 | train 0.022288 | test 0.031932 | epoch 0.17s | total 1131.9s | lr 0.00033
E6073/10000 | train 0.022252 | test 0.031912 | epoch 0.17s | total 1132.1s | lr 0.00033
E6074/10000 | train 0.022286 | test 0.031915 | epoch 0.17s | total 1132.3s | lr 0.00033
E6075/10000 | train 0.022218 | test 0.031847 | epoch 0.17s | total 1132.5s | lr 0.00033
E6076/10000 | train 0.022219 | test 0.031865 | epoch 0.17s | total 1132.6s | lr 0.00033
E6077/10000 | train 0.022189 | test 0.031905 | epoch 0.17s | total 1132.8s | lr 0.00033
E6078/10000 | train 0.022127 | test 0.031932 | epoch 0.18s | total 1133.0s | lr 0.00033
E6079/10000 | train 0.022240 | test 0.031873 | epoch 0.17s | total 1133.2s | lr 0.00033
E6080/10000 | train 0.022190 | test 0.031806 | epoch 0.17s | total 1133.4s | lr 0.00033
E6081/10000 | train 0.022199 | test 0.031784 | epoch 0.17s | total 1133.6s | lr 0.00033
E6082/10000 | train 0.022163 | test 0.031840 | epoch 0.17s | total 1133.7s | lr 0.00033
E6083/10000 | train 0.022241 | test 0.031842 | epoch 0.17s | total 1133.9s | lr 0.00033
E6084/10000 | train 0.022195 | test 0.031826 | epoch 0.18s | total 1134.1s | lr 0.00033
E6085/10000 | train 0.022066 | test 0.031880 | epoch 0.17s | total 1134.3s | lr 0.00033
E6086/10000 | train 0.022019 | test 0.031772 | epoch 0.17s | total 1134.5s | lr 0.00033
E6087/10000 | train 0.021964 | test 0.031772 | epoch 0.17s | total 1134.6s | lr 0.00033
E6088/10000 | train 0.021976 | test 0.031715 | epoch 0.17s | total 1134.8s | lr 0.00033
E6089/10000 | train 0.022031 | test 0.031652 | epoch 0.17s | total 1135.0s | lr 0.00033
E6090/10000 | train 0.022029 | test 0.031728 | epoch 0.17s | total 1135.2s | lr 0.00033
E6091/10000 | train 0.022026 | test 0.031716 | epoch 0.17s | total 1135.3s | lr 0.00033
E6092/10000 | train 0.021940 | test 0.031778 | epoch 0.17s | total 1135.5s | lr 0.00033
E6093/10000 | train 0.021957 | test 0.031754 | epoch 0.17s | total 1135.7s | lr 0.00033
E6094/10000 | train 0.022093 | test 0.031858 | epoch 0.17s | total 1135.9s | lr 0.00033
E6095/10000 | train 0.022096 | test 0.031808 | epoch 0.17s | total 1136.1s | lr 0.00033
E6096/10000 | train 0.022024 | test 0.031850 | epoch 0.17s | total 1136.2s | lr 0.00033
E6097/10000 | train 0.022090 | test 0.031812 | epoch 0.17s | total 1136.4s | lr 0.00033
E6098/10000 | train 0.021967 | test 0.031880 | epoch 0.17s | total 1136.6s | lr 0.00033
E6099/10000 | train 0.021939 | test 0.031881 | epoch 0.17s | total 1136.8s | lr 0.00033
E6100/10000 | train 0.021879 | test 0.031855 | epoch 0.17s | total 1137.0s | lr 0.00033
E6101/10000 | train 0.021887 | test 0.031879 | epoch 0.17s | total 1137.2s | lr 0.00032
E6102/10000 | train 0.021854 | test 0.031847 | epoch 0.17s | total 1137.3s | lr 0.00032
E6103/10000 | train 0.021865 | test 0.031914 | epoch 0.17s | total 1137.5s | lr 0.00032
E6104/10000 | train 0.021826 | test 0.031825 | epoch 0.17s | total 1137.7s | lr 0.00032
E6105/10000 | train 0.021773 | test 0.031901 | epoch 0.17s | total 1137.9s | lr 0.00032
E6106/10000 | train 0.021992 | test 0.031805 | epoch 0.17s | total 1138.1s | lr 0.00032
E6107/10000 | train 0.022002 | test 0.031884 | epoch 0.17s | total 1138.2s | lr 0.00032
E6108/10000 | train 0.022010 | test 0.031954 | epoch 0.17s | total 1138.4s | lr 0.00032
E6109/10000 | train 0.021959 | test 0.031809 | epoch 0.17s | total 1138.6s | lr 0.00032
E6110/10000 | train 0.021935 | test 0.031804 | epoch 0.17s | total 1138.8s | lr 0.00032
E6111/10000 | train 0.021922 | test 0.031890 | epoch 0.17s | total 1138.9s | lr 0.00032
E6112/10000 | train 0.021997 | test 0.031868 | epoch 0.17s | total 1139.1s | lr 0.00032
E6113/10000 | train 0.021958 | test 0.031848 | epoch 0.17s | total 1139.3s | lr 0.00032
E6114/10000 | train 0.021946 | test 0.031843 | epoch 0.17s | total 1139.5s | lr 0.00032
E6115/10000 | train 0.021891 | test 0.031857 | epoch 0.17s | total 1139.7s | lr 0.00032
E6116/10000 | train 0.021845 | test 0.031900 | epoch 0.17s | total 1139.9s | lr 0.00032
E6117/10000 | train 0.021822 | test 0.031833 | epoch 0.17s | total 1140.0s | lr 0.00032
E6118/10000 | train 0.021769 | test 0.031835 | epoch 0.17s | total 1140.2s | lr 0.00032
E6119/10000 | train 0.021752 | test 0.031820 | epoch 0.17s | total 1140.4s | lr 0.00032
E6120/10000 | train 0.021730 | test 0.031874 | epoch 0.17s | total 1140.6s | lr 0.00032
E6121/10000 | train 0.021781 | test 0.031883 | epoch 0.17s | total 1140.8s | lr 0.00032
E6122/10000 | train 0.021933 | test 0.031844 | epoch 0.17s | total 1140.9s | lr 0.00032
E6123/10000 | train 0.021957 | test 0.031874 | epoch 0.17s | total 1141.1s | lr 0.00032
E6124/10000 | train 0.021879 | test 0.031855 | epoch 0.17s | total 1141.3s | lr 0.00032
E6125/10000 | train 0.021822 | test 0.031885 | epoch 0.17s | total 1141.5s | lr 0.00032
E6126/10000 | train 0.021791 | test 0.031837 | epoch 0.17s | total 1141.7s | lr 0.00032
E6127/10000 | train 0.021728 | test 0.031889 | epoch 0.17s | total 1141.8s | lr 0.00032
E6128/10000 | train 0.021747 | test 0.031866 | epoch 0.17s | total 1142.0s | lr 0.00032
E6129/10000 | train 0.021751 | test 0.031911 | epoch 0.17s | total 1142.2s | lr 0.00032
E6130/10000 | train 0.021743 | test 0.031876 | epoch 0.17s | total 1142.4s | lr 0.00032
E6131/10000 | train 0.021697 | test 0.031844 | epoch 0.17s | total 1142.6s | lr 0.00032
E6132/10000 | train 0.021756 | test 0.031805 | epoch 0.18s | total 1142.7s | lr 0.00031
E6133/10000 | train 0.021759 | test 0.031812 | epoch 0.18s | total 1142.9s | lr 0.00031
E6134/10000 | train 0.021751 | test 0.031908 | epoch 0.18s | total 1143.1s | lr 0.00031
E6135/10000 | train 0.021744 | test 0.031866 | epoch 0.18s | total 1143.3s | lr 0.00031
E6136/10000 | train 0.021729 | test 0.031871 | epoch 0.18s | total 1143.5s | lr 0.00031
E6137/10000 | train 0.021726 | test 0.031831 | epoch 0.18s | total 1143.7s | lr 0.00031
E6138/10000 | train 0.021730 | test 0.031847 | epoch 0.17s | total 1143.9s | lr 0.00031
E6139/10000 | train 0.021751 | test 0.031961 | epoch 0.18s | total 1144.0s | lr 0.00031
E6140/10000 | train 0.021715 | test 0.031895 | epoch 0.19s | total 1144.2s | lr 0.00031
E6141/10000 | train 0.021712 | test 0.031906 | epoch 0.18s | total 1144.4s | lr 0.00031
E6142/10000 | train 0.021675 | test 0.031852 | epoch 0.18s | total 1144.6s | lr 0.00031
E6143/10000 | train 0.021696 | test 0.031962 | epoch 0.18s | total 1144.8s | lr 0.00031
E6144/10000 | train 0.021679 | test 0.031850 | epoch 0.18s | total 1145.0s | lr 0.00031
E6145/10000 | train 0.021651 | test 0.031909 | epoch 0.17s | total 1145.2s | lr 0.00031
E6146/10000 | train 0.021623 | test 0.031883 | epoch 0.17s | total 1145.3s | lr 0.00031
E6147/10000 | train 0.021620 | test 0.031891 | epoch 0.18s | total 1145.5s | lr 0.00031
E6148/10000 | train 0.021591 | test 0.031887 | epoch 0.19s | total 1145.7s | lr 0.00031
E6149/10000 | train 0.021585 | test 0.031923 | epoch 0.19s | total 1145.9s | lr 0.00031
E6150/10000 | train 0.021603 | test 0.031867 | epoch 0.19s | total 1146.1s | lr 0.00031
E6151/10000 | train 0.021531 | test 0.031939 | epoch 0.18s | total 1146.3s | lr 0.00031
E6152/10000 | train 0.021610 | test 0.031891 | epoch 0.18s | total 1146.5s | lr 0.00031
E6153/10000 | train 0.021552 | test 0.031847 | epoch 0.18s | total 1146.7s | lr 0.00031
E6154/10000 | train 0.021564 | test 0.031852 | epoch 0.19s | total 1146.9s | lr 0.00031
E6155/10000 | train 0.021681 | test 0.031879 | epoch 0.18s | total 1147.1s | lr 0.00031
E6156/10000 | train 0.021583 | test 0.031872 | epoch 0.17s | total 1147.2s | lr 0.00031
E6157/10000 | train 0.021499 | test 0.031871 | epoch 0.17s | total 1147.4s | lr 0.00031
E6158/10000 | train 0.021494 | test 0.031829 | epoch 0.18s | total 1147.6s | lr 0.00031
E6159/10000 | train 0.021476 | test 0.031966 | epoch 0.18s | total 1147.8s | lr 0.00031
E6160/10000 | train 0.021453 | test 0.031956 | epoch 0.18s | total 1148.0s | lr 0.00031
E6161/10000 | train 0.021475 | test 0.031955 | epoch 0.18s | total 1148.2s | lr 0.00031
E6162/10000 | train 0.021570 | test 0.031943 | epoch 0.19s | total 1148.4s | lr 0.00030
E6163/10000 | train 0.021498 | test 0.031942 | epoch 0.17s | total 1148.5s | lr 0.00030
E6164/10000 | train 0.021478 | test 0.031916 | epoch 0.17s | total 1148.7s | lr 0.00030
E6165/10000 | train 0.021462 | test 0.031957 | epoch 0.18s | total 1148.9s | lr 0.00030
E6166/10000 | train 0.021428 | test 0.031887 | epoch 0.18s | total 1149.1s | lr 0.00030
E6167/10000 | train 0.021455 | test 0.031906 | epoch 0.17s | total 1149.3s | lr 0.00030
E6168/10000 | train 0.021501 | test 0.031928 | epoch 0.18s | total 1149.5s | lr 0.00030
E6169/10000 | train 0.021482 | test 0.031882 | epoch 0.19s | total 1149.7s | lr 0.00030
E6170/10000 | train 0.021538 | test 0.031897 | epoch 0.18s | total 1149.8s | lr 0.00030
E6171/10000 | train 0.021543 | test 0.031866 | epoch 0.17s | total 1150.0s | lr 0.00030
E6172/10000 | train 0.021509 | test 0.031860 | epoch 0.18s | total 1150.2s | lr 0.00030
E6173/10000 | train 0.021409 | test 0.031900 | epoch 0.18s | total 1150.4s | lr 0.00030
E6174/10000 | train 0.021416 | test 0.031985 | epoch 0.18s | total 1150.6s | lr 0.00030
E6175/10000 | train 0.021425 | test 0.031901 | epoch 0.18s | total 1150.8s | lr 0.00030
E6176/10000 | train 0.021477 | test 0.031983 | epoch 0.17s | total 1150.9s | lr 0.00030
E6177/10000 | train 0.021493 | test 0.031933 | epoch 0.18s | total 1151.1s | lr 0.00030
E6178/10000 | train 0.021476 | test 0.031921 | epoch 0.18s | total 1151.3s | lr 0.00030
E6179/10000 | train 0.021430 | test 0.031837 | epoch 0.18s | total 1151.5s | lr 0.00030
E6180/10000 | train 0.021427 | test 0.031920 | epoch 0.18s | total 1151.7s | lr 0.00030
E6181/10000 | train 0.021445 | test 0.031916 | epoch 0.18s | total 1151.9s | lr 0.00030
E6182/10000 | train 0.021409 | test 0.031983 | epoch 0.18s | total 1152.0s | lr 0.00030
E6183/10000 | train 0.021454 | test 0.031995 | epoch 0.18s | total 1152.2s | lr 0.00030
E6184/10000 | train 0.021443 | test 0.031888 | epoch 0.18s | total 1152.4s | lr 0.00030
E6185/10000 | train 0.021379 | test 0.031879 | epoch 0.17s | total 1152.6s | lr 0.00030
E6186/10000 | train 0.021366 | test 0.031896 | epoch 0.17s | total 1152.8s | lr 0.00030
E6187/10000 | train 0.021361 | test 0.031894 | epoch 0.17s | total 1153.0s | lr 0.00030
E6188/10000 | train 0.021349 | test 0.031976 | epoch 0.18s | total 1153.1s | lr 0.00030
E6189/10000 | train 0.021309 | test 0.031922 | epoch 0.17s | total 1153.3s | lr 0.00030
E6190/10000 | train 0.021288 | test 0.031852 | epoch 0.18s | total 1153.5s | lr 0.00030
E6191/10000 | train 0.021349 | test 0.031883 | epoch 0.18s | total 1153.7s | lr 0.00030
E6192/10000 | train 0.021321 | test 0.031912 | epoch 0.18s | total 1153.9s | lr 0.00029
E6193/10000 | train 0.021352 | test 0.031953 | epoch 0.18s | total 1154.1s | lr 0.00029
E6194/10000 | train 0.021441 | test 0.031942 | epoch 0.18s | total 1154.2s | lr 0.00029
E6195/10000 | train 0.021422 | test 0.031891 | epoch 0.18s | total 1154.4s | lr 0.00029
E6196/10000 | train 0.021361 | test 0.031843 | epoch 0.18s | total 1154.6s | lr 0.00029
E6197/10000 | train 0.021346 | test 0.031893 | epoch 0.17s | total 1154.8s | lr 0.00029
E6198/10000 | train 0.021336 | test 0.031899 | epoch 0.18s | total 1155.0s | lr 0.00029
E6199/10000 | train 0.021360 | test 0.031961 | epoch 0.17s | total 1155.2s | lr 0.00029
E6200/10000 | train 0.021454 | test 0.031970 | epoch 0.18s | total 1155.3s | lr 0.00029
E6201/10000 | train 0.021392 | test 0.031950 | epoch 0.17s | total 1155.5s | lr 0.00029
E6202/10000 | train 0.021340 | test 0.032021 | epoch 0.17s | total 1155.7s | lr 0.00029
E6203/10000 | train 0.021351 | test 0.031989 | epoch 0.17s | total 1155.9s | lr 0.00029
E6204/10000 | train 0.021289 | test 0.031947 | epoch 0.18s | total 1156.1s | lr 0.00029
E6205/10000 | train 0.021311 | test 0.031918 | epoch 0.17s | total 1156.3s | lr 0.00029
E6206/10000 | train 0.021345 | test 0.031930 | epoch 0.18s | total 1156.4s | lr 0.00029
E6207/10000 | train 0.021277 | test 0.031907 | epoch 0.18s | total 1156.6s | lr 0.00029
E6208/10000 | train 0.021285 | test 0.032004 | epoch 0.18s | total 1156.8s | lr 0.00029
E6209/10000 | train 0.021295 | test 0.031965 | epoch 0.17s | total 1157.0s | lr 0.00029
E6210/10000 | train 0.021312 | test 0.031963 | epoch 0.18s | total 1157.2s | lr 0.00029
E6211/10000 | train 0.021373 | test 0.031941 | epoch 0.18s | total 1157.4s | lr 0.00029
E6212/10000 | train 0.021291 | test 0.031973 | epoch 0.18s | total 1157.5s | lr 0.00029
E6213/10000 | train 0.021260 | test 0.031967 | epoch 0.18s | total 1157.7s | lr 0.00029
E6214/10000 | train 0.021256 | test 0.031925 | epoch 0.17s | total 1157.9s | lr 0.00029
E6215/10000 | train 0.021292 | test 0.031874 | epoch 0.17s | total 1158.1s | lr 0.00029
E6216/10000 | train 0.021318 | test 0.031928 | epoch 0.17s | total 1158.3s | lr 0.00029
E6217/10000 | train 0.021294 | test 0.031977 | epoch 0.17s | total 1158.5s | lr 0.00029
E6218/10000 | train 0.021317 | test 0.031986 | epoch 0.18s | total 1158.6s | lr 0.00029
E6219/10000 | train 0.021267 | test 0.031995 | epoch 0.18s | total 1158.8s | lr 0.00029
E6220/10000 | train 0.021389 | test 0.032000 | epoch 0.17s | total 1159.0s | lr 0.00029
E6221/10000 | train 0.021437 | test 0.032027 | epoch 0.17s | total 1159.2s | lr 0.00029
E6222/10000 | train 0.021448 | test 0.032086 | epoch 0.17s | total 1159.4s | lr 0.00028
E6223/10000 | train 0.021443 | test 0.032032 | epoch 0.17s | total 1159.5s | lr 0.00028
E6224/10000 | train 0.021378 | test 0.032092 | epoch 0.18s | total 1159.7s | lr 0.00028
E6225/10000 | train 0.021320 | test 0.032049 | epoch 0.17s | total 1159.9s | lr 0.00028
E6226/10000 | train 0.021368 | test 0.032035 | epoch 0.18s | total 1160.1s | lr 0.00028
E6227/10000 | train 0.021354 | test 0.032077 | epoch 0.18s | total 1160.3s | lr 0.00028
E6228/10000 | train 0.021392 | test 0.032103 | epoch 0.17s | total 1160.5s | lr 0.00028
E6229/10000 | train 0.021337 | test 0.032052 | epoch 0.18s | total 1160.6s | lr 0.00028
E6230/10000 | train 0.021321 | test 0.032124 | epoch 0.18s | total 1160.8s | lr 0.00028
E6231/10000 | train 0.021429 | test 0.032099 | epoch 0.18s | total 1161.0s | lr 0.00028
E6232/10000 | train 0.021400 | test 0.032065 | epoch 0.18s | total 1161.2s | lr 0.00028
E6233/10000 | train 0.021289 | test 0.031978 | epoch 0.18s | total 1161.4s | lr 0.00028
E6234/10000 | train 0.021281 | test 0.032036 | epoch 0.18s | total 1161.6s | lr 0.00028
E6235/10000 | train 0.021378 | test 0.032132 | epoch 0.18s | total 1161.8s | lr 0.00028
E6236/10000 | train 0.021466 | test 0.032041 | epoch 0.18s | total 1161.9s | lr 0.00028
E6237/10000 | train 0.021462 | test 0.032121 | epoch 0.17s | total 1162.1s | lr 0.00028
E6238/10000 | train 0.021574 | test 0.032081 | epoch 0.17s | total 1162.3s | lr 0.00028
E6239/10000 | train 0.021470 | test 0.032125 | epoch 0.17s | total 1162.5s | lr 0.00028
E6240/10000 | train 0.021413 | test 0.032072 | epoch 0.17s | total 1162.7s | lr 0.00028
E6241/10000 | train 0.021357 | test 0.032125 | epoch 0.17s | total 1162.8s | lr 0.00028
E6242/10000 | train 0.021338 | test 0.032121 | epoch 0.17s | total 1163.0s | lr 0.00028
E6243/10000 | train 0.021344 | test 0.032087 | epoch 0.17s | total 1163.2s | lr 0.00028
E6244/10000 | train 0.021305 | test 0.032024 | epoch 0.17s | total 1163.4s | lr 0.00028
E6245/10000 | train 0.021321 | test 0.032038 | epoch 0.17s | total 1163.5s | lr 0.00028
E6246/10000 | train 0.021330 | test 0.032025 | epoch 0.17s | total 1163.7s | lr 0.00028
E6247/10000 | train 0.021421 | test 0.032032 | epoch 0.17s | total 1163.9s | lr 0.00028
E6248/10000 | train 0.021469 | test 0.032114 | epoch 0.17s | total 1164.1s | lr 0.00028
E6249/10000 | train 0.021419 | test 0.032083 | epoch 0.17s | total 1164.3s | lr 0.00028
E6250/10000 | train 0.021368 | test 0.032155 | epoch 0.17s | total 1164.4s | lr 0.00028
E6251/10000 | train 0.021420 | test 0.032186 | epoch 0.17s | total 1164.6s | lr 0.00028
E6252/10000 | train 0.021386 | test 0.032128 | epoch 0.17s | total 1164.8s | lr 0.00027
E6253/10000 | train 0.021287 | test 0.032169 | epoch 0.17s | total 1165.0s | lr 0.00027
E6254/10000 | train 0.021289 | test 0.032102 | epoch 0.18s | total 1165.2s | lr 0.00027
E6255/10000 | train 0.021274 | test 0.032060 | epoch 0.17s | total 1165.3s | lr 0.00027
E6256/10000 | train 0.021278 | test 0.032099 | epoch 0.18s | total 1165.5s | lr 0.00027
E6257/10000 | train 0.021272 | test 0.032076 | epoch 0.17s | total 1165.7s | lr 0.00027
E6258/10000 | train 0.021237 | test 0.032107 | epoch 0.17s | total 1165.9s | lr 0.00027
E6259/10000 | train 0.021203 | test 0.032068 | epoch 0.17s | total 1166.0s | lr 0.00027
E6260/10000 | train 0.021207 | test 0.032105 | epoch 0.17s | total 1166.2s | lr 0.00027
E6261/10000 | train 0.021190 | test 0.032115 | epoch 0.17s | total 1166.4s | lr 0.00027
E6262/10000 | train 0.021223 | test 0.032113 | epoch 0.17s | total 1166.6s | lr 0.00027
E6263/10000 | train 0.021176 | test 0.032095 | epoch 0.17s | total 1166.8s | lr 0.00027
E6264/10000 | train 0.021159 | test 0.032042 | epoch 0.17s | total 1166.9s | lr 0.00027
E6265/10000 | train 0.021137 | test 0.032098 | epoch 0.17s | total 1167.1s | lr 0.00027
E6266/10000 | train 0.021104 | test 0.032061 | epoch 0.18s | total 1167.3s | lr 0.00027
E6267/10000 | train 0.021126 | test 0.032056 | epoch 0.17s | total 1167.5s | lr 0.00027
E6268/10000 | train 0.021089 | test 0.032067 | epoch 0.17s | total 1167.7s | lr 0.00027
E6269/10000 | train 0.021055 | test 0.032105 | epoch 0.17s | total 1167.8s | lr 0.00027
E6270/10000 | train 0.021059 | test 0.032117 | epoch 0.17s | total 1168.0s | lr 0.00027
E6271/10000 | train 0.021102 | test 0.032144 | epoch 0.17s | total 1168.2s | lr 0.00027
E6272/10000 | train 0.021142 | test 0.032043 | epoch 0.17s | total 1168.4s | lr 0.00027
E6273/10000 | train 0.021176 | test 0.031995 | epoch 0.17s | total 1168.6s | lr 0.00027
E6274/10000 | train 0.021117 | test 0.032010 | epoch 0.17s | total 1168.7s | lr 0.00027
E6275/10000 | train 0.021108 | test 0.032063 | epoch 0.17s | total 1168.9s | lr 0.00027
E6276/10000 | train 0.021096 | test 0.031964 | epoch 0.17s | total 1169.1s | lr 0.00027
E6277/10000 | train 0.021082 | test 0.032025 | epoch 0.17s | total 1169.3s | lr 0.00027
E6278/10000 | train 0.021165 | test 0.032042 | epoch 0.18s | total 1169.5s | lr 0.00027
E6279/10000 | train 0.021137 | test 0.032091 | epoch 0.17s | total 1169.6s | lr 0.00027
E6280/10000 | train 0.021167 | test 0.032033 | epoch 0.18s | total 1169.8s | lr 0.00027
E6281/10000 | train 0.021150 | test 0.032076 | epoch 0.18s | total 1170.0s | lr 0.00027
E6282/10000 | train 0.021238 | test 0.032127 | epoch 0.18s | total 1170.2s | lr 0.00026
E6283/10000 | train 0.021234 | test 0.032153 | epoch 0.17s | total 1170.4s | lr 0.00026
E6284/10000 | train 0.021241 | test 0.032034 | epoch 0.17s | total 1170.6s | lr 0.00026
E6285/10000 | train 0.021208 | test 0.032135 | epoch 0.17s | total 1170.7s | lr 0.00026
E6286/10000 | train 0.021262 | test 0.032168 | epoch 0.17s | total 1170.9s | lr 0.00026
E6287/10000 | train 0.021233 | test 0.032075 | epoch 0.17s | total 1171.1s | lr 0.00026
E6288/10000 | train 0.021246 | test 0.032074 | epoch 0.17s | total 1171.3s | lr 0.00026
E6289/10000 | train 0.021300 | test 0.032094 | epoch 0.17s | total 1171.4s | lr 0.00026
E6290/10000 | train 0.021259 | test 0.032117 | epoch 0.17s | total 1171.6s | lr 0.00026
E6291/10000 | train 0.021196 | test 0.032054 | epoch 0.17s | total 1171.8s | lr 0.00026
E6292/10000 | train 0.021138 | test 0.032100 | epoch 0.17s | total 1172.0s | lr 0.00026
E6293/10000 | train 0.021157 | test 0.032036 | epoch 0.17s | total 1172.2s | lr 0.00026
E6294/10000 | train 0.021172 | test 0.032081 | epoch 0.17s | total 1172.3s | lr 0.00026
E6295/10000 | train 0.021177 | test 0.032026 | epoch 0.17s | total 1172.5s | lr 0.00026
E6296/10000 | train 0.021226 | test 0.032135 | epoch 0.17s | total 1172.7s | lr 0.00026
E6297/10000 | train 0.021266 | test 0.032164 | epoch 0.17s | total 1172.9s | lr 0.00026
E6298/10000 | train 0.021236 | test 0.032109 | epoch 0.17s | total 1173.0s | lr 0.00026
E6299/10000 | train 0.021204 | test 0.032126 | epoch 0.17s | total 1173.2s | lr 0.00026
E6300/10000 | train 0.021222 | test 0.032113 | epoch 0.17s | total 1173.4s | lr 0.00026
E6301/10000 | train 0.021204 | test 0.032139 | epoch 0.18s | total 1173.6s | lr 0.00026
E6302/10000 | train 0.021229 | test 0.032136 | epoch 0.18s | total 1173.8s | lr 0.00026
E6303/10000 | train 0.021174 | test 0.032136 | epoch 0.18s | total 1174.0s | lr 0.00026
E6304/10000 | train 0.021184 | test 0.032178 | epoch 0.17s | total 1174.1s | lr 0.00026
E6305/10000 | train 0.021192 | test 0.032108 | epoch 0.17s | total 1174.3s | lr 0.00026
E6306/10000 | train 0.021244 | test 0.032120 | epoch 0.18s | total 1174.5s | lr 0.00026
E6307/10000 | train 0.021255 | test 0.032066 | epoch 0.17s | total 1174.7s | lr 0.00026
E6308/10000 | train 0.021231 | test 0.032160 | epoch 0.18s | total 1174.9s | lr 0.00026
E6309/10000 | train 0.021313 | test 0.032117 | epoch 0.17s | total 1175.0s | lr 0.00026
E6310/10000 | train 0.021280 | test 0.032066 | epoch 0.17s | total 1175.2s | lr 0.00026
E6311/10000 | train 0.021219 | test 0.032118 | epoch 0.18s | total 1175.4s | lr 0.00026
E6312/10000 | train 0.021174 | test 0.032081 | epoch 0.18s | total 1175.6s | lr 0.00025
E6313/10000 | train 0.021128 | test 0.032149 | epoch 0.18s | total 1175.8s | lr 0.00025
E6314/10000 | train 0.021064 | test 0.032105 | epoch 0.18s | total 1176.0s | lr 0.00025
E6315/10000 | train 0.021035 | test 0.032168 | epoch 0.18s | total 1176.1s | lr 0.00025
E6316/10000 | train 0.021018 | test 0.032135 | epoch 0.17s | total 1176.3s | lr 0.00025
E6317/10000 | train 0.021029 | test 0.032150 | epoch 0.18s | total 1176.5s | lr 0.00025
E6318/10000 | train 0.021130 | test 0.032133 | epoch 0.18s | total 1176.7s | lr 0.00025
E6319/10000 | train 0.021090 | test 0.032126 | epoch 0.17s | total 1176.9s | lr 0.00025
E6320/10000 | train 0.021053 | test 0.032159 | epoch 0.17s | total 1177.1s | lr 0.00025
E6321/10000 | train 0.021085 | test 0.032185 | epoch 0.17s | total 1177.2s | lr 0.00025
E6322/10000 | train 0.021049 | test 0.032103 | epoch 0.17s | total 1177.4s | lr 0.00025
E6323/10000 | train 0.021057 | test 0.032056 | epoch 0.17s | total 1177.6s | lr 0.00025
E6324/10000 | train 0.021029 | test 0.032166 | epoch 0.17s | total 1177.8s | lr 0.00025
E6325/10000 | train 0.021029 | test 0.032165 | epoch 0.17s | total 1177.9s | lr 0.00025
E6326/10000 | train 0.021053 | test 0.032134 | epoch 0.17s | total 1178.1s | lr 0.00025
E6327/10000 | train 0.021016 | test 0.032054 | epoch 0.17s | total 1178.3s | lr 0.00025
E6328/10000 | train 0.021003 | test 0.032111 | epoch 0.17s | total 1178.5s | lr 0.00025
E6329/10000 | train 0.021113 | test 0.032115 | epoch 0.17s | total 1178.7s | lr 0.00025
E6330/10000 | train 0.021130 | test 0.032166 | epoch 0.17s | total 1178.8s | lr 0.00025
E6331/10000 | train 0.021083 | test 0.032164 | epoch 0.18s | total 1179.0s | lr 0.00025
E6332/10000 | train 0.021027 | test 0.032123 | epoch 0.18s | total 1179.2s | lr 0.00025
E6333/10000 | train 0.021015 | test 0.032130 | epoch 0.17s | total 1179.4s | lr 0.00025
E6334/10000 | train 0.020954 | test 0.032118 | epoch 0.17s | total 1179.6s | lr 0.00025
E6335/10000 | train 0.020952 | test 0.032107 | epoch 0.18s | total 1179.7s | lr 0.00025
E6336/10000 | train 0.020956 | test 0.032158 | epoch 0.18s | total 1179.9s | lr 0.00025
E6337/10000 | train 0.020954 | test 0.032158 | epoch 0.18s | total 1180.1s | lr 0.00025
E6338/10000 | train 0.020980 | test 0.032197 | epoch 0.18s | total 1180.3s | lr 0.00025
E6339/10000 | train 0.020963 | test 0.032171 | epoch 0.17s | total 1180.5s | lr 0.00025
E6340/10000 | train 0.020933 | test 0.032140 | epoch 0.18s | total 1180.7s | lr 0.00025
E6341/10000 | train 0.021045 | test 0.032247 | epoch 0.18s | total 1180.9s | lr 0.00025
E6342/10000 | train 0.021057 | test 0.032179 | epoch 0.18s | total 1181.0s | lr 0.00025
E6343/10000 | train 0.021065 | test 0.032208 | epoch 0.18s | total 1181.2s | lr 0.00024
E6344/10000 | train 0.021176 | test 0.032153 | epoch 0.18s | total 1181.4s | lr 0.00024
E6345/10000 | train 0.021062 | test 0.032103 | epoch 0.18s | total 1181.6s | lr 0.00024
E6346/10000 | train 0.021114 | test 0.032152 | epoch 0.18s | total 1181.8s | lr 0.00024
E6347/10000 | train 0.021134 | test 0.032142 | epoch 0.18s | total 1182.0s | lr 0.00024
E6348/10000 | train 0.021102 | test 0.032173 | epoch 0.18s | total 1182.1s | lr 0.00024
E6349/10000 | train 0.021091 | test 0.032166 | epoch 0.18s | total 1182.3s | lr 0.00024
E6350/10000 | train 0.021041 | test 0.032197 | epoch 0.18s | total 1182.5s | lr 0.00024
E6351/10000 | train 0.020965 | test 0.032240 | epoch 0.17s | total 1182.7s | lr 0.00024
E6352/10000 | train 0.020944 | test 0.032133 | epoch 0.17s | total 1182.9s | lr 0.00024
E6353/10000 | train 0.020912 | test 0.032251 | epoch 0.17s | total 1183.1s | lr 0.00024
E6354/10000 | train 0.020963 | test 0.032196 | epoch 0.17s | total 1183.2s | lr 0.00024
E6355/10000 | train 0.020909 | test 0.032165 | epoch 0.17s | total 1183.4s | lr 0.00024
E6356/10000 | train 0.020944 | test 0.032168 | epoch 0.18s | total 1183.6s | lr 0.00024
E6357/10000 | train 0.020865 | test 0.032208 | epoch 0.17s | total 1183.8s | lr 0.00024
E6358/10000 | train 0.020898 | test 0.032216 | epoch 0.17s | total 1184.0s | lr 0.00024
E6359/10000 | train 0.020960 | test 0.032188 | epoch 0.18s | total 1184.1s | lr 0.00024
E6360/10000 | train 0.021124 | test 0.032281 | epoch 0.18s | total 1184.3s | lr 0.00024
E6361/10000 | train 0.021001 | test 0.032272 | epoch 0.18s | total 1184.5s | lr 0.00024
E6362/10000 | train 0.020961 | test 0.032218 | epoch 0.18s | total 1184.7s | lr 0.00024
E6363/10000 | train 0.021059 | test 0.032203 | epoch 0.17s | total 1184.9s | lr 0.00024
E6364/10000 | train 0.021050 | test 0.032199 | epoch 0.17s | total 1185.1s | lr 0.00024
E6365/10000 | train 0.020991 | test 0.032233 | epoch 0.17s | total 1185.2s | lr 0.00024
E6366/10000 | train 0.021000 | test 0.032188 | epoch 0.18s | total 1185.4s | lr 0.00024
E6367/10000 | train 0.020998 | test 0.032239 | epoch 0.18s | total 1185.6s | lr 0.00024
E6368/10000 | train 0.021011 | test 0.032171 | epoch 0.17s | total 1185.8s | lr 0.00024
E6369/10000 | train 0.021169 | test 0.032185 | epoch 0.17s | total 1186.0s | lr 0.00024
E6370/10000 | train 0.021130 | test 0.032183 | epoch 0.17s | total 1186.1s | lr 0.00024
E6371/10000 | train 0.021096 | test 0.032223 | epoch 0.17s | total 1186.3s | lr 0.00024
E6372/10000 | train 0.021102 | test 0.032195 | epoch 0.17s | total 1186.5s | lr 0.00024
E6373/10000 | train 0.021070 | test 0.032214 | epoch 0.17s | total 1186.7s | lr 0.00023
E6374/10000 | train 0.021074 | test 0.032153 | epoch 0.17s | total 1186.8s | lr 0.00023
E6375/10000 | train 0.020968 | test 0.032161 | epoch 0.18s | total 1187.0s | lr 0.00023
E6376/10000 | train 0.020962 | test 0.032174 | epoch 0.18s | total 1187.2s | lr 0.00023
E6377/10000 | train 0.020959 | test 0.032196 | epoch 0.18s | total 1187.4s | lr 0.00023
E6378/10000 | train 0.021045 | test 0.032240 | epoch 0.17s | total 1187.6s | lr 0.00023
E6379/10000 | train 0.021008 | test 0.032221 | epoch 0.18s | total 1187.8s | lr 0.00023
E6380/10000 | train 0.020939 | test 0.032261 | epoch 0.17s | total 1187.9s | lr 0.00023
E6381/10000 | train 0.020917 | test 0.032263 | epoch 0.17s | total 1188.1s | lr 0.00023
E6382/10000 | train 0.020898 | test 0.032296 | epoch 0.17s | total 1188.3s | lr 0.00023
E6383/10000 | train 0.020858 | test 0.032264 | epoch 0.17s | total 1188.5s | lr 0.00023
E6384/10000 | train 0.020877 | test 0.032230 | epoch 0.18s | total 1188.7s | lr 0.00023
E6385/10000 | train 0.020902 | test 0.032257 | epoch 0.17s | total 1188.8s | lr 0.00023
E6386/10000 | train 0.020927 | test 0.032242 | epoch 0.17s | total 1189.0s | lr 0.00023
E6387/10000 | train 0.020888 | test 0.032328 | epoch 0.17s | total 1189.2s | lr 0.00023
E6388/10000 | train 0.020888 | test 0.032320 | epoch 0.17s | total 1189.4s | lr 0.00023
E6389/10000 | train 0.020921 | test 0.032304 | epoch 0.17s | total 1189.6s | lr 0.00023
E6390/10000 | train 0.020887 | test 0.032364 | epoch 0.17s | total 1189.7s | lr 0.00023
E6391/10000 | train 0.020887 | test 0.032336 | epoch 0.17s | total 1189.9s | lr 0.00023
E6392/10000 | train 0.020903 | test 0.032345 | epoch 0.17s | total 1190.1s | lr 0.00023
E6393/10000 | train 0.020910 | test 0.032273 | epoch 0.17s | total 1190.3s | lr 0.00023
E6394/10000 | train 0.020956 | test 0.032267 | epoch 0.17s | total 1190.5s | lr 0.00023
E6395/10000 | train 0.020931 | test 0.032234 | epoch 0.17s | total 1190.6s | lr 0.00023
E6396/10000 | train 0.020956 | test 0.032292 | epoch 0.17s | total 1190.8s | lr 0.00023
E6397/10000 | train 0.020938 | test 0.032306 | epoch 0.18s | total 1191.0s | lr 0.00023
E6398/10000 | train 0.020893 | test 0.032248 | epoch 0.18s | total 1191.2s | lr 0.00023
E6399/10000 | train 0.020894 | test 0.032302 | epoch 0.17s | total 1191.4s | lr 0.00023
E6400/10000 | train 0.020877 | test 0.032260 | epoch 0.18s | total 1191.5s | lr 0.00023
E6401/10000 | train 0.020838 | test 0.032292 | epoch 0.18s | total 1191.7s | lr 0.00023
E6402/10000 | train 0.020860 | test 0.032255 | epoch 0.18s | total 1191.9s | lr 0.00023
E6403/10000 | train 0.020823 | test 0.032295 | epoch 0.18s | total 1192.1s | lr 0.00022
E6404/10000 | train 0.020874 | test 0.032331 | epoch 0.18s | total 1192.3s | lr 0.00022
E6405/10000 | train 0.020907 | test 0.032322 | epoch 0.18s | total 1192.5s | lr 0.00022
E6406/10000 | train 0.021016 | test 0.032404 | epoch 0.18s | total 1192.7s | lr 0.00022
E6407/10000 | train 0.021030 | test 0.032307 | epoch 0.18s | total 1192.8s | lr 0.00022
E6408/10000 | train 0.020977 | test 0.032351 | epoch 0.18s | total 1193.0s | lr 0.00022
E6409/10000 | train 0.020934 | test 0.032279 | epoch 0.17s | total 1193.2s | lr 0.00022
E6410/10000 | train 0.020937 | test 0.032362 | epoch 0.18s | total 1193.4s | lr 0.00022
E6411/10000 | train 0.020925 | test 0.032429 | epoch 0.17s | total 1193.6s | lr 0.00022
E6412/10000 | train 0.020912 | test 0.032403 | epoch 0.17s | total 1193.7s | lr 0.00022
E6413/10000 | train 0.020892 | test 0.032393 | epoch 0.18s | total 1193.9s | lr 0.00022
E6414/10000 | train 0.020935 | test 0.032390 | epoch 0.17s | total 1194.1s | lr 0.00022
E6415/10000 | train 0.020848 | test 0.032317 | epoch 0.17s | total 1194.3s | lr 0.00022
E6416/10000 | train 0.020810 | test 0.032279 | epoch 0.17s | total 1194.5s | lr 0.00022
E6417/10000 | train 0.020849 | test 0.032339 | epoch 0.17s | total 1194.6s | lr 0.00022
E6418/10000 | train 0.020875 | test 0.032309 | epoch 0.17s | total 1194.8s | lr 0.00022
E6419/10000 | train 0.020863 | test 0.032282 | epoch 0.18s | total 1195.0s | lr 0.00022
E6420/10000 | train 0.020779 | test 0.032312 | epoch 0.18s | total 1195.2s | lr 0.00022
E6421/10000 | train 0.020793 | test 0.032317 | epoch 0.18s | total 1195.4s | lr 0.00022
E6422/10000 | train 0.020825 | test 0.032385 | epoch 0.17s | total 1195.6s | lr 0.00022
E6423/10000 | train 0.020835 | test 0.032438 | epoch 0.17s | total 1195.7s | lr 0.00022
E6424/10000 | train 0.020844 | test 0.032376 | epoch 0.17s | total 1195.9s | lr 0.00022
E6425/10000 | train 0.020824 | test 0.032417 | epoch 0.17s | total 1196.1s | lr 0.00022
E6426/10000 | train 0.020788 | test 0.032392 | epoch 0.17s | total 1196.3s | lr 0.00022
E6427/10000 | train 0.020819 | test 0.032332 | epoch 0.17s | total 1196.5s | lr 0.00022
E6428/10000 | train 0.020838 | test 0.032307 | epoch 0.17s | total 1196.6s | lr 0.00022
E6429/10000 | train 0.020851 | test 0.032328 | epoch 0.17s | total 1196.8s | lr 0.00022
E6430/10000 | train 0.020829 | test 0.032343 | epoch 0.17s | total 1197.0s | lr 0.00022
E6431/10000 | train 0.020783 | test 0.032368 | epoch 0.17s | total 1197.2s | lr 0.00022
E6432/10000 | train 0.020766 | test 0.032281 | epoch 0.17s | total 1197.3s | lr 0.00022
E6433/10000 | train 0.020753 | test 0.032293 | epoch 0.17s | total 1197.5s | lr 0.00022
E6434/10000 | train 0.020806 | test 0.032363 | epoch 0.17s | total 1197.7s | lr 0.00021
E6435/10000 | train 0.020790 | test 0.032283 | epoch 0.17s | total 1197.9s | lr 0.00021
E6436/10000 | train 0.020740 | test 0.032312 | epoch 0.17s | total 1198.1s | lr 0.00021
E6437/10000 | train 0.020723 | test 0.032334 | epoch 0.17s | total 1198.2s | lr 0.00021
E6438/10000 | train 0.020711 | test 0.032375 | epoch 0.17s | total 1198.4s | lr 0.00021
E6439/10000 | train 0.020703 | test 0.032345 | epoch 0.17s | total 1198.6s | lr 0.00021
E6440/10000 | train 0.020704 | test 0.032334 | epoch 0.17s | total 1198.8s | lr 0.00021
E6441/10000 | train 0.020713 | test 0.032336 | epoch 0.17s | total 1198.9s | lr 0.00021
E6442/10000 | train 0.020739 | test 0.032298 | epoch 0.17s | total 1199.1s | lr 0.00021
E6443/10000 | train 0.020745 | test 0.032330 | epoch 0.18s | total 1199.3s | lr 0.00021
E6444/10000 | train 0.020718 | test 0.032326 | epoch 0.18s | total 1199.5s | lr 0.00021
E6445/10000 | train 0.020695 | test 0.032350 | epoch 0.18s | total 1199.7s | lr 0.00021
E6446/10000 | train 0.020730 | test 0.032392 | epoch 0.18s | total 1199.9s | lr 0.00021
E6447/10000 | train 0.020718 | test 0.032357 | epoch 0.18s | total 1200.1s | lr 0.00021
E6448/10000 | train 0.020763 | test 0.032393 | epoch 0.17s | total 1200.2s | lr 0.00021
E6449/10000 | train 0.020770 | test 0.032383 | epoch 0.17s | total 1200.4s | lr 0.00021
E6450/10000 | train 0.020726 | test 0.032361 | epoch 0.17s | total 1200.6s | lr 0.00021
E6451/10000 | train 0.020689 | test 0.032325 | epoch 0.17s | total 1200.8s | lr 0.00021
E6452/10000 | train 0.020671 | test 0.032321 | epoch 0.17s | total 1201.0s | lr 0.00021
E6453/10000 | train 0.020653 | test 0.032343 | epoch 0.17s | total 1201.1s | lr 0.00021
E6454/10000 | train 0.020623 | test 0.032373 | epoch 0.17s | total 1201.3s | lr 0.00021
E6455/10000 | train 0.020622 | test 0.032311 | epoch 0.17s | total 1201.5s | lr 0.00021
E6456/10000 | train 0.020626 | test 0.032407 | epoch 0.17s | total 1201.7s | lr 0.00021
E6457/10000 | train 0.020633 | test 0.032357 | epoch 0.17s | total 1201.9s | lr 0.00021
E6458/10000 | train 0.020666 | test 0.032397 | epoch 0.18s | total 1202.0s | lr 0.00021
E6459/10000 | train 0.020645 | test 0.032398 | epoch 0.17s | total 1202.2s | lr 0.00021
E6460/10000 | train 0.020600 | test 0.032396 | epoch 0.17s | total 1202.4s | lr 0.00021
E6461/10000 | train 0.020619 | test 0.032370 | epoch 0.17s | total 1202.6s | lr 0.00021
E6462/10000 | train 0.020585 | test 0.032385 | epoch 0.17s | total 1202.8s | lr 0.00021
E6463/10000 | train 0.020550 | test 0.032381 | epoch 0.17s | total 1202.9s | lr 0.00021
E6464/10000 | train 0.020561 | test 0.032343 | epoch 0.17s | total 1203.1s | lr 0.00021
E6465/10000 | train 0.020552 | test 0.032366 | epoch 0.17s | total 1203.3s | lr 0.00020
E6466/10000 | train 0.020551 | test 0.032373 | epoch 0.17s | total 1203.5s | lr 0.00020
E6467/10000 | train 0.020528 | test 0.032385 | epoch 0.17s | total 1203.7s | lr 0.00020
E6468/10000 | train 0.020522 | test 0.032404 | epoch 0.18s | total 1203.8s | lr 0.00020
E6469/10000 | train 0.020548 | test 0.032372 | epoch 0.18s | total 1204.0s | lr 0.00020
E6470/10000 | train 0.020553 | test 0.032413 | epoch 0.18s | total 1204.2s | lr 0.00020
E6471/10000 | train 0.020551 | test 0.032437 | epoch 0.18s | total 1204.4s | lr 0.00020
E6472/10000 | train 0.020503 | test 0.032406 | epoch 0.18s | total 1204.6s | lr 0.00020
E6473/10000 | train 0.020556 | test 0.032411 | epoch 0.18s | total 1204.8s | lr 0.00020
E6474/10000 | train 0.020519 | test 0.032405 | epoch 0.18s | total 1205.0s | lr 0.00020
E6475/10000 | train 0.020553 | test 0.032388 | epoch 0.18s | total 1205.1s | lr 0.00020
E6476/10000 | train 0.020522 | test 0.032413 | epoch 0.17s | total 1205.3s | lr 0.00020
E6477/10000 | train 0.020514 | test 0.032412 | epoch 0.17s | total 1205.5s | lr 0.00020
E6478/10000 | train 0.020517 | test 0.032433 | epoch 0.17s | total 1205.7s | lr 0.00020
E6479/10000 | train 0.020507 | test 0.032358 | epoch 0.17s | total 1205.9s | lr 0.00020
E6480/10000 | train 0.020570 | test 0.032372 | epoch 0.17s | total 1206.0s | lr 0.00020
E6481/10000 | train 0.020515 | test 0.032381 | epoch 0.17s | total 1206.2s | lr 0.00020
E6482/10000 | train 0.020547 | test 0.032426 | epoch 0.17s | total 1206.4s | lr 0.00020
E6483/10000 | train 0.020507 | test 0.032409 | epoch 0.17s | total 1206.6s | lr 0.00020
E6484/10000 | train 0.020497 | test 0.032449 | epoch 0.17s | total 1206.7s | lr 0.00020
E6485/10000 | train 0.020587 | test 0.032425 | epoch 0.17s | total 1206.9s | lr 0.00020
E6486/10000 | train 0.020647 | test 0.032419 | epoch 0.17s | total 1207.1s | lr 0.00020
E6487/10000 | train 0.020772 | test 0.032407 | epoch 0.17s | total 1207.3s | lr 0.00020
E6488/10000 | train 0.020809 | test 0.032403 | epoch 0.17s | total 1207.5s | lr 0.00020
E6489/10000 | train 0.020859 | test 0.032371 | epoch 0.18s | total 1207.6s | lr 0.00020
E6490/10000 | train 0.021068 | test 0.032383 | epoch 0.17s | total 1207.8s | lr 0.00020
E6491/10000 | train 0.021026 | test 0.032387 | epoch 0.17s | total 1208.0s | lr 0.00020
E6492/10000 | train 0.021007 | test 0.032339 | epoch 0.17s | total 1208.2s | lr 0.00020
E6493/10000 | train 0.020936 | test 0.032370 | epoch 0.17s | total 1208.3s | lr 0.00020
E6494/10000 | train 0.020933 | test 0.032378 | epoch 0.17s | total 1208.5s | lr 0.00020
E6495/10000 | train 0.020885 | test 0.032331 | epoch 0.17s | total 1208.7s | lr 0.00020
E6496/10000 | train 0.020816 | test 0.032348 | epoch 0.17s | total 1208.9s | lr 0.00019
E6497/10000 | train 0.020786 | test 0.032332 | epoch 0.17s | total 1209.1s | lr 0.00019
E6498/10000 | train 0.020753 | test 0.032268 | epoch 0.17s | total 1209.2s | lr 0.00019
E6499/10000 | train 0.020793 | test 0.032384 | epoch 0.17s | total 1209.4s | lr 0.00019
E6500/10000 | train 0.020811 | test 0.032297 | epoch 0.17s | total 1209.6s | lr 0.00019
E6501/10000 | train 0.020768 | test 0.032355 | epoch 0.17s | total 1209.8s | lr 0.00019
E6502/10000 | train 0.020729 | test 0.032401 | epoch 0.17s | total 1209.9s | lr 0.00019
E6503/10000 | train 0.020751 | test 0.032364 | epoch 0.17s | total 1210.1s | lr 0.00019
E6504/10000 | train 0.020730 | test 0.032357 | epoch 0.17s | total 1210.3s | lr 0.00019
E6505/10000 | train 0.020688 | test 0.032379 | epoch 0.17s | total 1210.5s | lr 0.00019
E6506/10000 | train 0.020662 | test 0.032323 | epoch 0.17s | total 1210.7s | lr 0.00019
E6507/10000 | train 0.020694 | test 0.032351 | epoch 0.17s | total 1210.8s | lr 0.00019
E6508/10000 | train 0.020645 | test 0.032354 | epoch 0.17s | total 1211.0s | lr 0.00019
E6509/10000 | train 0.020683 | test 0.032376 | epoch 0.17s | total 1211.2s | lr 0.00019
E6510/10000 | train 0.020647 | test 0.032355 | epoch 0.17s | total 1211.4s | lr 0.00019
E6511/10000 | train 0.020646 | test 0.032408 | epoch 0.17s | total 1211.6s | lr 0.00019
E6512/10000 | train 0.020680 | test 0.032381 | epoch 0.17s | total 1211.7s | lr 0.00019
E6513/10000 | train 0.020759 | test 0.032389 | epoch 0.18s | total 1211.9s | lr 0.00019
E6514/10000 | train 0.020728 | test 0.032433 | epoch 0.17s | total 1212.1s | lr 0.00019
E6515/10000 | train 0.020698 | test 0.032395 | epoch 0.17s | total 1212.3s | lr 0.00019
E6516/10000 | train 0.020663 | test 0.032362 | epoch 0.17s | total 1212.5s | lr 0.00019
E6517/10000 | train 0.020676 | test 0.032400 | epoch 0.17s | total 1212.6s | lr 0.00019
E6518/10000 | train 0.020657 | test 0.032402 | epoch 0.17s | total 1212.8s | lr 0.00019
E6519/10000 | train 0.020699 | test 0.032408 | epoch 0.17s | total 1213.0s | lr 0.00019
E6520/10000 | train 0.020735 | test 0.032469 | epoch 0.17s | total 1213.2s | lr 0.00019
E6521/10000 | train 0.020694 | test 0.032428 | epoch 0.17s | total 1213.3s | lr 0.00019
E6522/10000 | train 0.020735 | test 0.032378 | epoch 0.17s | total 1213.5s | lr 0.00019
E6523/10000 | train 0.020813 | test 0.032431 | epoch 0.17s | total 1213.7s | lr 0.00019
E6524/10000 | train 0.020703 | test 0.032417 | epoch 0.18s | total 1213.9s | lr 0.00019
E6525/10000 | train 0.020625 | test 0.032431 | epoch 0.17s | total 1214.1s | lr 0.00019
E6526/10000 | train 0.020628 | test 0.032416 | epoch 0.17s | total 1214.2s | lr 0.00019
E6527/10000 | train 0.020624 | test 0.032397 | epoch 0.17s | total 1214.4s | lr 0.00019
E6528/10000 | train 0.020602 | test 0.032396 | epoch 0.17s | total 1214.6s | lr 0.00018
E6529/10000 | train 0.020562 | test 0.032363 | epoch 0.17s | total 1214.8s | lr 0.00018
E6530/10000 | train 0.020552 | test 0.032412 | epoch 0.17s | total 1214.9s | lr 0.00018
E6531/10000 | train 0.020524 | test 0.032405 | epoch 0.17s | total 1215.1s | lr 0.00018
E6532/10000 | train 0.020517 | test 0.032402 | epoch 0.17s | total 1215.3s | lr 0.00018
E6533/10000 | train 0.020520 | test 0.032434 | epoch 0.17s | total 1215.5s | lr 0.00018
E6534/10000 | train 0.020524 | test 0.032380 | epoch 0.17s | total 1215.7s | lr 0.00018
E6535/10000 | train 0.020520 | test 0.032413 | epoch 0.17s | total 1215.8s | lr 0.00018
E6536/10000 | train 0.020504 | test 0.032410 | epoch 0.17s | total 1216.0s | lr 0.00018
E6537/10000 | train 0.020520 | test 0.032402 | epoch 0.17s | total 1216.2s | lr 0.00018
E6538/10000 | train 0.020537 | test 0.032394 | epoch 0.17s | total 1216.4s | lr 0.00018
E6539/10000 | train 0.020489 | test 0.032380 | epoch 0.17s | total 1216.6s | lr 0.00018
E6540/10000 | train 0.020477 | test 0.032365 | epoch 0.17s | total 1216.7s | lr 0.00018
E6541/10000 | train 0.020495 | test 0.032487 | epoch 0.17s | total 1216.9s | lr 0.00018
E6542/10000 | train 0.020478 | test 0.032382 | epoch 0.17s | total 1217.1s | lr 0.00018
E6543/10000 | train 0.020474 | test 0.032404 | epoch 0.17s | total 1217.3s | lr 0.00018
E6544/10000 | train 0.020444 | test 0.032403 | epoch 0.17s | total 1217.4s | lr 0.00018
E6545/10000 | train 0.020447 | test 0.032409 | epoch 0.17s | total 1217.6s | lr 0.00018
E6546/10000 | train 0.020413 | test 0.032466 | epoch 0.17s | total 1217.8s | lr 0.00018
E6547/10000 | train 0.020439 | test 0.032444 | epoch 0.17s | total 1218.0s | lr 0.00018
E6548/10000 | train 0.020426 | test 0.032468 | epoch 0.17s | total 1218.2s | lr 0.00018
E6549/10000 | train 0.020435 | test 0.032446 | epoch 0.17s | total 1218.3s | lr 0.00018
E6550/10000 | train 0.020435 | test 0.032435 | epoch 0.17s | total 1218.5s | lr 0.00018
E6551/10000 | train 0.020432 | test 0.032475 | epoch 0.17s | total 1218.7s | lr 0.00018
E6552/10000 | train 0.020436 | test 0.032461 | epoch 0.17s | total 1218.9s | lr 0.00018
E6553/10000 | train 0.020437 | test 0.032474 | epoch 0.17s | total 1219.0s | lr 0.00018
E6554/10000 | train 0.020485 | test 0.032489 | epoch 0.17s | total 1219.2s | lr 0.00018
E6555/10000 | train 0.020554 | test 0.032552 | epoch 0.17s | total 1219.4s | lr 0.00018
E6556/10000 | train 0.020659 | test 0.032555 | epoch 0.17s | total 1219.6s | lr 0.00018
E6557/10000 | train 0.020655 | test 0.032525 | epoch 0.17s | total 1219.8s | lr 0.00018
E6558/10000 | train 0.020912 | test 0.032500 | epoch 0.17s | total 1219.9s | lr 0.00018
E6559/10000 | train 0.020946 | test 0.032515 | epoch 0.17s | total 1220.1s | lr 0.00018
E6560/10000 | train 0.020962 | test 0.032538 | epoch 0.17s | total 1220.3s | lr 0.00017
E6561/10000 | train 0.020929 | test 0.032530 | epoch 0.17s | total 1220.5s | lr 0.00017
E6562/10000 | train 0.020979 | test 0.032430 | epoch 0.17s | total 1220.6s | lr 0.00017
E6563/10000 | train 0.020887 | test 0.032428 | epoch 0.17s | total 1220.8s | lr 0.00017
E6564/10000 | train 0.020798 | test 0.032433 | epoch 0.17s | total 1221.0s | lr 0.00017
E6565/10000 | train 0.020776 | test 0.032450 | epoch 0.17s | total 1221.2s | lr 0.00017
E6566/10000 | train 0.020735 | test 0.032457 | epoch 0.17s | total 1221.4s | lr 0.00017
E6567/10000 | train 0.020701 | test 0.032465 | epoch 0.17s | total 1221.5s | lr 0.00017
E6568/10000 | train 0.020657 | test 0.032431 | epoch 0.17s | total 1221.7s | lr 0.00017
E6569/10000 | train 0.020683 | test 0.032403 | epoch 0.17s | total 1221.9s | lr 0.00017
E6570/10000 | train 0.020647 | test 0.032448 | epoch 0.17s | total 1222.1s | lr 0.00017
E6571/10000 | train 0.020667 | test 0.032420 | epoch 0.17s | total 1222.2s | lr 0.00017
E6572/10000 | train 0.020646 | test 0.032424 | epoch 0.17s | total 1222.4s | lr 0.00017
E6573/10000 | train 0.020635 | test 0.032471 | epoch 0.17s | total 1222.6s | lr 0.00017
E6574/10000 | train 0.020619 | test 0.032498 | epoch 0.17s | total 1222.8s | lr 0.00017
E6575/10000 | train 0.020621 | test 0.032444 | epoch 0.17s | total 1223.0s | lr 0.00017
E6576/10000 | train 0.020623 | test 0.032554 | epoch 0.17s | total 1223.1s | lr 0.00017
E6577/10000 | train 0.020561 | test 0.032530 | epoch 0.17s | total 1223.3s | lr 0.00017
E6578/10000 | train 0.020542 | test 0.032482 | epoch 0.17s | total 1223.5s | lr 0.00017
E6579/10000 | train 0.020514 | test 0.032520 | epoch 0.17s | total 1223.7s | lr 0.00017
E6580/10000 | train 0.020494 | test 0.032525 | epoch 0.17s | total 1223.9s | lr 0.00017
E6581/10000 | train 0.020501 | test 0.032477 | epoch 0.17s | total 1224.0s | lr 0.00017
E6582/10000 | train 0.020503 | test 0.032510 | epoch 0.17s | total 1224.2s | lr 0.00017
E6583/10000 | train 0.020461 | test 0.032552 | epoch 0.17s | total 1224.4s | lr 0.00017
E6584/10000 | train 0.020453 | test 0.032547 | epoch 0.17s | total 1224.6s | lr 0.00017
E6585/10000 | train 0.020449 | test 0.032542 | epoch 0.17s | total 1224.7s | lr 0.00017
E6586/10000 | train 0.020425 | test 0.032489 | epoch 0.17s | total 1224.9s | lr 0.00017
E6587/10000 | train 0.020412 | test 0.032568 | epoch 0.17s | total 1225.1s | lr 0.00017
E6588/10000 | train 0.020388 | test 0.032528 | epoch 0.17s | total 1225.3s | lr 0.00017
E6589/10000 | train 0.020392 | test 0.032521 | epoch 0.17s | total 1225.5s | lr 0.00017
E6590/10000 | train 0.020410 | test 0.032502 | epoch 0.17s | total 1225.6s | lr 0.00017
E6591/10000 | train 0.020411 | test 0.032518 | epoch 0.17s | total 1225.8s | lr 0.00017
E6592/10000 | train 0.020397 | test 0.032501 | epoch 0.17s | total 1226.0s | lr 0.00017
E6593/10000 | train 0.020403 | test 0.032544 | epoch 0.17s | total 1226.2s | lr 0.00016
E6594/10000 | train 0.020383 | test 0.032518 | epoch 0.17s | total 1226.3s | lr 0.00016
E6595/10000 | train 0.020393 | test 0.032561 | epoch 0.17s | total 1226.5s | lr 0.00016
E6596/10000 | train 0.020362 | test 0.032595 | epoch 0.17s | total 1226.7s | lr 0.00016
E6597/10000 | train 0.020376 | test 0.032540 | epoch 0.17s | total 1226.9s | lr 0.00016
E6598/10000 | train 0.020408 | test 0.032551 | epoch 0.17s | total 1227.1s | lr 0.00016
E6599/10000 | train 0.020373 | test 0.032566 | epoch 0.17s | total 1227.2s | lr 0.00016
E6600/10000 | train 0.020371 | test 0.032572 | epoch 0.17s | total 1227.4s | lr 0.00016
E6601/10000 | train 0.020334 | test 0.032581 | epoch 0.17s | total 1227.6s | lr 0.00016
E6602/10000 | train 0.020373 | test 0.032571 | epoch 0.17s | total 1227.8s | lr 0.00016
E6603/10000 | train 0.020355 | test 0.032570 | epoch 0.17s | total 1228.0s | lr 0.00016
E6604/10000 | train 0.020328 | test 0.032567 | epoch 0.17s | total 1228.1s | lr 0.00016
E6605/10000 | train 0.020348 | test 0.032538 | epoch 0.17s | total 1228.3s | lr 0.00016
E6606/10000 | train 0.020334 | test 0.032562 | epoch 0.17s | total 1228.5s | lr 0.00016
E6607/10000 | train 0.020353 | test 0.032567 | epoch 0.17s | total 1228.7s | lr 0.00016
E6608/10000 | train 0.020394 | test 0.032528 | epoch 0.17s | total 1228.8s | lr 0.00016
E6609/10000 | train 0.020534 | test 0.032540 | epoch 0.17s | total 1229.0s | lr 0.00016
E6610/10000 | train 0.020574 | test 0.032530 | epoch 0.17s | total 1229.2s | lr 0.00016
E6611/10000 | train 0.020536 | test 0.032517 | epoch 0.17s | total 1229.4s | lr 0.00016
E6612/10000 | train 0.020519 | test 0.032500 | epoch 0.17s | total 1229.6s | lr 0.00016
E6613/10000 | train 0.020545 | test 0.032555 | epoch 0.17s | total 1229.7s | lr 0.00016
E6614/10000 | train 0.020542 | test 0.032482 | epoch 0.17s | total 1229.9s | lr 0.00016
E6615/10000 | train 0.020485 | test 0.032520 | epoch 0.17s | total 1230.1s | lr 0.00016
E6616/10000 | train 0.020503 | test 0.032481 | epoch 0.17s | total 1230.3s | lr 0.00016
E6617/10000 | train 0.020560 | test 0.032479 | epoch 0.17s | total 1230.4s | lr 0.00016
E6618/10000 | train 0.020515 | test 0.032544 | epoch 0.17s | total 1230.6s | lr 0.00016
E6619/10000 | train 0.020454 | test 0.032506 | epoch 0.17s | total 1230.8s | lr 0.00016
E6620/10000 | train 0.020435 | test 0.032483 | epoch 0.17s | total 1231.0s | lr 0.00016
E6621/10000 | train 0.020457 | test 0.032507 | epoch 0.17s | total 1231.2s | lr 0.00016
E6622/10000 | train 0.020441 | test 0.032572 | epoch 0.17s | total 1231.3s | lr 0.00016
E6623/10000 | train 0.020473 | test 0.032529 | epoch 0.17s | total 1231.5s | lr 0.00016
E6624/10000 | train 0.020413 | test 0.032509 | epoch 0.17s | total 1231.7s | lr 0.00016
E6625/10000 | train 0.020465 | test 0.032513 | epoch 0.17s | total 1231.9s | lr 0.00016
E6626/10000 | train 0.020417 | test 0.032503 | epoch 0.17s | total 1232.0s | lr 0.00015
E6627/10000 | train 0.020471 | test 0.032524 | epoch 0.17s | total 1232.2s | lr 0.00015
E6628/10000 | train 0.020446 | test 0.032483 | epoch 0.17s | total 1232.4s | lr 0.00015
E6629/10000 | train 0.020418 | test 0.032510 | epoch 0.17s | total 1232.6s | lr 0.00015
E6630/10000 | train 0.020395 | test 0.032487 | epoch 0.17s | total 1232.8s | lr 0.00015
E6631/10000 | train 0.020376 | test 0.032475 | epoch 0.17s | total 1232.9s | lr 0.00015
E6632/10000 | train 0.020371 | test 0.032504 | epoch 0.17s | total 1233.1s | lr 0.00015
E6633/10000 | train 0.020346 | test 0.032554 | epoch 0.17s | total 1233.3s | lr 0.00015
E6634/10000 | train 0.020325 | test 0.032511 | epoch 0.18s | total 1233.5s | lr 0.00015
E6635/10000 | train 0.020332 | test 0.032577 | epoch 0.18s | total 1233.7s | lr 0.00015
E6636/10000 | train 0.020355 | test 0.032556 | epoch 0.18s | total 1233.9s | lr 0.00015
E6637/10000 | train 0.020353 | test 0.032544 | epoch 0.18s | total 1234.0s | lr 0.00015
E6638/10000 | train 0.020324 | test 0.032564 | epoch 0.18s | total 1234.2s | lr 0.00015
E6639/10000 | train 0.020357 | test 0.032545 | epoch 0.18s | total 1234.4s | lr 0.00015
E6640/10000 | train 0.020362 | test 0.032570 | epoch 0.18s | total 1234.6s | lr 0.00015
E6641/10000 | train 0.020351 | test 0.032598 | epoch 0.17s | total 1234.8s | lr 0.00015
E6642/10000 | train 0.020327 | test 0.032593 | epoch 0.18s | total 1235.0s | lr 0.00015
E6643/10000 | train 0.020294 | test 0.032605 | epoch 0.17s | total 1235.1s | lr 0.00015
E6644/10000 | train 0.020311 | test 0.032622 | epoch 0.17s | total 1235.3s | lr 0.00015
E6645/10000 | train 0.020308 | test 0.032602 | epoch 0.17s | total 1235.5s | lr 0.00015
E6646/10000 | train 0.020299 | test 0.032629 | epoch 0.17s | total 1235.7s | lr 0.00015
E6647/10000 | train 0.020260 | test 0.032607 | epoch 0.17s | total 1235.8s | lr 0.00015
E6648/10000 | train 0.020269 | test 0.032583 | epoch 0.17s | total 1236.0s | lr 0.00015
E6649/10000 | train 0.020248 | test 0.032556 | epoch 0.17s | total 1236.2s | lr 0.00015
E6650/10000 | train 0.020248 | test 0.032589 | epoch 0.17s | total 1236.4s | lr 0.00015
E6651/10000 | train 0.020228 | test 0.032567 | epoch 0.17s | total 1236.6s | lr 0.00015
E6652/10000 | train 0.020255 | test 0.032606 | epoch 0.17s | total 1236.7s | lr 0.00015
E6653/10000 | train 0.020248 | test 0.032637 | epoch 0.17s | total 1236.9s | lr 0.00015
E6654/10000 | train 0.020217 | test 0.032579 | epoch 0.19s | total 1237.1s | lr 0.00015
E6655/10000 | train 0.020229 | test 0.032585 | epoch 0.18s | total 1237.3s | lr 0.00015
E6656/10000 | train 0.020238 | test 0.032589 | epoch 0.18s | total 1237.5s | lr 0.00015
E6657/10000 | train 0.020244 | test 0.032577 | epoch 0.18s | total 1237.7s | lr 0.00015
E6658/10000 | train 0.020262 | test 0.032549 | epoch 0.18s | total 1237.8s | lr 0.00015
E6659/10000 | train 0.020263 | test 0.032498 | epoch 0.18s | total 1238.0s | lr 0.00015
E6660/10000 | train 0.020248 | test 0.032557 | epoch 0.17s | total 1238.2s | lr 0.00014
E6661/10000 | train 0.020274 | test 0.032569 | epoch 0.18s | total 1238.4s | lr 0.00014
E6662/10000 | train 0.020256 | test 0.032606 | epoch 0.18s | total 1238.6s | lr 0.00014
E6663/10000 | train 0.020266 | test 0.032580 | epoch 0.18s | total 1238.8s | lr 0.00014
E6664/10000 | train 0.020261 | test 0.032586 | epoch 0.17s | total 1239.0s | lr 0.00014
E6665/10000 | train 0.020243 | test 0.032613 | epoch 0.17s | total 1239.1s | lr 0.00014
E6666/10000 | train 0.020247 | test 0.032604 | epoch 0.18s | total 1239.3s | lr 0.00014
E6667/10000 | train 0.020245 | test 0.032626 | epoch 0.18s | total 1239.5s | lr 0.00014
E6668/10000 | train 0.020272 | test 0.032652 | epoch 0.18s | total 1239.7s | lr 0.00014
E6669/10000 | train 0.020272 | test 0.032622 | epoch 0.18s | total 1239.9s | lr 0.00014
E6670/10000 | train 0.020258 | test 0.032625 | epoch 0.19s | total 1240.1s | lr 0.00014
E6671/10000 | train 0.020244 | test 0.032620 | epoch 0.18s | total 1240.3s | lr 0.00014
E6672/10000 | train 0.020269 | test 0.032591 | epoch 0.17s | total 1240.4s | lr 0.00014
E6673/10000 | train 0.020295 | test 0.032609 | epoch 0.17s | total 1240.6s | lr 0.00014
E6674/10000 | train 0.020336 | test 0.032560 | epoch 0.18s | total 1240.8s | lr 0.00014
E6675/10000 | train 0.020339 | test 0.032620 | epoch 0.18s | total 1241.0s | lr 0.00014
E6676/10000 | train 0.020348 | test 0.032597 | epoch 0.17s | total 1241.2s | lr 0.00014
E6677/10000 | train 0.020376 | test 0.032708 | epoch 0.17s | total 1241.4s | lr 0.00014
E6678/10000 | train 0.020399 | test 0.032618 | epoch 0.17s | total 1241.5s | lr 0.00014
E6679/10000 | train 0.020381 | test 0.032645 | epoch 0.17s | total 1241.7s | lr 0.00014
E6680/10000 | train 0.020382 | test 0.032640 | epoch 0.18s | total 1241.9s | lr 0.00014
E6681/10000 | train 0.020386 | test 0.032616 | epoch 0.17s | total 1242.1s | lr 0.00014
E6682/10000 | train 0.020347 | test 0.032695 | epoch 0.17s | total 1242.3s | lr 0.00014
E6683/10000 | train 0.020330 | test 0.032606 | epoch 0.17s | total 1242.4s | lr 0.00014
E6684/10000 | train 0.020354 | test 0.032598 | epoch 0.18s | total 1242.6s | lr 0.00014
E6685/10000 | train 0.020308 | test 0.032680 | epoch 0.18s | total 1242.8s | lr 0.00014
E6686/10000 | train 0.020334 | test 0.032648 | epoch 0.18s | total 1243.0s | lr 0.00014
E6687/10000 | train 0.020347 | test 0.032671 | epoch 0.18s | total 1243.2s | lr 0.00014
E6688/10000 | train 0.020305 | test 0.032640 | epoch 0.17s | total 1243.4s | lr 0.00014
E6689/10000 | train 0.020287 | test 0.032599 | epoch 0.18s | total 1243.6s | lr 0.00014
E6690/10000 | train 0.020246 | test 0.032610 | epoch 0.18s | total 1243.7s | lr 0.00014
E6691/10000 | train 0.020265 | test 0.032609 | epoch 0.18s | total 1243.9s | lr 0.00014
E6692/10000 | train 0.020241 | test 0.032580 | epoch 0.19s | total 1244.1s | lr 0.00014
E6693/10000 | train 0.020252 | test 0.032615 | epoch 0.18s | total 1244.3s | lr 0.00014
E6694/10000 | train 0.020235 | test 0.032640 | epoch 0.19s | total 1244.5s | lr 0.00014
E6695/10000 | train 0.020260 | test 0.032660 | epoch 0.18s | total 1244.7s | lr 0.00013
E6696/10000 | train 0.020263 | test 0.032606 | epoch 0.18s | total 1244.9s | lr 0.00013
E6697/10000 | train 0.020224 | test 0.032644 | epoch 0.19s | total 1245.1s | lr 0.00013
E6698/10000 | train 0.020183 | test 0.032661 | epoch 0.18s | total 1245.3s | lr 0.00013
E6699/10000 | train 0.020192 | test 0.032687 | epoch 0.18s | total 1245.5s | lr 0.00013
E6700/10000 | train 0.020196 | test 0.032670 | epoch 0.18s | total 1245.7s | lr 0.00013
E6701/10000 | train 0.020183 | test 0.032707 | epoch 0.19s | total 1245.8s | lr 0.00013
E6702/10000 | train 0.020219 | test 0.032687 | epoch 0.18s | total 1246.0s | lr 0.00013
E6703/10000 | train 0.020261 | test 0.032697 | epoch 0.18s | total 1246.2s | lr 0.00013
E6704/10000 | train 0.020265 | test 0.032630 | epoch 0.18s | total 1246.4s | lr 0.00013
E6705/10000 | train 0.020242 | test 0.032631 | epoch 0.18s | total 1246.6s | lr 0.00013
E6706/10000 | train 0.020224 | test 0.032668 | epoch 0.19s | total 1246.8s | lr 0.00013
E6707/10000 | train 0.020200 | test 0.032705 | epoch 0.18s | total 1247.0s | lr 0.00013
E6708/10000 | train 0.020213 | test 0.032650 | epoch 0.18s | total 1247.2s | lr 0.00013
E6709/10000 | train 0.020202 | test 0.032648 | epoch 0.17s | total 1247.3s | lr 0.00013
E6710/10000 | train 0.020213 | test 0.032647 | epoch 0.17s | total 1247.5s | lr 0.00013
E6711/10000 | train 0.020244 | test 0.032665 | epoch 0.17s | total 1247.7s | lr 0.00013
E6712/10000 | train 0.020226 | test 0.032691 | epoch 0.17s | total 1247.9s | lr 0.00013
E6713/10000 | train 0.020215 | test 0.032672 | epoch 0.17s | total 1248.1s | lr 0.00013
E6714/10000 | train 0.020205 | test 0.032645 | epoch 0.17s | total 1248.2s | lr 0.00013
E6715/10000 | train 0.020205 | test 0.032687 | epoch 0.17s | total 1248.4s | lr 0.00013
E6716/10000 | train 0.020211 | test 0.032690 | epoch 0.17s | total 1248.6s | lr 0.00013
E6717/10000 | train 0.020254 | test 0.032712 | epoch 0.19s | total 1248.8s | lr 0.00013
E6718/10000 | train 0.020239 | test 0.032677 | epoch 0.18s | total 1249.0s | lr 0.00013
E6719/10000 | train 0.020202 | test 0.032710 | epoch 0.18s | total 1249.2s | lr 0.00013
E6720/10000 | train 0.020199 | test 0.032674 | epoch 0.17s | total 1249.3s | lr 0.00013
E6721/10000 | train 0.020234 | test 0.032693 | epoch 0.17s | total 1249.5s | lr 0.00013
E6722/10000 | train 0.020239 | test 0.032698 | epoch 0.17s | total 1249.7s | lr 0.00013
E6723/10000 | train 0.020223 | test 0.032647 | epoch 0.18s | total 1249.9s | lr 0.00013
E6724/10000 | train 0.020210 | test 0.032706 | epoch 0.17s | total 1250.1s | lr 0.00013
E6725/10000 | train 0.020237 | test 0.032680 | epoch 0.17s | total 1250.2s | lr 0.00013
E6726/10000 | train 0.020217 | test 0.032695 | epoch 0.17s | total 1250.4s | lr 0.00013
E6727/10000 | train 0.020188 | test 0.032662 | epoch 0.18s | total 1250.6s | lr 0.00013
E6728/10000 | train 0.020196 | test 0.032667 | epoch 0.18s | total 1250.8s | lr 0.00013
E6729/10000 | train 0.020210 | test 0.032724 | epoch 0.17s | total 1251.0s | lr 0.00013
E6730/10000 | train 0.020203 | test 0.032721 | epoch 0.17s | total 1251.2s | lr 0.00013
E6731/10000 | train 0.020162 | test 0.032724 | epoch 0.17s | total 1251.3s | lr 0.00012
E6732/10000 | train 0.020182 | test 0.032698 | epoch 0.17s | total 1251.5s | lr 0.00012
E6733/10000 | train 0.020146 | test 0.032692 | epoch 0.17s | total 1251.7s | lr 0.00012
E6734/10000 | train 0.020144 | test 0.032717 | epoch 0.17s | total 1251.9s | lr 0.00012
E6735/10000 | train 0.020127 | test 0.032711 | epoch 0.17s | total 1252.1s | lr 0.00012
E6736/10000 | train 0.020119 | test 0.032730 | epoch 0.17s | total 1252.2s | lr 0.00012
E6737/10000 | train 0.020116 | test 0.032746 | epoch 0.17s | total 1252.4s | lr 0.00012
E6738/10000 | train 0.020093 | test 0.032757 | epoch 0.17s | total 1252.6s | lr 0.00012
E6739/10000 | train 0.020094 | test 0.032718 | epoch 0.17s | total 1252.8s | lr 0.00012
E6740/10000 | train 0.020092 | test 0.032729 | epoch 0.17s | total 1253.0s | lr 0.00012
E6741/10000 | train 0.020095 | test 0.032700 | epoch 0.17s | total 1253.1s | lr 0.00012
E6742/10000 | train 0.020093 | test 0.032758 | epoch 0.17s | total 1253.3s | lr 0.00012
E6743/10000 | train 0.020086 | test 0.032717 | epoch 0.17s | total 1253.5s | lr 0.00012
E6744/10000 | train 0.020112 | test 0.032697 | epoch 0.17s | total 1253.7s | lr 0.00012
E6745/10000 | train 0.020111 | test 0.032718 | epoch 0.18s | total 1253.9s | lr 0.00012
E6746/10000 | train 0.020124 | test 0.032711 | epoch 0.17s | total 1254.0s | lr 0.00012
E6747/10000 | train 0.020116 | test 0.032727 | epoch 0.17s | total 1254.2s | lr 0.00012
E6748/10000 | train 0.020116 | test 0.032710 | epoch 0.17s | total 1254.4s | lr 0.00012
E6749/10000 | train 0.020145 | test 0.032751 | epoch 0.17s | total 1254.6s | lr 0.00012
E6750/10000 | train 0.020148 | test 0.032704 | epoch 0.17s | total 1254.8s | lr 0.00012
E6751/10000 | train 0.020122 | test 0.032733 | epoch 0.17s | total 1254.9s | lr 0.00012
E6752/10000 | train 0.020091 | test 0.032690 | epoch 0.17s | total 1255.1s | lr 0.00012
E6753/10000 | train 0.020091 | test 0.032708 | epoch 0.17s | total 1255.3s | lr 0.00012
E6754/10000 | train 0.020084 | test 0.032702 | epoch 0.17s | total 1255.5s | lr 0.00012
E6755/10000 | train 0.020080 | test 0.032703 | epoch 0.17s | total 1255.7s | lr 0.00012
E6756/10000 | train 0.020135 | test 0.032720 | epoch 0.17s | total 1255.8s | lr 0.00012
E6757/10000 | train 0.020113 | test 0.032703 | epoch 0.17s | total 1256.0s | lr 0.00012
E6758/10000 | train 0.020107 | test 0.032767 | epoch 0.17s | total 1256.2s | lr 0.00012
E6759/10000 | train 0.020130 | test 0.032736 | epoch 0.17s | total 1256.4s | lr 0.00012
E6760/10000 | train 0.020130 | test 0.032789 | epoch 0.17s | total 1256.6s | lr 0.00012
E6761/10000 | train 0.020125 | test 0.032771 | epoch 0.17s | total 1256.7s | lr 0.00012
E6762/10000 | train 0.020109 | test 0.032730 | epoch 0.17s | total 1256.9s | lr 0.00012
E6763/10000 | train 0.020129 | test 0.032767 | epoch 0.18s | total 1257.1s | lr 0.00012
E6764/10000 | train 0.020088 | test 0.032772 | epoch 0.17s | total 1257.3s | lr 0.00012
E6765/10000 | train 0.020107 | test 0.032765 | epoch 0.17s | total 1257.5s | lr 0.00012
E6766/10000 | train 0.020100 | test 0.032748 | epoch 0.17s | total 1257.6s | lr 0.00012
E6767/10000 | train 0.020115 | test 0.032751 | epoch 0.17s | total 1257.8s | lr 0.00012
E6768/10000 | train 0.020130 | test 0.032744 | epoch 0.17s | total 1258.0s | lr 0.00011
E6769/10000 | train 0.020136 | test 0.032774 | epoch 0.17s | total 1258.2s | lr 0.00011
E6770/10000 | train 0.020133 | test 0.032709 | epoch 0.17s | total 1258.4s | lr 0.00011
E6771/10000 | train 0.020102 | test 0.032718 | epoch 0.17s | total 1258.5s | lr 0.00011
E6772/10000 | train 0.020108 | test 0.032715 | epoch 0.17s | total 1258.7s | lr 0.00011
E6773/10000 | train 0.020088 | test 0.032699 | epoch 0.17s | total 1258.9s | lr 0.00011
E6774/10000 | train 0.020093 | test 0.032716 | epoch 0.17s | total 1259.1s | lr 0.00011
E6775/10000 | train 0.020132 | test 0.032704 | epoch 0.17s | total 1259.3s | lr 0.00011
E6776/10000 | train 0.020124 | test 0.032694 | epoch 0.17s | total 1259.4s | lr 0.00011
E6777/10000 | train 0.020099 | test 0.032702 | epoch 0.17s | total 1259.6s | lr 0.00011
E6778/10000 | train 0.020094 | test 0.032721 | epoch 0.17s | total 1259.8s | lr 0.00011
E6779/10000 | train 0.020097 | test 0.032719 | epoch 0.17s | total 1260.0s | lr 0.00011
E6780/10000 | train 0.020083 | test 0.032730 | epoch 0.17s | total 1260.1s | lr 0.00011
E6781/10000 | train 0.020075 | test 0.032675 | epoch 0.17s | total 1260.3s | lr 0.00011
E6782/10000 | train 0.020085 | test 0.032741 | epoch 0.17s | total 1260.5s | lr 0.00011
E6783/10000 | train 0.020098 | test 0.032775 | epoch 0.17s | total 1260.7s | lr 0.00011
E6784/10000 | train 0.020141 | test 0.032745 | epoch 0.17s | total 1260.9s | lr 0.00011
E6785/10000 | train 0.020125 | test 0.032765 | epoch 0.17s | total 1261.0s | lr 0.00011
E6786/10000 | train 0.020159 | test 0.032755 | epoch 0.17s | total 1261.2s | lr 0.00011
E6787/10000 | train 0.020103 | test 0.032741 | epoch 0.17s | total 1261.4s | lr 0.00011
E6788/10000 | train 0.020107 | test 0.032708 | epoch 0.17s | total 1261.6s | lr 0.00011
E6789/10000 | train 0.020099 | test 0.032725 | epoch 0.17s | total 1261.8s | lr 0.00011
E6790/10000 | train 0.020076 | test 0.032699 | epoch 0.17s | total 1261.9s | lr 0.00011
E6791/10000 | train 0.020109 | test 0.032735 | epoch 0.17s | total 1262.1s | lr 0.00011
E6792/10000 | train 0.020063 | test 0.032726 | epoch 0.17s | total 1262.3s | lr 0.00011
E6793/10000 | train 0.020076 | test 0.032723 | epoch 0.17s | total 1262.5s | lr 0.00011
E6794/10000 | train 0.020062 | test 0.032721 | epoch 0.17s | total 1262.7s | lr 0.00011
E6795/10000 | train 0.020064 | test 0.032763 | epoch 0.17s | total 1262.8s | lr 0.00011
E6796/10000 | train 0.020042 | test 0.032754 | epoch 0.17s | total 1263.0s | lr 0.00011
E6797/10000 | train 0.020028 | test 0.032728 | epoch 0.17s | total 1263.2s | lr 0.00011
E6798/10000 | train 0.020036 | test 0.032746 | epoch 0.17s | total 1263.4s | lr 0.00011
E6799/10000 | train 0.020022 | test 0.032740 | epoch 0.17s | total 1263.6s | lr 0.00011
E6800/10000 | train 0.020012 | test 0.032726 | epoch 0.17s | total 1263.7s | lr 0.00011
E6801/10000 | train 0.020030 | test 0.032708 | epoch 0.17s | total 1263.9s | lr 0.00011
E6802/10000 | train 0.020032 | test 0.032688 | epoch 0.17s | total 1264.1s | lr 0.00011
E6803/10000 | train 0.020015 | test 0.032701 | epoch 0.17s | total 1264.3s | lr 0.00011
E6804/10000 | train 0.020025 | test 0.032728 | epoch 0.18s | total 1264.5s | lr 0.00011
E6805/10000 | train 0.019993 | test 0.032709 | epoch 0.18s | total 1264.6s | lr 0.00011
E6806/10000 | train 0.020018 | test 0.032734 | epoch 0.18s | total 1264.8s | lr 0.00010
E6807/10000 | train 0.020015 | test 0.032754 | epoch 0.18s | total 1265.0s | lr 0.00010
E6808/10000 | train 0.020028 | test 0.032755 | epoch 0.18s | total 1265.2s | lr 0.00010
E6809/10000 | train 0.020030 | test 0.032735 | epoch 0.18s | total 1265.4s | lr 0.00010
E6810/10000 | train 0.020037 | test 0.032753 | epoch 0.18s | total 1265.6s | lr 0.00010
E6811/10000 | train 0.020012 | test 0.032754 | epoch 0.18s | total 1265.7s | lr 0.00010
E6812/10000 | train 0.020005 | test 0.032730 | epoch 0.17s | total 1265.9s | lr 0.00010
E6813/10000 | train 0.020019 | test 0.032832 | epoch 0.17s | total 1266.1s | lr 0.00010
E6814/10000 | train 0.020031 | test 0.032763 | epoch 0.18s | total 1266.3s | lr 0.00010
E6815/10000 | train 0.020015 | test 0.032719 | epoch 0.17s | total 1266.5s | lr 0.00010
E6816/10000 | train 0.020003 | test 0.032770 | epoch 0.17s | total 1266.7s | lr 0.00010
E6817/10000 | train 0.020013 | test 0.032714 | epoch 0.17s | total 1266.8s | lr 0.00010
E6818/10000 | train 0.020013 | test 0.032705 | epoch 0.17s | total 1267.0s | lr 0.00010
E6819/10000 | train 0.020048 | test 0.032753 | epoch 0.17s | total 1267.2s | lr 0.00010
E6820/10000 | train 0.020072 | test 0.032740 | epoch 0.17s | total 1267.4s | lr 0.00010
E6821/10000 | train 0.020039 | test 0.032763 | epoch 0.17s | total 1267.6s | lr 0.00010
E6822/10000 | train 0.020023 | test 0.032699 | epoch 0.18s | total 1267.7s | lr 0.00010
E6823/10000 | train 0.020028 | test 0.032727 | epoch 0.17s | total 1267.9s | lr 0.00010
E6824/10000 | train 0.020035 | test 0.032712 | epoch 0.17s | total 1268.1s | lr 0.00010
E6825/10000 | train 0.020003 | test 0.032755 | epoch 0.18s | total 1268.3s | lr 0.00010
E6826/10000 | train 0.020002 | test 0.032733 | epoch 0.18s | total 1268.5s | lr 0.00010
E6827/10000 | train 0.019989 | test 0.032737 | epoch 0.18s | total 1268.7s | lr 0.00010
E6828/10000 | train 0.019982 | test 0.032712 | epoch 0.18s | total 1268.8s | lr 0.00010
E6829/10000 | train 0.019986 | test 0.032756 | epoch 0.17s | total 1269.0s | lr 0.00010
E6830/10000 | train 0.019982 | test 0.032786 | epoch 0.18s | total 1269.2s | lr 0.00010
E6831/10000 | train 0.019949 | test 0.032769 | epoch 0.18s | total 1269.4s | lr 0.00010
E6832/10000 | train 0.019961 | test 0.032719 | epoch 0.17s | total 1269.6s | lr 0.00010
E6833/10000 | train 0.019971 | test 0.032743 | epoch 0.18s | total 1269.8s | lr 0.00010
E6834/10000 | train 0.019961 | test 0.032779 | epoch 0.19s | total 1270.0s | lr 0.00010
E6835/10000 | train 0.019958 | test 0.032772 | epoch 0.18s | total 1270.2s | lr 0.00010
E6836/10000 | train 0.019947 | test 0.032753 | epoch 0.17s | total 1270.3s | lr 0.00010
E6837/10000 | train 0.019957 | test 0.032774 | epoch 0.17s | total 1270.5s | lr 0.00010
E6838/10000 | train 0.019945 | test 0.032715 | epoch 0.17s | total 1270.7s | lr 0.00010
E6839/10000 | train 0.019965 | test 0.032739 | epoch 0.17s | total 1270.9s | lr 0.00010
E6840/10000 | train 0.019986 | test 0.032754 | epoch 0.17s | total 1271.1s | lr 0.00010
E6841/10000 | train 0.019975 | test 0.032747 | epoch 0.17s | total 1271.2s | lr 0.00010
E6842/10000 | train 0.019968 | test 0.032747 | epoch 0.17s | total 1271.4s | lr 0.00010
E6843/10000 | train 0.019940 | test 0.032770 | epoch 0.17s | total 1271.6s | lr 0.00010
E6844/10000 | train 0.019955 | test 0.032762 | epoch 0.17s | total 1271.8s | lr 0.00010
E6845/10000 | train 0.019928 | test 0.032778 | epoch 0.17s | total 1271.9s | lr 0.00010
E6846/10000 | train 0.019951 | test 0.032782 | epoch 0.17s | total 1272.1s | lr 0.00009
E6847/10000 | train 0.019938 | test 0.032796 | epoch 0.17s | total 1272.3s | lr 0.00009
E6848/10000 | train 0.019936 | test 0.032807 | epoch 0.17s | total 1272.5s | lr 0.00009
E6849/10000 | train 0.019915 | test 0.032765 | epoch 0.17s | total 1272.7s | lr 0.00009
E6850/10000 | train 0.019924 | test 0.032772 | epoch 0.18s | total 1272.8s | lr 0.00009
E6851/10000 | train 0.019930 | test 0.032790 | epoch 0.17s | total 1273.0s | lr 0.00009
E6852/10000 | train 0.019921 | test 0.032746 | epoch 0.17s | total 1273.2s | lr 0.00009
E6853/10000 | train 0.019917 | test 0.032804 | epoch 0.17s | total 1273.4s | lr 0.00009
E6854/10000 | train 0.019948 | test 0.032856 | epoch 0.17s | total 1273.6s | lr 0.00009
E6855/10000 | train 0.019961 | test 0.032798 | epoch 0.17s | total 1273.7s | lr 0.00009
E6856/10000 | train 0.019944 | test 0.032845 | epoch 0.17s | total 1273.9s | lr 0.00009
E6857/10000 | train 0.019914 | test 0.032813 | epoch 0.18s | total 1274.1s | lr 0.00009
E6858/10000 | train 0.019915 | test 0.032805 | epoch 0.18s | total 1274.3s | lr 0.00009
E6859/10000 | train 0.019908 | test 0.032807 | epoch 0.17s | total 1274.5s | lr 0.00009
E6860/10000 | train 0.019906 | test 0.032780 | epoch 0.17s | total 1274.6s | lr 0.00009
E6861/10000 | train 0.019904 | test 0.032826 | epoch 0.17s | total 1274.8s | lr 0.00009
E6862/10000 | train 0.019912 | test 0.032802 | epoch 0.17s | total 1275.0s | lr 0.00009
E6863/10000 | train 0.019909 | test 0.032810 | epoch 0.18s | total 1275.2s | lr 0.00009
E6864/10000 | train 0.019907 | test 0.032795 | epoch 0.18s | total 1275.4s | lr 0.00009
E6865/10000 | train 0.019890 | test 0.032849 | epoch 0.17s | total 1275.6s | lr 0.00009
E6866/10000 | train 0.019886 | test 0.032827 | epoch 0.17s | total 1275.7s | lr 0.00009
E6867/10000 | train 0.019912 | test 0.032821 | epoch 0.18s | total 1275.9s | lr 0.00009
E6868/10000 | train 0.019896 | test 0.032791 | epoch 0.17s | total 1276.1s | lr 0.00009
E6869/10000 | train 0.019920 | test 0.032791 | epoch 0.17s | total 1276.3s | lr 0.00009
E6870/10000 | train 0.019904 | test 0.032815 | epoch 0.17s | total 1276.5s | lr 0.00009
E6871/10000 | train 0.019926 | test 0.032835 | epoch 0.17s | total 1276.6s | lr 0.00009
E6872/10000 | train 0.019886 | test 0.032816 | epoch 0.17s | total 1276.8s | lr 0.00009
E6873/10000 | train 0.019898 | test 0.032849 | epoch 0.17s | total 1277.0s | lr 0.00009
E6874/10000 | train 0.019884 | test 0.032847 | epoch 0.17s | total 1277.2s | lr 0.00009
E6875/10000 | train 0.019891 | test 0.032827 | epoch 0.17s | total 1277.4s | lr 0.00009
E6876/10000 | train 0.019907 | test 0.032811 | epoch 0.17s | total 1277.5s | lr 0.00009
E6877/10000 | train 0.019901 | test 0.032796 | epoch 0.17s | total 1277.7s | lr 0.00009
E6878/10000 | train 0.019910 | test 0.032790 | epoch 0.17s | total 1277.9s | lr 0.00009
E6879/10000 | train 0.019900 | test 0.032828 | epoch 0.17s | total 1278.1s | lr 0.00009
E6880/10000 | train 0.019895 | test 0.032834 | epoch 0.17s | total 1278.2s | lr 0.00009
E6881/10000 | train 0.019901 | test 0.032820 | epoch 0.17s | total 1278.4s | lr 0.00009
E6882/10000 | train 0.019926 | test 0.032833 | epoch 0.17s | total 1278.6s | lr 0.00009
E6883/10000 | train 0.019950 | test 0.032823 | epoch 0.17s | total 1278.8s | lr 0.00009
E6884/10000 | train 0.019941 | test 0.032810 | epoch 0.17s | total 1279.0s | lr 0.00009
E6885/10000 | train 0.019898 | test 0.032833 | epoch 0.18s | total 1279.1s | lr 0.00009
E6886/10000 | train 0.019912 | test 0.032788 | epoch 0.17s | total 1279.3s | lr 0.00009
E6887/10000 | train 0.019896 | test 0.032838 | epoch 0.17s | total 1279.5s | lr 0.00009
E6888/10000 | train 0.019887 | test 0.032876 | epoch 0.18s | total 1279.7s | lr 0.00008
E6889/10000 | train 0.019886 | test 0.032874 | epoch 0.17s | total 1279.9s | lr 0.00008
E6890/10000 | train 0.019880 | test 0.032855 | epoch 0.17s | total 1280.0s | lr 0.00008
E6891/10000 | train 0.019876 | test 0.032856 | epoch 0.17s | total 1280.2s | lr 0.00008
E6892/10000 | train 0.019867 | test 0.032845 | epoch 0.17s | total 1280.4s | lr 0.00008
E6893/10000 | train 0.019860 | test 0.032834 | epoch 0.17s | total 1280.6s | lr 0.00008
E6894/10000 | train 0.019885 | test 0.032865 | epoch 0.17s | total 1280.8s | lr 0.00008
E6895/10000 | train 0.019868 | test 0.032866 | epoch 0.18s | total 1280.9s | lr 0.00008
E6896/10000 | train 0.019871 | test 0.032884 | epoch 0.17s | total 1281.1s | lr 0.00008
E6897/10000 | train 0.019846 | test 0.032886 | epoch 0.17s | total 1281.3s | lr 0.00008
E6898/10000 | train 0.019841 | test 0.032923 | epoch 0.17s | total 1281.5s | lr 0.00008
E6899/10000 | train 0.019831 | test 0.032903 | epoch 0.17s | total 1281.7s | lr 0.00008
E6900/10000 | train 0.019837 | test 0.032897 | epoch 0.17s | total 1281.8s | lr 0.00008
E6901/10000 | train 0.019828 | test 0.032865 | epoch 0.17s | total 1282.0s | lr 0.00008
E6902/10000 | train 0.019849 | test 0.032873 | epoch 0.17s | total 1282.2s | lr 0.00008
E6903/10000 | train 0.019825 | test 0.032895 | epoch 0.18s | total 1282.4s | lr 0.00008
E6904/10000 | train 0.019833 | test 0.032869 | epoch 0.18s | total 1282.6s | lr 0.00008
E6905/10000 | train 0.019830 | test 0.032881 | epoch 0.17s | total 1282.8s | lr 0.00008
E6906/10000 | train 0.019829 | test 0.032885 | epoch 0.18s | total 1282.9s | lr 0.00008
E6907/10000 | train 0.019842 | test 0.032898 | epoch 0.17s | total 1283.1s | lr 0.00008
E6908/10000 | train 0.019831 | test 0.032911 | epoch 0.17s | total 1283.3s | lr 0.00008
E6909/10000 | train 0.019834 | test 0.032913 | epoch 0.17s | total 1283.5s | lr 0.00008
E6910/10000 | train 0.019823 | test 0.032912 | epoch 0.17s | total 1283.7s | lr 0.00008
E6911/10000 | train 0.019811 | test 0.032902 | epoch 0.17s | total 1283.8s | lr 0.00008
E6912/10000 | train 0.019820 | test 0.032905 | epoch 0.17s | total 1284.0s | lr 0.00008
E6913/10000 | train 0.019807 | test 0.032902 | epoch 0.17s | total 1284.2s | lr 0.00008
E6914/10000 | train 0.019807 | test 0.032899 | epoch 0.18s | total 1284.4s | lr 0.00008
E6915/10000 | train 0.019824 | test 0.032928 | epoch 0.17s | total 1284.6s | lr 0.00008
E6916/10000 | train 0.019820 | test 0.032918 | epoch 0.18s | total 1284.7s | lr 0.00008
E6917/10000 | train 0.019812 | test 0.032928 | epoch 0.17s | total 1284.9s | lr 0.00008
E6918/10000 | train 0.019816 | test 0.032950 | epoch 0.17s | total 1285.1s | lr 0.00008
E6919/10000 | train 0.019797 | test 0.032938 | epoch 0.18s | total 1285.3s | lr 0.00008
E6920/10000 | train 0.019808 | test 0.032932 | epoch 0.17s | total 1285.5s | lr 0.00008
E6921/10000 | train 0.019797 | test 0.032921 | epoch 0.17s | total 1285.6s | lr 0.00008
E6922/10000 | train 0.019812 | test 0.032928 | epoch 0.18s | total 1285.8s | lr 0.00008
E6923/10000 | train 0.019814 | test 0.032886 | epoch 0.17s | total 1286.0s | lr 0.00008
E6924/10000 | train 0.019852 | test 0.032909 | epoch 0.17s | total 1286.2s | lr 0.00008
E6925/10000 | train 0.019825 | test 0.032920 | epoch 0.17s | total 1286.4s | lr 0.00008
E6926/10000 | train 0.019825 | test 0.032930 | epoch 0.17s | total 1286.5s | lr 0.00008
E6927/10000 | train 0.019825 | test 0.032925 | epoch 0.17s | total 1286.7s | lr 0.00008
E6928/10000 | train 0.019819 | test 0.032926 | epoch 0.17s | total 1286.9s | lr 0.00008
E6929/10000 | train 0.019806 | test 0.032923 | epoch 0.18s | total 1287.1s | lr 0.00008
E6930/10000 | train 0.019805 | test 0.032912 | epoch 0.17s | total 1287.3s | lr 0.00008
E6931/10000 | train 0.019808 | test 0.032868 | epoch 0.17s | total 1287.5s | lr 0.00008
E6932/10000 | train 0.019847 | test 0.032855 | epoch 0.17s | total 1287.6s | lr 0.00008
E6933/10000 | train 0.019839 | test 0.032874 | epoch 0.17s | total 1287.8s | lr 0.00007
E6934/10000 | train 0.019872 | test 0.032875 | epoch 0.17s | total 1288.0s | lr 0.00007
E6935/10000 | train 0.019850 | test 0.032884 | epoch 0.17s | total 1288.2s | lr 0.00007
E6936/10000 | train 0.019846 | test 0.032871 | epoch 0.17s | total 1288.3s | lr 0.00007
E6937/10000 | train 0.019831 | test 0.032881 | epoch 0.17s | total 1288.5s | lr 0.00007
E6938/10000 | train 0.019875 | test 0.032937 | epoch 0.17s | total 1288.7s | lr 0.00007
E6939/10000 | train 0.019863 | test 0.032852 | epoch 0.17s | total 1288.9s | lr 0.00007
E6940/10000 | train 0.019826 | test 0.032901 | epoch 0.17s | total 1289.1s | lr 0.00007
E6941/10000 | train 0.019834 | test 0.032868 | epoch 0.17s | total 1289.2s | lr 0.00007
E6942/10000 | train 0.019826 | test 0.032933 | epoch 0.17s | total 1289.4s | lr 0.00007
E6943/10000 | train 0.019831 | test 0.032862 | epoch 0.17s | total 1289.6s | lr 0.00007
E6944/10000 | train 0.019837 | test 0.032865 | epoch 0.17s | total 1289.8s | lr 0.00007
E6945/10000 | train 0.019844 | test 0.032892 | epoch 0.17s | total 1289.9s | lr 0.00007
E6946/10000 | train 0.019824 | test 0.032843 | epoch 0.17s | total 1290.1s | lr 0.00007
E6947/10000 | train 0.019826 | test 0.032895 | epoch 0.17s | total 1290.3s | lr 0.00007
E6948/10000 | train 0.019833 | test 0.032865 | epoch 0.17s | total 1290.5s | lr 0.00007
E6949/10000 | train 0.019809 | test 0.032854 | epoch 0.17s | total 1290.7s | lr 0.00007
E6950/10000 | train 0.019800 | test 0.032884 | epoch 0.17s | total 1290.8s | lr 0.00007
E6951/10000 | train 0.019820 | test 0.032891 | epoch 0.18s | total 1291.0s | lr 0.00007
E6952/10000 | train 0.019807 | test 0.032874 | epoch 0.17s | total 1291.2s | lr 0.00007
E6953/10000 | train 0.019806 | test 0.032894 | epoch 0.17s | total 1291.4s | lr 0.00007
E6954/10000 | train 0.019811 | test 0.032885 | epoch 0.17s | total 1291.6s | lr 0.00007
E6955/10000 | train 0.019814 | test 0.032888 | epoch 0.17s | total 1291.7s | lr 0.00007
E6956/10000 | train 0.019805 | test 0.032888 | epoch 0.17s | total 1291.9s | lr 0.00007
E6957/10000 | train 0.019805 | test 0.032878 | epoch 0.17s | total 1292.1s | lr 0.00007
E6958/10000 | train 0.019802 | test 0.032889 | epoch 0.17s | total 1292.3s | lr 0.00007
E6959/10000 | train 0.019794 | test 0.032894 | epoch 0.17s | total 1292.4s | lr 0.00007
E6960/10000 | train 0.019802 | test 0.032920 | epoch 0.17s | total 1292.6s | lr 0.00007
E6961/10000 | train 0.019789 | test 0.032892 | epoch 0.17s | total 1292.8s | lr 0.00007
E6962/10000 | train 0.019789 | test 0.032895 | epoch 0.17s | total 1293.0s | lr 0.00007
E6963/10000 | train 0.019779 | test 0.032903 | epoch 0.17s | total 1293.2s | lr 0.00007
E6964/10000 | train 0.019779 | test 0.032896 | epoch 0.17s | total 1293.3s | lr 0.00007
E6965/10000 | train 0.019767 | test 0.032925 | epoch 0.17s | total 1293.5s | lr 0.00007
E6966/10000 | train 0.019774 | test 0.032908 | epoch 0.17s | total 1293.7s | lr 0.00007
E6967/10000 | train 0.019777 | test 0.032897 | epoch 0.17s | total 1293.9s | lr 0.00007
E6968/10000 | train 0.019768 | test 0.032909 | epoch 0.17s | total 1294.1s | lr 0.00007
E6969/10000 | train 0.019766 | test 0.032904 | epoch 0.17s | total 1294.2s | lr 0.00007
E6970/10000 | train 0.019755 | test 0.032922 | epoch 0.17s | total 1294.4s | lr 0.00007
E6971/10000 | train 0.019775 | test 0.032879 | epoch 0.17s | total 1294.6s | lr 0.00007
E6972/10000 | train 0.019783 | test 0.032908 | epoch 0.17s | total 1294.8s | lr 0.00007
E6973/10000 | train 0.019763 | test 0.032908 | epoch 0.17s | total 1295.0s | lr 0.00007
E6974/10000 | train 0.019753 | test 0.032910 | epoch 0.18s | total 1295.1s | lr 0.00007
E6975/10000 | train 0.019766 | test 0.032907 | epoch 0.17s | total 1295.3s | lr 0.00007
E6976/10000 | train 0.019760 | test 0.032941 | epoch 0.17s | total 1295.5s | lr 0.00007
E6977/10000 | train 0.019781 | test 0.032925 | epoch 0.17s | total 1295.7s | lr 0.00007
E6978/10000 | train 0.019798 | test 0.032942 | epoch 0.17s | total 1295.8s | lr 0.00007
E6979/10000 | train 0.019790 | test 0.032919 | epoch 0.18s | total 1296.0s | lr 0.00007
E6980/10000 | train 0.019785 | test 0.032929 | epoch 0.17s | total 1296.2s | lr 0.00006
E6981/10000 | train 0.019779 | test 0.032960 | epoch 0.17s | total 1296.4s | lr 0.00006
E6982/10000 | train 0.019786 | test 0.032943 | epoch 0.17s | total 1296.6s | lr 0.00006
E6983/10000 | train 0.019781 | test 0.032921 | epoch 0.17s | total 1296.8s | lr 0.00006
E6984/10000 | train 0.019766 | test 0.032861 | epoch 0.17s | total 1296.9s | lr 0.00006
E6985/10000 | train 0.019765 | test 0.032922 | epoch 0.17s | total 1297.1s | lr 0.00006
E6986/10000 | train 0.019758 | test 0.032914 | epoch 0.17s | total 1297.3s | lr 0.00006
E6987/10000 | train 0.019761 | test 0.032928 | epoch 0.17s | total 1297.5s | lr 0.00006
E6988/10000 | train 0.019791 | test 0.032941 | epoch 0.17s | total 1297.6s | lr 0.00006
E6989/10000 | train 0.019784 | test 0.032942 | epoch 0.17s | total 1297.8s | lr 0.00006
E6990/10000 | train 0.019783 | test 0.032943 | epoch 0.17s | total 1298.0s | lr 0.00006
E6991/10000 | train 0.019758 | test 0.032935 | epoch 0.17s | total 1298.2s | lr 0.00006
E6992/10000 | train 0.019766 | test 0.032950 | epoch 0.17s | total 1298.4s | lr 0.00006
E6993/10000 | train 0.019769 | test 0.032930 | epoch 0.18s | total 1298.5s | lr 0.00006
E6994/10000 | train 0.019766 | test 0.032969 | epoch 0.17s | total 1298.7s | lr 0.00006
E6995/10000 | train 0.019793 | test 0.032925 | epoch 0.17s | total 1298.9s | lr 0.00006
E6996/10000 | train 0.019777 | test 0.032955 | epoch 0.17s | total 1299.1s | lr 0.00006
E6997/10000 | train 0.019772 | test 0.032940 | epoch 0.17s | total 1299.3s | lr 0.00006
E6998/10000 | train 0.019762 | test 0.032948 | epoch 0.17s | total 1299.4s | lr 0.00006
E6999/10000 | train 0.019760 | test 0.032933 | epoch 0.17s | total 1299.6s | lr 0.00006
E7000/10000 | train 0.019739 | test 0.032947 | epoch 0.17s | total 1299.8s | lr 0.00006
E7001/10000 | train 0.019742 | test 0.032936 | epoch 0.17s | total 1300.0s | lr 0.00006
E7002/10000 | train 0.019736 | test 0.032932 | epoch 0.17s | total 1300.1s | lr 0.00006
E7003/10000 | train 0.019739 | test 0.032931 | epoch 0.17s | total 1300.3s | lr 0.00006
E7004/10000 | train 0.019747 | test 0.032971 | epoch 0.17s | total 1300.5s | lr 0.00006
E7005/10000 | train 0.019750 | test 0.032964 | epoch 0.17s | total 1300.7s | lr 0.00006
E7006/10000 | train 0.019744 | test 0.032931 | epoch 0.17s | total 1300.9s | lr 0.00006
E7007/10000 | train 0.019741 | test 0.032943 | epoch 0.18s | total 1301.0s | lr 0.00006
E7008/10000 | train 0.019747 | test 0.032961 | epoch 0.18s | total 1301.2s | lr 0.00006
E7009/10000 | train 0.019748 | test 0.032951 | epoch 0.18s | total 1301.4s | lr 0.00006
E7010/10000 | train 0.019727 | test 0.032972 | epoch 0.18s | total 1301.6s | lr 0.00006
E7011/10000 | train 0.019742 | test 0.032968 | epoch 0.18s | total 1301.8s | lr 0.00006
E7012/10000 | train 0.019737 | test 0.032951 | epoch 0.18s | total 1302.0s | lr 0.00006
E7013/10000 | train 0.019730 | test 0.032913 | epoch 0.17s | total 1302.2s | lr 0.00006
E7014/10000 | train 0.019735 | test 0.032936 | epoch 0.17s | total 1302.3s | lr 0.00006
E7015/10000 | train 0.019742 | test 0.032928 | epoch 0.18s | total 1302.5s | lr 0.00006
E7016/10000 | train 0.019736 | test 0.032958 | epoch 0.18s | total 1302.7s | lr 0.00006
E7017/10000 | train 0.019723 | test 0.032962 | epoch 0.17s | total 1302.9s | lr 0.00006
E7018/10000 | train 0.019727 | test 0.032954 | epoch 0.17s | total 1303.1s | lr 0.00006
E7019/10000 | train 0.019718 | test 0.032960 | epoch 0.17s | total 1303.2s | lr 0.00006
E7020/10000 | train 0.019711 | test 0.032946 | epoch 0.17s | total 1303.4s | lr 0.00006
E7021/10000 | train 0.019720 | test 0.032956 | epoch 0.18s | total 1303.6s | lr 0.00006
E7022/10000 | train 0.019704 | test 0.032950 | epoch 0.17s | total 1303.8s | lr 0.00006
E7023/10000 | train 0.019714 | test 0.032973 | epoch 0.17s | total 1304.0s | lr 0.00006
E7024/10000 | train 0.019706 | test 0.032947 | epoch 0.17s | total 1304.2s | lr 0.00006
E7025/10000 | train 0.019722 | test 0.032952 | epoch 0.17s | total 1304.3s | lr 0.00006
E7026/10000 | train 0.019709 | test 0.032957 | epoch 0.17s | total 1304.5s | lr 0.00006
E7027/10000 | train 0.019705 | test 0.032945 | epoch 0.17s | total 1304.7s | lr 0.00006
E7028/10000 | train 0.019702 | test 0.032939 | epoch 0.17s | total 1304.9s | lr 0.00006
E7029/10000 | train 0.019712 | test 0.032958 | epoch 0.17s | total 1305.0s | lr 0.00006
E7030/10000 | train 0.019714 | test 0.032949 | epoch 0.17s | total 1305.2s | lr 0.00006
E7031/10000 | train 0.019714 | test 0.032967 | epoch 0.17s | total 1305.4s | lr 0.00005
E7032/10000 | train 0.019719 | test 0.032953 | epoch 0.17s | total 1305.6s | lr 0.00005
E7033/10000 | train 0.019706 | test 0.032964 | epoch 0.17s | total 1305.8s | lr 0.00005
E7034/10000 | train 0.019709 | test 0.033017 | epoch 0.17s | total 1305.9s | lr 0.00005
E7035/10000 | train 0.019703 | test 0.032979 | epoch 0.17s | total 1306.1s | lr 0.00005
E7036/10000 | train 0.019705 | test 0.032967 | epoch 0.17s | total 1306.3s | lr 0.00005
E7037/10000 | train 0.019712 | test 0.032976 | epoch 0.17s | total 1306.5s | lr 0.00005
E7038/10000 | train 0.019719 | test 0.032981 | epoch 0.17s | total 1306.6s | lr 0.00005
E7039/10000 | train 0.019784 | test 0.032947 | epoch 0.17s | total 1306.8s | lr 0.00005
E7040/10000 | train 0.019773 | test 0.032951 | epoch 0.17s | total 1307.0s | lr 0.00005
E7041/10000 | train 0.019763 | test 0.032993 | epoch 0.17s | total 1307.2s | lr 0.00005
E7042/10000 | train 0.019738 | test 0.032940 | epoch 0.18s | total 1307.4s | lr 0.00005
E7043/10000 | train 0.019739 | test 0.032949 | epoch 0.17s | total 1307.5s | lr 0.00005
E7044/10000 | train 0.019739 | test 0.032963 | epoch 0.17s | total 1307.7s | lr 0.00005
E7045/10000 | train 0.019722 | test 0.032964 | epoch 0.17s | total 1307.9s | lr 0.00005
E7046/10000 | train 0.019717 | test 0.032963 | epoch 0.17s | total 1308.1s | lr 0.00005
E7047/10000 | train 0.019716 | test 0.032947 | epoch 0.17s | total 1308.3s | lr 0.00005
E7048/10000 | train 0.019723 | test 0.032925 | epoch 0.17s | total 1308.4s | lr 0.00005
E7049/10000 | train 0.019696 | test 0.032935 | epoch 0.17s | total 1308.6s | lr 0.00005
E7050/10000 | train 0.019701 | test 0.032950 | epoch 0.17s | total 1308.8s | lr 0.00005
E7051/10000 | train 0.019687 | test 0.032957 | epoch 0.17s | total 1309.0s | lr 0.00005
E7052/10000 | train 0.019698 | test 0.032987 | epoch 0.17s | total 1309.2s | lr 0.00005
E7053/10000 | train 0.019695 | test 0.032958 | epoch 0.17s | total 1309.3s | lr 0.00005
E7054/10000 | train 0.019693 | test 0.032942 | epoch 0.17s | total 1309.5s | lr 0.00005
E7055/10000 | train 0.019690 | test 0.032947 | epoch 0.18s | total 1309.7s | lr 0.00005
E7056/10000 | train 0.019687 | test 0.032925 | epoch 0.17s | total 1309.9s | lr 0.00005
E7057/10000 | train 0.019678 | test 0.032952 | epoch 0.18s | total 1310.1s | lr 0.00005
E7058/10000 | train 0.019682 | test 0.032963 | epoch 0.17s | total 1310.2s | lr 0.00005
E7059/10000 | train 0.019685 | test 0.032960 | epoch 0.17s | total 1310.4s | lr 0.00005
E7060/10000 | train 0.019677 | test 0.032968 | epoch 0.17s | total 1310.6s | lr 0.00005
E7061/10000 | train 0.019684 | test 0.032954 | epoch 0.17s | total 1310.8s | lr 0.00005
E7062/10000 | train 0.019675 | test 0.032960 | epoch 0.17s | total 1310.9s | lr 0.00005
E7063/10000 | train 0.019679 | test 0.032933 | epoch 0.17s | total 1311.1s | lr 0.00005
E7064/10000 | train 0.019667 | test 0.032957 | epoch 0.17s | total 1311.3s | lr 0.00005
E7065/10000 | train 0.019677 | test 0.032972 | epoch 0.17s | total 1311.5s | lr 0.00005
E7066/10000 | train 0.019682 | test 0.032978 | epoch 0.17s | total 1311.7s | lr 0.00005
E7067/10000 | train 0.019678 | test 0.032964 | epoch 0.17s | total 1311.8s | lr 0.00005
E7068/10000 | train 0.019669 | test 0.032967 | epoch 0.17s | total 1312.0s | lr 0.00005
E7069/10000 | train 0.019682 | test 0.032978 | epoch 0.17s | total 1312.2s | lr 0.00005
E7070/10000 | train 0.019677 | test 0.032984 | epoch 0.17s | total 1312.4s | lr 0.00005
E7071/10000 | train 0.019680 | test 0.032979 | epoch 0.17s | total 1312.6s | lr 0.00005
E7072/10000 | train 0.019675 | test 0.033000 | epoch 0.17s | total 1312.7s | lr 0.00005
E7073/10000 | train 0.019672 | test 0.032993 | epoch 0.17s | total 1312.9s | lr 0.00005
E7074/10000 | train 0.019670 | test 0.032984 | epoch 0.17s | total 1313.1s | lr 0.00005
E7075/10000 | train 0.019692 | test 0.032955 | epoch 0.17s | total 1313.3s | lr 0.00005
E7076/10000 | train 0.019686 | test 0.032959 | epoch 0.17s | total 1313.4s | lr 0.00005
E7077/10000 | train 0.019697 | test 0.032937 | epoch 0.17s | total 1313.6s | lr 0.00005
E7078/10000 | train 0.019677 | test 0.032963 | epoch 0.17s | total 1313.8s | lr 0.00005
E7079/10000 | train 0.019670 | test 0.032993 | epoch 0.17s | total 1314.0s | lr 0.00005
E7080/10000 | train 0.019669 | test 0.032968 | epoch 0.17s | total 1314.2s | lr 0.00005
E7081/10000 | train 0.019673 | test 0.032990 | epoch 0.17s | total 1314.3s | lr 0.00005
E7082/10000 | train 0.019675 | test 0.033000 | epoch 0.17s | total 1314.5s | lr 0.00005
E7083/10000 | train 0.019650 | test 0.032987 | epoch 0.17s | total 1314.7s | lr 0.00005
E7084/10000 | train 0.019666 | test 0.032963 | epoch 0.17s | total 1314.9s | lr 0.00005
E7085/10000 | train 0.019671 | test 0.033002 | epoch 0.18s | total 1315.1s | lr 0.00005
E7086/10000 | train 0.019666 | test 0.032964 | epoch 0.17s | total 1315.2s | lr 0.00005
E7087/10000 | train 0.019649 | test 0.032963 | epoch 0.17s | total 1315.4s | lr 0.00005
E7088/10000 | train 0.019660 | test 0.032984 | epoch 0.17s | total 1315.6s | lr 0.00004
E7089/10000 | train 0.019663 | test 0.033001 | epoch 0.17s | total 1315.8s | lr 0.00004
E7090/10000 | train 0.019664 | test 0.032972 | epoch 0.17s | total 1315.9s | lr 0.00004
E7091/10000 | train 0.019670 | test 0.033041 | epoch 0.17s | total 1316.1s | lr 0.00004
E7092/10000 | train 0.019657 | test 0.033009 | epoch 0.17s | total 1316.3s | lr 0.00004
E7093/10000 | train 0.019648 | test 0.033015 | epoch 0.17s | total 1316.5s | lr 0.00004
E7094/10000 | train 0.019656 | test 0.033005 | epoch 0.17s | total 1316.7s | lr 0.00004
E7095/10000 | train 0.019651 | test 0.033029 | epoch 0.17s | total 1316.8s | lr 0.00004
E7096/10000 | train 0.019638 | test 0.033005 | epoch 0.18s | total 1317.0s | lr 0.00004
E7097/10000 | train 0.019672 | test 0.032975 | epoch 0.18s | total 1317.2s | lr 0.00004
E7098/10000 | train 0.019645 | test 0.033002 | epoch 0.17s | total 1317.4s | lr 0.00004
E7099/10000 | train 0.019637 | test 0.032999 | epoch 0.17s | total 1317.6s | lr 0.00004
E7100/10000 | train 0.019645 | test 0.033007 | epoch 0.17s | total 1317.8s | lr 0.00004
E7101/10000 | train 0.019640 | test 0.033004 | epoch 0.17s | total 1317.9s | lr 0.00004
E7102/10000 | train 0.019642 | test 0.033020 | epoch 0.17s | total 1318.1s | lr 0.00004
E7103/10000 | train 0.019654 | test 0.033021 | epoch 0.17s | total 1318.3s | lr 0.00004
E7104/10000 | train 0.019653 | test 0.033020 | epoch 0.17s | total 1318.5s | lr 0.00004
E7105/10000 | train 0.019642 | test 0.033020 | epoch 0.17s | total 1318.6s | lr 0.00004
E7106/10000 | train 0.019634 | test 0.033021 | epoch 0.17s | total 1318.8s | lr 0.00004
E7107/10000 | train 0.019636 | test 0.033015 | epoch 0.17s | total 1319.0s | lr 0.00004
E7108/10000 | train 0.019641 | test 0.032990 | epoch 0.17s | total 1319.2s | lr 0.00004
E7109/10000 | train 0.019627 | test 0.032999 | epoch 0.17s | total 1319.4s | lr 0.00004
E7110/10000 | train 0.019641 | test 0.033007 | epoch 0.18s | total 1319.5s | lr 0.00004
E7111/10000 | train 0.019639 | test 0.032985 | epoch 0.17s | total 1319.7s | lr 0.00004
E7112/10000 | train 0.019637 | test 0.032992 | epoch 0.17s | total 1319.9s | lr 0.00004
E7113/10000 | train 0.019650 | test 0.033008 | epoch 0.17s | total 1320.1s | lr 0.00004
E7114/10000 | train 0.019630 | test 0.032993 | epoch 0.17s | total 1320.2s | lr 0.00004
E7115/10000 | train 0.019634 | test 0.032991 | epoch 0.17s | total 1320.4s | lr 0.00004
E7116/10000 | train 0.019632 | test 0.033030 | epoch 0.17s | total 1320.6s | lr 0.00004
E7117/10000 | train 0.019634 | test 0.033034 | epoch 0.17s | total 1320.8s | lr 0.00004
E7118/10000 | train 0.019622 | test 0.033030 | epoch 0.17s | total 1321.0s | lr 0.00004
E7119/10000 | train 0.019626 | test 0.033014 | epoch 0.17s | total 1321.1s | lr 0.00004
E7120/10000 | train 0.019635 | test 0.033018 | epoch 0.17s | total 1321.3s | lr 0.00004
E7121/10000 | train 0.019634 | test 0.033013 | epoch 0.17s | total 1321.5s | lr 0.00004
E7122/10000 | train 0.019637 | test 0.033021 | epoch 0.17s | total 1321.7s | lr 0.00004
E7123/10000 | train 0.019644 | test 0.033004 | epoch 0.17s | total 1321.9s | lr 0.00004
E7124/10000 | train 0.019630 | test 0.032992 | epoch 0.18s | total 1322.0s | lr 0.00004
E7125/10000 | train 0.019624 | test 0.033026 | epoch 0.17s | total 1322.2s | lr 0.00004
E7126/10000 | train 0.019631 | test 0.033020 | epoch 0.17s | total 1322.4s | lr 0.00004
E7127/10000 | train 0.019619 | test 0.032995 | epoch 0.17s | total 1322.6s | lr 0.00004
E7128/10000 | train 0.019628 | test 0.033030 | epoch 0.17s | total 1322.8s | lr 0.00004
E7129/10000 | train 0.019617 | test 0.033024 | epoch 0.17s | total 1322.9s | lr 0.00004
E7130/10000 | train 0.019617 | test 0.033018 | epoch 0.17s | total 1323.1s | lr 0.00004
E7131/10000 | train 0.019619 | test 0.032983 | epoch 0.17s | total 1323.3s | lr 0.00004
E7132/10000 | train 0.019622 | test 0.033029 | epoch 0.17s | total 1323.5s | lr 0.00004
E7133/10000 | train 0.019618 | test 0.033020 | epoch 0.17s | total 1323.6s | lr 0.00004
E7134/10000 | train 0.019615 | test 0.033022 | epoch 0.17s | total 1323.8s | lr 0.00004
E7135/10000 | train 0.019617 | test 0.033008 | epoch 0.17s | total 1324.0s | lr 0.00004
E7136/10000 | train 0.019618 | test 0.033021 | epoch 0.17s | total 1324.2s | lr 0.00004
E7137/10000 | train 0.019628 | test 0.032994 | epoch 0.17s | total 1324.3s | lr 0.00004
E7138/10000 | train 0.019628 | test 0.033039 | epoch 0.17s | total 1324.5s | lr 0.00004
E7139/10000 | train 0.019617 | test 0.032999 | epoch 0.17s | total 1324.7s | lr 0.00004
E7140/10000 | train 0.019614 | test 0.033025 | epoch 0.17s | total 1324.9s | lr 0.00004
E7141/10000 | train 0.019628 | test 0.033053 | epoch 0.17s | total 1325.1s | lr 0.00004
E7142/10000 | train 0.019626 | test 0.033043 | epoch 0.17s | total 1325.2s | lr 0.00004
E7143/10000 | train 0.019623 | test 0.033062 | epoch 0.17s | total 1325.4s | lr 0.00004
E7144/10000 | train 0.019611 | test 0.033044 | epoch 0.17s | total 1325.6s | lr 0.00004
E7145/10000 | train 0.019638 | test 0.033048 | epoch 0.17s | total 1325.8s | lr 0.00004
E7146/10000 | train 0.019631 | test 0.033042 | epoch 0.17s | total 1325.9s | lr 0.00004
E7147/10000 | train 0.019629 | test 0.033049 | epoch 0.17s | total 1326.1s | lr 0.00004
E7148/10000 | train 0.019618 | test 0.033039 | epoch 0.17s | total 1326.3s | lr 0.00004
E7149/10000 | train 0.019622 | test 0.033020 | epoch 0.17s | total 1326.5s | lr 0.00004
E7150/10000 | train 0.019613 | test 0.033045 | epoch 0.17s | total 1326.7s | lr 0.00004
E7151/10000 | train 0.019617 | test 0.033060 | epoch 0.17s | total 1326.8s | lr 0.00004
E7152/10000 | train 0.019610 | test 0.033036 | epoch 0.17s | total 1327.0s | lr 0.00004
E7153/10000 | train 0.019611 | test 0.033043 | epoch 0.17s | total 1327.2s | lr 0.00003
E7154/10000 | train 0.019594 | test 0.033066 | epoch 0.17s | total 1327.4s | lr 0.00003
E7155/10000 | train 0.019602 | test 0.033060 | epoch 0.17s | total 1327.5s | lr 0.00003
E7156/10000 | train 0.019596 | test 0.033065 | epoch 0.17s | total 1327.7s | lr 0.00003
E7157/10000 | train 0.019598 | test 0.033045 | epoch 0.17s | total 1327.9s | lr 0.00003
E7158/10000 | train 0.019595 | test 0.033049 | epoch 0.17s | total 1328.1s | lr 0.00003
E7159/10000 | train 0.019604 | test 0.033062 | epoch 0.17s | total 1328.3s | lr 0.00003
E7160/10000 | train 0.019596 | test 0.033081 | epoch 0.18s | total 1328.4s | lr 0.00003
E7161/10000 | train 0.019594 | test 0.033056 | epoch 0.17s | total 1328.6s | lr 0.00003
E7162/10000 | train 0.019601 | test 0.033061 | epoch 0.17s | total 1328.8s | lr 0.00003
E7163/10000 | train 0.019585 | test 0.033062 | epoch 0.17s | total 1329.0s | lr 0.00003
E7164/10000 | train 0.019595 | test 0.033039 | epoch 0.17s | total 1329.2s | lr 0.00003
E7165/10000 | train 0.019592 | test 0.033042 | epoch 0.17s | total 1329.3s | lr 0.00003
E7166/10000 | train 0.019591 | test 0.033051 | epoch 0.17s | total 1329.5s | lr 0.00003
E7167/10000 | train 0.019577 | test 0.033057 | epoch 0.17s | total 1329.7s | lr 0.00003
E7168/10000 | train 0.019602 | test 0.033051 | epoch 0.17s | total 1329.9s | lr 0.00003
E7169/10000 | train 0.019595 | test 0.033053 | epoch 0.17s | total 1330.0s | lr 0.00003
E7170/10000 | train 0.019606 | test 0.033075 | epoch 0.17s | total 1330.2s | lr 0.00003
E7171/10000 | train 0.019587 | test 0.033081 | epoch 0.17s | total 1330.4s | lr 0.00003
E7172/10000 | train 0.019591 | test 0.033073 | epoch 0.17s | total 1330.6s | lr 0.00003
E7173/10000 | train 0.019583 | test 0.033059 | epoch 0.17s | total 1330.7s | lr 0.00003
E7174/10000 | train 0.019580 | test 0.033072 | epoch 0.17s | total 1330.9s | lr 0.00003
E7175/10000 | train 0.019590 | test 0.033067 | epoch 0.17s | total 1331.1s | lr 0.00003
E7176/10000 | train 0.019587 | test 0.033090 | epoch 0.17s | total 1331.3s | lr 0.00003
E7177/10000 | train 0.019581 | test 0.033052 | epoch 0.17s | total 1331.5s | lr 0.00003
E7178/10000 | train 0.019592 | test 0.033039 | epoch 0.17s | total 1331.6s | lr 0.00003
E7179/10000 | train 0.019585 | test 0.033072 | epoch 0.17s | total 1331.8s | lr 0.00003
E7180/10000 | train 0.019585 | test 0.033058 | epoch 0.17s | total 1332.0s | lr 0.00003
E7181/10000 | train 0.019580 | test 0.033054 | epoch 0.17s | total 1332.2s | lr 0.00003
E7182/10000 | train 0.019579 | test 0.033041 | epoch 0.17s | total 1332.3s | lr 0.00003
E7183/10000 | train 0.019582 | test 0.033051 | epoch 0.17s | total 1332.5s | lr 0.00003
E7184/10000 | train 0.019585 | test 0.033061 | epoch 0.17s | total 1332.7s | lr 0.00003
E7185/10000 | train 0.019586 | test 0.033087 | epoch 0.17s | total 1332.9s | lr 0.00003
E7186/10000 | train 0.019580 | test 0.033041 | epoch 0.17s | total 1333.1s | lr 0.00003
E7187/10000 | train 0.019576 | test 0.033058 | epoch 0.17s | total 1333.2s | lr 0.00003
E7188/10000 | train 0.019593 | test 0.033085 | epoch 0.17s | total 1333.4s | lr 0.00003
E7189/10000 | train 0.019583 | test 0.033032 | epoch 0.17s | total 1333.6s | lr 0.00003
E7190/10000 | train 0.019575 | test 0.033046 | epoch 0.17s | total 1333.8s | lr 0.00003
E7191/10000 | train 0.019581 | test 0.033042 | epoch 0.17s | total 1333.9s | lr 0.00003
E7192/10000 | train 0.019582 | test 0.033038 | epoch 0.17s | total 1334.1s | lr 0.00003
E7193/10000 | train 0.019579 | test 0.033032 | epoch 0.17s | total 1334.3s | lr 0.00003
E7194/10000 | train 0.019565 | test 0.033037 | epoch 0.17s | total 1334.5s | lr 0.00003
E7195/10000 | train 0.019580 | test 0.033043 | epoch 0.17s | total 1334.7s | lr 0.00003
E7196/10000 | train 0.019570 | test 0.033044 | epoch 0.17s | total 1334.8s | lr 0.00003
E7197/10000 | train 0.019599 | test 0.033056 | epoch 0.17s | total 1335.0s | lr 0.00003
E7198/10000 | train 0.019583 | test 0.033046 | epoch 0.17s | total 1335.2s | lr 0.00003
E7199/10000 | train 0.019576 | test 0.033056 | epoch 0.17s | total 1335.4s | lr 0.00003
E7200/10000 | train 0.019568 | test 0.033015 | epoch 0.17s | total 1335.5s | lr 0.00003
E7201/10000 | train 0.019569 | test 0.033044 | epoch 0.17s | total 1335.7s | lr 0.00003
E7202/10000 | train 0.019578 | test 0.033058 | epoch 0.17s | total 1335.9s | lr 0.00003
E7203/10000 | train 0.019583 | test 0.033023 | epoch 0.17s | total 1336.1s | lr 0.00003
E7204/10000 | train 0.019573 | test 0.033023 | epoch 0.17s | total 1336.3s | lr 0.00003
E7205/10000 | train 0.019566 | test 0.033022 | epoch 0.17s | total 1336.4s | lr 0.00003
E7206/10000 | train 0.019562 | test 0.033029 | epoch 0.17s | total 1336.6s | lr 0.00003
E7207/10000 | train 0.019571 | test 0.033029 | epoch 0.18s | total 1336.8s | lr 0.00003
E7208/10000 | train 0.019573 | test 0.033031 | epoch 0.18s | total 1337.0s | lr 0.00003
E7209/10000 | train 0.019575 | test 0.033051 | epoch 0.17s | total 1337.2s | lr 0.00003
E7210/10000 | train 0.019558 | test 0.033049 | epoch 0.18s | total 1337.3s | lr 0.00003
E7211/10000 | train 0.019557 | test 0.033045 | epoch 0.17s | total 1337.5s | lr 0.00003
E7212/10000 | train 0.019562 | test 0.033055 | epoch 0.17s | total 1337.7s | lr 0.00003
E7213/10000 | train 0.019566 | test 0.033062 | epoch 0.17s | total 1337.9s | lr 0.00003
E7214/10000 | train 0.019564 | test 0.033037 | epoch 0.17s | total 1338.1s | lr 0.00003
E7215/10000 | train 0.019561 | test 0.033040 | epoch 0.17s | total 1338.2s | lr 0.00003
E7216/10000 | train 0.019573 | test 0.033043 | epoch 0.17s | total 1338.4s | lr 0.00003
E7217/10000 | train 0.019578 | test 0.033066 | epoch 0.17s | total 1338.6s | lr 0.00003
E7218/10000 | train 0.019574 | test 0.033053 | epoch 0.17s | total 1338.8s | lr 0.00003
E7219/10000 | train 0.019563 | test 0.033054 | epoch 0.17s | total 1339.0s | lr 0.00003
E7220/10000 | train 0.019568 | test 0.033052 | epoch 0.17s | total 1339.1s | lr 0.00003
E7221/10000 | train 0.019558 | test 0.033059 | epoch 0.17s | total 1339.3s | lr 0.00003
E7222/10000 | train 0.019561 | test 0.033070 | epoch 0.17s | total 1339.5s | lr 0.00003
E7223/10000 | train 0.019562 | test 0.033070 | epoch 0.17s | total 1339.7s | lr 0.00003
E7224/10000 | train 0.019570 | test 0.033066 | epoch 0.17s | total 1339.8s | lr 0.00003
E7225/10000 | train 0.019558 | test 0.033055 | epoch 0.17s | total 1340.0s | lr 0.00003
E7226/10000 | train 0.019557 | test 0.033059 | epoch 0.17s | total 1340.2s | lr 0.00003
E7227/10000 | train 0.019558 | test 0.033038 | epoch 0.18s | total 1340.4s | lr 0.00003
E7228/10000 | train 0.019578 | test 0.033070 | epoch 0.18s | total 1340.6s | lr 0.00003
E7229/10000 | train 0.019555 | test 0.033077 | epoch 0.17s | total 1340.8s | lr 0.00003
E7230/10000 | train 0.019547 | test 0.033079 | epoch 0.17s | total 1340.9s | lr 0.00003
E7231/10000 | train 0.019557 | test 0.033050 | epoch 0.17s | total 1341.1s | lr 0.00003
E7232/10000 | train 0.019564 | test 0.033050 | epoch 0.17s | total 1341.3s | lr 0.00003
E7233/10000 | train 0.019546 | test 0.033074 | epoch 0.17s | total 1341.5s | lr 0.00002
E7234/10000 | train 0.019554 | test 0.033027 | epoch 0.17s | total 1341.6s | lr 0.00002
E7235/10000 | train 0.019560 | test 0.033066 | epoch 0.17s | total 1341.8s | lr 0.00002
E7236/10000 | train 0.019556 | test 0.033052 | epoch 0.17s | total 1342.0s | lr 0.00002
E7237/10000 | train 0.019550 | test 0.033048 | epoch 0.17s | total 1342.2s | lr 0.00002
E7238/10000 | train 0.019551 | test 0.033063 | epoch 0.17s | total 1342.4s | lr 0.00002
E7239/10000 | train 0.019561 | test 0.033060 | epoch 0.17s | total 1342.5s | lr 0.00002
E7240/10000 | train 0.019557 | test 0.033070 | epoch 0.17s | total 1342.7s | lr 0.00002
E7241/10000 | train 0.019543 | test 0.033067 | epoch 0.17s | total 1342.9s | lr 0.00002
E7242/10000 | train 0.019564 | test 0.033080 | epoch 0.17s | total 1343.1s | lr 0.00002
E7243/10000 | train 0.019547 | test 0.033087 | epoch 0.17s | total 1343.2s | lr 0.00002
E7244/10000 | train 0.019544 | test 0.033046 | epoch 0.17s | total 1343.4s | lr 0.00002
E7245/10000 | train 0.019544 | test 0.033062 | epoch 0.17s | total 1343.6s | lr 0.00002
E7246/10000 | train 0.019559 | test 0.033052 | epoch 0.17s | total 1343.8s | lr 0.00002
E7247/10000 | train 0.019544 | test 0.033058 | epoch 0.17s | total 1344.0s | lr 0.00002
E7248/10000 | train 0.019539 | test 0.033046 | epoch 0.17s | total 1344.1s | lr 0.00002
E7249/10000 | train 0.019554 | test 0.033056 | epoch 0.17s | total 1344.3s | lr 0.00002
E7250/10000 | train 0.019554 | test 0.033079 | epoch 0.17s | total 1344.5s | lr 0.00002
E7251/10000 | train 0.019556 | test 0.033085 | epoch 0.17s | total 1344.7s | lr 0.00002
E7252/10000 | train 0.019542 | test 0.033068 | epoch 0.18s | total 1344.9s | lr 0.00002
E7253/10000 | train 0.019547 | test 0.033052 | epoch 0.18s | total 1345.0s | lr 0.00002
E7254/10000 | train 0.019552 | test 0.033069 | epoch 0.17s | total 1345.2s | lr 0.00002
E7255/10000 | train 0.019545 | test 0.033057 | epoch 0.18s | total 1345.4s | lr 0.00002
E7256/10000 | train 0.019541 | test 0.033069 | epoch 0.17s | total 1345.6s | lr 0.00002
E7257/10000 | train 0.019541 | test 0.033071 | epoch 0.17s | total 1345.8s | lr 0.00002
E7258/10000 | train 0.019551 | test 0.033050 | epoch 0.17s | total 1345.9s | lr 0.00002
E7259/10000 | train 0.019545 | test 0.033064 | epoch 0.17s | total 1346.1s | lr 0.00002
E7260/10000 | train 0.019541 | test 0.033061 | epoch 0.17s | total 1346.3s | lr 0.00002
E7261/10000 | train 0.019539 | test 0.033054 | epoch 0.17s | total 1346.5s | lr 0.00002
E7262/10000 | train 0.019529 | test 0.033046 | epoch 0.17s | total 1346.7s | lr 0.00002
E7263/10000 | train 0.019535 | test 0.033046 | epoch 0.17s | total 1346.8s | lr 0.00002
E7264/10000 | train 0.019538 | test 0.033079 | epoch 0.17s | total 1347.0s | lr 0.00002
E7265/10000 | train 0.019546 | test 0.033088 | epoch 0.17s | total 1347.2s | lr 0.00002
E7266/10000 | train 0.019538 | test 0.033048 | epoch 0.17s | total 1347.4s | lr 0.00002
E7267/10000 | train 0.019544 | test 0.033073 | epoch 0.17s | total 1347.5s | lr 0.00002
E7268/10000 | train 0.019545 | test 0.033063 | epoch 0.17s | total 1347.7s | lr 0.00002
E7269/10000 | train 0.019549 | test 0.033096 | epoch 0.17s | total 1347.9s | lr 0.00002
E7270/10000 | train 0.019550 | test 0.033074 | epoch 0.17s | total 1348.1s | lr 0.00002
E7271/10000 | train 0.019540 | test 0.033051 | epoch 0.17s | total 1348.3s | lr 0.00002
E7272/10000 | train 0.019545 | test 0.033054 | epoch 0.17s | total 1348.4s | lr 0.00002
E7273/10000 | train 0.019532 | test 0.033071 | epoch 0.17s | total 1348.6s | lr 0.00002
E7274/10000 | train 0.019544 | test 0.033072 | epoch 0.17s | total 1348.8s | lr 0.00002
E7275/10000 | train 0.019526 | test 0.033073 | epoch 0.17s | total 1349.0s | lr 0.00002
E7276/10000 | train 0.019530 | test 0.033071 | epoch 0.17s | total 1349.1s | lr 0.00002
E7277/10000 | train 0.019556 | test 0.033072 | epoch 0.17s | total 1349.3s | lr 0.00002
E7278/10000 | train 0.019540 | test 0.033088 | epoch 0.17s | total 1349.5s | lr 0.00002
E7279/10000 | train 0.019532 | test 0.033078 | epoch 0.17s | total 1349.7s | lr 0.00002
E7280/10000 | train 0.019541 | test 0.033076 | epoch 0.17s | total 1349.9s | lr 0.00002
E7281/10000 | train 0.019534 | test 0.033061 | epoch 0.17s | total 1350.0s | lr 0.00002
E7282/10000 | train 0.019535 | test 0.033041 | epoch 0.17s | total 1350.2s | lr 0.00002
E7283/10000 | train 0.019536 | test 0.033076 | epoch 0.17s | total 1350.4s | lr 0.00002
E7284/10000 | train 0.019527 | test 0.033072 | epoch 0.17s | total 1350.6s | lr 0.00002
E7285/10000 | train 0.019526 | test 0.033056 | epoch 0.17s | total 1350.7s | lr 0.00002
E7286/10000 | train 0.019539 | test 0.033059 | epoch 0.17s | total 1350.9s | lr 0.00002
E7287/10000 | train 0.019532 | test 0.033076 | epoch 0.18s | total 1351.1s | lr 0.00002
E7288/10000 | train 0.019545 | test 0.033091 | epoch 0.17s | total 1351.3s | lr 0.00002
E7289/10000 | train 0.019538 | test 0.033067 | epoch 0.17s | total 1351.5s | lr 0.00002
E7290/10000 | train 0.019529 | test 0.033066 | epoch 0.18s | total 1351.7s | lr 0.00002
E7291/10000 | train 0.019522 | test 0.033069 | epoch 0.17s | total 1351.8s | lr 0.00002
E7292/10000 | train 0.019544 | test 0.033085 | epoch 0.17s | total 1352.0s | lr 0.00002
E7293/10000 | train 0.019522 | test 0.033067 | epoch 0.17s | total 1352.2s | lr 0.00002
E7294/10000 | train 0.019528 | test 0.033075 | epoch 0.17s | total 1352.4s | lr 0.00002
E7295/10000 | train 0.019528 | test 0.033097 | epoch 0.17s | total 1352.6s | lr 0.00002
E7296/10000 | train 0.019518 | test 0.033069 | epoch 0.17s | total 1352.7s | lr 0.00002
E7297/10000 | train 0.019528 | test 0.033089 | epoch 0.17s | total 1352.9s | lr 0.00002
E7298/10000 | train 0.019513 | test 0.033052 | epoch 0.17s | total 1353.1s | lr 0.00002
E7299/10000 | train 0.019518 | test 0.033058 | epoch 0.17s | total 1353.3s | lr 0.00002
E7300/10000 | train 0.019537 | test 0.033080 | epoch 0.17s | total 1353.4s | lr 0.00002
E7301/10000 | train 0.019518 | test 0.033077 | epoch 0.17s | total 1353.6s | lr 0.00002
E7302/10000 | train 0.019517 | test 0.033079 | epoch 0.17s | total 1353.8s | lr 0.00002
E7303/10000 | train 0.019521 | test 0.033084 | epoch 0.17s | total 1354.0s | lr 0.00002
E7304/10000 | train 0.019521 | test 0.033055 | epoch 0.17s | total 1354.2s | lr 0.00002
E7305/10000 | train 0.019520 | test 0.033056 | epoch 0.17s | total 1354.3s | lr 0.00002
E7306/10000 | train 0.019533 | test 0.033072 | epoch 0.17s | total 1354.5s | lr 0.00002
E7307/10000 | train 0.019521 | test 0.033065 | epoch 0.17s | total 1354.7s | lr 0.00002
E7308/10000 | train 0.019511 | test 0.033056 | epoch 0.17s | total 1354.9s | lr 0.00002
E7309/10000 | train 0.019517 | test 0.033056 | epoch 0.17s | total 1355.0s | lr 0.00002
E7310/10000 | train 0.019530 | test 0.033065 | epoch 0.17s | total 1355.2s | lr 0.00002
E7311/10000 | train 0.019528 | test 0.033059 | epoch 0.17s | total 1355.4s | lr 0.00002
E7312/10000 | train 0.019528 | test 0.033065 | epoch 0.17s | total 1355.6s | lr 0.00002
E7313/10000 | train 0.019521 | test 0.033052 | epoch 0.17s | total 1355.7s | lr 0.00002
E7314/10000 | train 0.019527 | test 0.033072 | epoch 0.17s | total 1355.9s | lr 0.00002
E7315/10000 | train 0.019510 | test 0.033058 | epoch 0.17s | total 1356.1s | lr 0.00002
E7316/10000 | train 0.019510 | test 0.033064 | epoch 0.17s | total 1356.3s | lr 0.00002
E7317/10000 | train 0.019514 | test 0.033074 | epoch 0.18s | total 1356.5s | lr 0.00002
E7318/10000 | train 0.019525 | test 0.033062 | epoch 0.18s | total 1356.7s | lr 0.00002
E7319/10000 | train 0.019513 | test 0.033060 | epoch 0.18s | total 1356.8s | lr 0.00002
E7320/10000 | train 0.019532 | test 0.033086 | epoch 0.18s | total 1357.0s | lr 0.00002
E7321/10000 | train 0.019509 | test 0.033073 | epoch 0.18s | total 1357.2s | lr 0.00002
E7322/10000 | train 0.019524 | test 0.033075 | epoch 0.18s | total 1357.4s | lr 0.00002
E7323/10000 | train 0.019521 | test 0.033073 | epoch 0.18s | total 1357.6s | lr 0.00002
E7324/10000 | train 0.019513 | test 0.033059 | epoch 0.18s | total 1357.8s | lr 0.00002
E7325/10000 | train 0.019513 | test 0.033064 | epoch 0.18s | total 1357.9s | lr 0.00002
E7326/10000 | train 0.019524 | test 0.033078 | epoch 0.17s | total 1358.1s | lr 0.00002
E7327/10000 | train 0.019515 | test 0.033093 | epoch 0.17s | total 1358.3s | lr 0.00002
E7328/10000 | train 0.019509 | test 0.033079 | epoch 0.17s | total 1358.5s | lr 0.00002
E7329/10000 | train 0.019516 | test 0.033083 | epoch 0.17s | total 1358.7s | lr 0.00002
E7330/10000 | train 0.019510 | test 0.033097 | epoch 0.17s | total 1358.8s | lr 0.00002
E7331/10000 | train 0.019502 | test 0.033089 | epoch 0.17s | total 1359.0s | lr 0.00002
E7332/10000 | train 0.019510 | test 0.033095 | epoch 0.18s | total 1359.2s | lr 0.00002
E7333/10000 | train 0.019509 | test 0.033108 | epoch 0.18s | total 1359.4s | lr 0.00002
E7334/10000 | train 0.019508 | test 0.033081 | epoch 0.18s | total 1359.6s | lr 0.00002
E7335/10000 | train 0.019513 | test 0.033078 | epoch 0.17s | total 1359.8s | lr 0.00002
E7336/10000 | train 0.019513 | test 0.033074 | epoch 0.17s | total 1359.9s | lr 0.00002
E7337/10000 | train 0.019504 | test 0.033087 | epoch 0.17s | total 1360.1s | lr 0.00002
E7338/10000 | train 0.019496 | test 0.033077 | epoch 0.17s | total 1360.3s | lr 0.00002
E7339/10000 | train 0.019527 | test 0.033059 | epoch 0.18s | total 1360.5s | lr 0.00002
E7340/10000 | train 0.019495 | test 0.033067 | epoch 0.17s | total 1360.7s | lr 0.00002
E7341/10000 | train 0.019498 | test 0.033062 | epoch 0.17s | total 1360.8s | lr 0.00002
E7342/10000 | train 0.019502 | test 0.033064 | epoch 0.17s | total 1361.0s | lr 0.00002
E7343/10000 | train 0.019513 | test 0.033075 | epoch 0.18s | total 1361.2s | lr 0.00002
E7344/10000 | train 0.019512 | test 0.033059 | epoch 0.18s | total 1361.4s | lr 0.00002
E7345/10000 | train 0.019513 | test 0.033069 | epoch 0.18s | total 1361.6s | lr 0.00002
E7346/10000 | train 0.019522 | test 0.033072 | epoch 0.18s | total 1361.8s | lr 0.00002
E7347/10000 | train 0.019513 | test 0.033066 | epoch 0.18s | total 1362.0s | lr 0.00001
E7348/10000 | train 0.019507 | test 0.033060 | epoch 0.19s | total 1362.1s | lr 0.00001
E7349/10000 | train 0.019528 | test 0.033068 | epoch 0.18s | total 1362.3s | lr 0.00001
E7350/10000 | train 0.019497 | test 0.033057 | epoch 0.18s | total 1362.5s | lr 0.00001
E7351/10000 | train 0.019511 | test 0.033077 | epoch 0.17s | total 1362.7s | lr 0.00001
E7352/10000 | train 0.019510 | test 0.033066 | epoch 0.17s | total 1362.9s | lr 0.00001
E7353/10000 | train 0.019505 | test 0.033085 | epoch 0.17s | total 1363.1s | lr 0.00001
E7354/10000 | train 0.019506 | test 0.033064 | epoch 0.17s | total 1363.2s | lr 0.00001
E7355/10000 | train 0.019499 | test 0.033073 | epoch 0.17s | total 1363.4s | lr 0.00001
E7356/10000 | train 0.019510 | test 0.033071 | epoch 0.17s | total 1363.6s | lr 0.00001
E7357/10000 | train 0.019499 | test 0.033086 | epoch 0.17s | total 1363.8s | lr 0.00001
E7358/10000 | train 0.019504 | test 0.033078 | epoch 0.17s | total 1363.9s | lr 0.00001
E7359/10000 | train 0.019507 | test 0.033092 | epoch 0.17s | total 1364.1s | lr 0.00001
E7360/10000 | train 0.019506 | test 0.033089 | epoch 0.17s | total 1364.3s | lr 0.00001
E7361/10000 | train 0.019498 | test 0.033088 | epoch 0.17s | total 1364.5s | lr 0.00001
E7362/10000 | train 0.019504 | test 0.033066 | epoch 0.17s | total 1364.7s | lr 0.00001
E7363/10000 | train 0.019507 | test 0.033074 | epoch 0.17s | total 1364.8s | lr 0.00001
E7364/10000 | train 0.019499 | test 0.033081 | epoch 0.17s | total 1365.0s | lr 0.00001
E7365/10000 | train 0.019490 | test 0.033080 | epoch 0.17s | total 1365.2s | lr 0.00001
E7366/10000 | train 0.019510 | test 0.033098 | epoch 0.17s | total 1365.4s | lr 0.00001
E7367/10000 | train 0.019510 | test 0.033099 | epoch 0.18s | total 1365.6s | lr 0.00001
E7368/10000 | train 0.019512 | test 0.033114 | epoch 0.18s | total 1365.7s | lr 0.00001
E7369/10000 | train 0.019500 | test 0.033082 | epoch 0.17s | total 1365.9s | lr 0.00001
E7370/10000 | train 0.019493 | test 0.033087 | epoch 0.17s | total 1366.1s | lr 0.00001
E7371/10000 | train 0.019498 | test 0.033099 | epoch 0.17s | total 1366.3s | lr 0.00001
E7372/10000 | train 0.019508 | test 0.033108 | epoch 0.17s | total 1366.5s | lr 0.00001
E7373/10000 | train 0.019501 | test 0.033104 | epoch 0.18s | total 1366.6s | lr 0.00001
E7374/10000 | train 0.019509 | test 0.033089 | epoch 0.18s | total 1366.8s | lr 0.00001
E7375/10000 | train 0.019504 | test 0.033116 | epoch 0.17s | total 1367.0s | lr 0.00001
E7376/10000 | train 0.019501 | test 0.033113 | epoch 0.17s | total 1367.2s | lr 0.00001
E7377/10000 | train 0.019506 | test 0.033097 | epoch 0.17s | total 1367.4s | lr 0.00001
E7378/10000 | train 0.019504 | test 0.033103 | epoch 0.17s | total 1367.5s | lr 0.00001
E7379/10000 | train 0.019507 | test 0.033116 | epoch 0.17s | total 1367.7s | lr 0.00001
E7380/10000 | train 0.019511 | test 0.033100 | epoch 0.17s | total 1367.9s | lr 0.00001
E7381/10000 | train 0.019509 | test 0.033113 | epoch 0.17s | total 1368.1s | lr 0.00001
E7382/10000 | train 0.019510 | test 0.033093 | epoch 0.17s | total 1368.3s | lr 0.00001
E7383/10000 | train 0.019493 | test 0.033111 | epoch 0.17s | total 1368.4s | lr 0.00001
E7384/10000 | train 0.019494 | test 0.033103 | epoch 0.17s | total 1368.6s | lr 0.00001
E7385/10000 | train 0.019495 | test 0.033085 | epoch 0.17s | total 1368.8s | lr 0.00001
E7386/10000 | train 0.019494 | test 0.033116 | epoch 0.17s | total 1369.0s | lr 0.00001
E7387/10000 | train 0.019496 | test 0.033085 | epoch 0.17s | total 1369.1s | lr 0.00001
E7388/10000 | train 0.019508 | test 0.033121 | epoch 0.17s | total 1369.3s | lr 0.00001
E7389/10000 | train 0.019498 | test 0.033109 | epoch 0.17s | total 1369.5s | lr 0.00001
E7390/10000 | train 0.019500 | test 0.033120 | epoch 0.18s | total 1369.7s | lr 0.00001
E7391/10000 | train 0.019503 | test 0.033116 | epoch 0.17s | total 1369.9s | lr 0.00001
E7392/10000 | train 0.019494 | test 0.033124 | epoch 0.17s | total 1370.0s | lr 0.00001
E7393/10000 | train 0.019499 | test 0.033092 | epoch 0.17s | total 1370.2s | lr 0.00001
E7394/10000 | train 0.019499 | test 0.033096 | epoch 0.17s | total 1370.4s | lr 0.00001
E7395/10000 | train 0.019489 | test 0.033084 | epoch 0.17s | total 1370.6s | lr 0.00001
E7396/10000 | train 0.019482 | test 0.033097 | epoch 0.17s | total 1370.8s | lr 0.00001
E7397/10000 | train 0.019496 | test 0.033093 | epoch 0.17s | total 1370.9s | lr 0.00001
E7398/10000 | train 0.019493 | test 0.033085 | epoch 0.17s | total 1371.1s | lr 0.00001
E7399/10000 | train 0.019486 | test 0.033111 | epoch 0.17s | total 1371.3s | lr 0.00001
E7400/10000 | train 0.019485 | test 0.033094 | epoch 0.17s | total 1371.5s | lr 0.00001
E7401/10000 | train 0.019499 | test 0.033078 | epoch 0.17s | total 1371.7s | lr 0.00001
E7402/10000 | train 0.019512 | test 0.033064 | epoch 0.19s | total 1371.9s | lr 0.00001
E7403/10000 | train 0.019500 | test 0.033092 | epoch 0.17s | total 1372.0s | lr 0.00001
E7404/10000 | train 0.019494 | test 0.033082 | epoch 0.17s | total 1372.2s | lr 0.00001
E7405/10000 | train 0.019495 | test 0.033092 | epoch 0.17s | total 1372.4s | lr 0.00001
E7406/10000 | train 0.019503 | test 0.033084 | epoch 0.17s | total 1372.6s | lr 0.00001
E7407/10000 | train 0.019502 | test 0.033072 | epoch 0.17s | total 1372.7s | lr 0.00001
E7408/10000 | train 0.019491 | test 0.033068 | epoch 0.18s | total 1372.9s | lr 0.00001
E7409/10000 | train 0.019494 | test 0.033080 | epoch 0.18s | total 1373.1s | lr 0.00001
E7410/10000 | train 0.019495 | test 0.033076 | epoch 0.17s | total 1373.3s | lr 0.00001
E7411/10000 | train 0.019500 | test 0.033070 | epoch 0.17s | total 1373.5s | lr 0.00001
E7412/10000 | train 0.019497 | test 0.033062 | epoch 0.17s | total 1373.6s | lr 0.00001
E7413/10000 | train 0.019499 | test 0.033062 | epoch 0.17s | total 1373.8s | lr 0.00001
E7414/10000 | train 0.019491 | test 0.033056 | epoch 0.17s | total 1374.0s | lr 0.00001
E7415/10000 | train 0.019510 | test 0.033061 | epoch 0.17s | total 1374.2s | lr 0.00001
E7416/10000 | train 0.019493 | test 0.033068 | epoch 0.17s | total 1374.4s | lr 0.00001
E7417/10000 | train 0.019499 | test 0.033058 | epoch 0.18s | total 1374.5s | lr 0.00001
E7418/10000 | train 0.019476 | test 0.033057 | epoch 0.18s | total 1374.7s | lr 0.00001
E7419/10000 | train 0.019497 | test 0.033076 | epoch 0.18s | total 1374.9s | lr 0.00001
E7420/10000 | train 0.019509 | test 0.033071 | epoch 0.18s | total 1375.1s | lr 0.00001
E7421/10000 | train 0.019481 | test 0.033064 | epoch 0.18s | total 1375.3s | lr 0.00001
E7422/10000 | train 0.019491 | test 0.033082 | epoch 0.17s | total 1375.5s | lr 0.00001
E7423/10000 | train 0.019501 | test 0.033084 | epoch 0.17s | total 1375.6s | lr 0.00001
E7424/10000 | train 0.019491 | test 0.033085 | epoch 0.17s | total 1375.8s | lr 0.00001
E7425/10000 | train 0.019487 | test 0.033086 | epoch 0.17s | total 1376.0s | lr 0.00001
E7426/10000 | train 0.019500 | test 0.033089 | epoch 0.17s | total 1376.2s | lr 0.00001
E7427/10000 | train 0.019474 | test 0.033101 | epoch 0.17s | total 1376.4s | lr 0.00001
E7428/10000 | train 0.019502 | test 0.033091 | epoch 0.17s | total 1376.5s | lr 0.00001
E7429/10000 | train 0.019497 | test 0.033087 | epoch 0.17s | total 1376.7s | lr 0.00001
E7430/10000 | train 0.019484 | test 0.033078 | epoch 0.17s | total 1376.9s | lr 0.00001
E7431/10000 | train 0.019490 | test 0.033080 | epoch 0.17s | total 1377.1s | lr 0.00001
E7432/10000 | train 0.019487 | test 0.033076 | epoch 0.17s | total 1377.3s | lr 0.00001
E7433/10000 | train 0.019490 | test 0.033073 | epoch 0.17s | total 1377.4s | lr 0.00001
E7434/10000 | train 0.019492 | test 0.033067 | epoch 0.17s | total 1377.6s | lr 0.00001
E7435/10000 | train 0.019483 | test 0.033085 | epoch 0.17s | total 1377.8s | lr 0.00001
E7436/10000 | train 0.019472 | test 0.033087 | epoch 0.18s | total 1378.0s | lr 0.00001
E7437/10000 | train 0.019474 | test 0.033077 | epoch 0.17s | total 1378.2s | lr 0.00001
E7438/10000 | train 0.019504 | test 0.033085 | epoch 0.18s | total 1378.3s | lr 0.00001
E7439/10000 | train 0.019497 | test 0.033077 | epoch 0.18s | total 1378.5s | lr 0.00001
E7440/10000 | train 0.019488 | test 0.033097 | epoch 0.17s | total 1378.7s | lr 0.00001
E7441/10000 | train 0.019488 | test 0.033098 | epoch 0.17s | total 1378.9s | lr 0.00001
E7442/10000 | train 0.019485 | test 0.033083 | epoch 0.17s | total 1379.1s | lr 0.00001
E7443/10000 | train 0.019491 | test 0.033094 | epoch 0.17s | total 1379.2s | lr 0.00001
E7444/10000 | train 0.019500 | test 0.033099 | epoch 0.17s | total 1379.4s | lr 0.00001
E7445/10000 | train 0.019480 | test 0.033091 | epoch 0.17s | total 1379.6s | lr 0.00001
E7446/10000 | train 0.019489 | test 0.033096 | epoch 0.17s | total 1379.8s | lr 0.00001
E7447/10000 | train 0.019494 | test 0.033096 | epoch 0.17s | total 1379.9s | lr 0.00001
E7448/10000 | train 0.019478 | test 0.033086 | epoch 0.17s | total 1380.1s | lr 0.00001
E7449/10000 | train 0.019496 | test 0.033097 | epoch 0.17s | total 1380.3s | lr 0.00001
E7450/10000 | train 0.019482 | test 0.033088 | epoch 0.17s | total 1380.5s | lr 0.00001
E7451/10000 | train 0.019481 | test 0.033088 | epoch 0.17s | total 1380.7s | lr 0.00001
E7452/10000 | train 0.019480 | test 0.033080 | epoch 0.17s | total 1380.8s | lr 0.00001
E7453/10000 | train 0.019487 | test 0.033088 | epoch 0.18s | total 1381.0s | lr 0.00001
E7454/10000 | train 0.019481 | test 0.033090 | epoch 0.18s | total 1381.2s | lr 0.00001
E7455/10000 | train 0.019498 | test 0.033074 | epoch 0.17s | total 1381.4s | lr 0.00001
E7456/10000 | train 0.019493 | test 0.033071 | epoch 0.17s | total 1381.6s | lr 0.00001
E7457/10000 | train 0.019488 | test 0.033074 | epoch 0.17s | total 1381.8s | lr 0.00001
E7458/10000 | train 0.019482 | test 0.033094 | epoch 0.17s | total 1381.9s | lr 0.00001
E7459/10000 | train 0.019477 | test 0.033083 | epoch 0.17s | total 1382.1s | lr 0.00001
E7460/10000 | train 0.019498 | test 0.033085 | epoch 0.17s | total 1382.3s | lr 0.00001
E7461/10000 | train 0.019476 | test 0.033083 | epoch 0.17s | total 1382.5s | lr 0.00001
E7462/10000 | train 0.019477 | test 0.033095 | epoch 0.17s | total 1382.6s | lr 0.00001
E7463/10000 | train 0.019481 | test 0.033092 | epoch 0.18s | total 1382.8s | lr 0.00001
E7464/10000 | train 0.019477 | test 0.033089 | epoch 0.18s | total 1383.0s | lr 0.00001
E7465/10000 | train 0.019488 | test 0.033082 | epoch 0.18s | total 1383.2s | lr 0.00001
E7466/10000 | train 0.019474 | test 0.033084 | epoch 0.17s | total 1383.4s | lr 0.00001
E7467/10000 | train 0.019475 | test 0.033102 | epoch 0.18s | total 1383.6s | lr 0.00001
E7468/10000 | train 0.019480 | test 0.033095 | epoch 0.18s | total 1383.8s | lr 0.00001
E7469/10000 | train 0.019475 | test 0.033099 | epoch 0.18s | total 1383.9s | lr 0.00001
E7470/10000 | train 0.019489 | test 0.033106 | epoch 0.17s | total 1384.1s | lr 0.00001
E7471/10000 | train 0.019487 | test 0.033088 | epoch 0.17s | total 1384.3s | lr 0.00001
E7472/10000 | train 0.019495 | test 0.033100 | epoch 0.17s | total 1384.5s | lr 0.00001
E7473/10000 | train 0.019483 | test 0.033104 | epoch 0.17s | total 1384.7s | lr 0.00001
E7474/10000 | train 0.019465 | test 0.033106 | epoch 0.17s | total 1384.8s | lr 0.00001
E7475/10000 | train 0.019476 | test 0.033097 | epoch 0.17s | total 1385.0s | lr 0.00001
E7476/10000 | train 0.019477 | test 0.033086 | epoch 0.17s | total 1385.2s | lr 0.00001
E7477/10000 | train 0.019484 | test 0.033091 | epoch 0.17s | total 1385.4s | lr 0.00001
E7478/10000 | train 0.019478 | test 0.033093 | epoch 0.17s | total 1385.6s | lr 0.00001
E7479/10000 | train 0.019483 | test 0.033091 | epoch 0.17s | total 1385.7s | lr 0.00001
E7480/10000 | train 0.019482 | test 0.033087 | epoch 0.17s | total 1385.9s | lr 0.00001
E7481/10000 | train 0.019480 | test 0.033086 | epoch 0.17s | total 1386.1s | lr 0.00001
E7482/10000 | train 0.019487 | test 0.033097 | epoch 0.17s | total 1386.3s | lr 0.00001
E7483/10000 | train 0.019478 | test 0.033086 | epoch 0.17s | total 1386.5s | lr 0.00001
E7484/10000 | train 0.019479 | test 0.033083 | epoch 0.17s | total 1386.6s | lr 0.00001
E7485/10000 | train 0.019486 | test 0.033096 | epoch 0.17s | total 1386.8s | lr 0.00001
E7486/10000 | train 0.019475 | test 0.033092 | epoch 0.18s | total 1387.0s | lr 0.00001
E7487/10000 | train 0.019488 | test 0.033082 | epoch 0.17s | total 1387.2s | lr 0.00001
E7488/10000 | train 0.019478 | test 0.033094 | epoch 0.17s | total 1387.4s | lr 0.00001
E7489/10000 | train 0.019481 | test 0.033094 | epoch 0.17s | total 1387.5s | lr 0.00001
E7490/10000 | train 0.019472 | test 0.033090 | epoch 0.17s | total 1387.7s | lr 0.00001
E7491/10000 | train 0.019478 | test 0.033087 | epoch 0.17s | total 1387.9s | lr 0.00001
E7492/10000 | train 0.019492 | test 0.033087 | epoch 0.17s | total 1388.1s | lr 0.00001
E7493/10000 | train 0.019470 | test 0.033097 | epoch 0.17s | total 1388.3s | lr 0.00001
E7494/10000 | train 0.019488 | test 0.033098 | epoch 0.17s | total 1388.4s | lr 0.00001
E7495/10000 | train 0.019478 | test 0.033087 | epoch 0.17s | total 1388.6s | lr 0.00001
E7496/10000 | train 0.019472 | test 0.033097 | epoch 0.17s | total 1388.8s | lr 0.00001
E7497/10000 | train 0.019478 | test 0.033091 | epoch 0.17s | total 1389.0s | lr 0.00001
E7498/10000 | train 0.019469 | test 0.033091 | epoch 0.17s | total 1389.2s | lr 0.00001
E7499/10000 | train 0.019483 | test 0.033098 | epoch 0.17s | total 1389.3s | lr 0.00001
E7500/10000 | train 0.019485 | test 0.033099 | epoch 0.17s | total 1389.5s | lr 0.00001
E7501/10000 | train 0.019482 | test 0.033091 | epoch 0.18s | total 1389.7s | lr 0.00001
E7502/10000 | train 0.020159 | test 0.033189 | epoch 0.17s | total 1389.9s | lr 0.00032
E7503/10000 | train 0.021860 | test 0.033003 | epoch 0.17s | total 1390.1s | lr 0.00032
E7504/10000 | train 0.022368 | test 0.033021 | epoch 0.17s | total 1390.2s | lr 0.00032
E7505/10000 | train 0.022414 | test 0.032880 | epoch 0.17s | total 1390.4s | lr 0.00032
E7506/10000 | train 0.022095 | test 0.032831 | epoch 0.17s | total 1390.6s | lr 0.00032
E7507/10000 | train 0.021819 | test 0.032837 | epoch 0.17s | total 1390.8s | lr 0.00032
E7508/10000 | train 0.021657 | test 0.032795 | epoch 0.17s | total 1391.0s | lr 0.00032
E7509/10000 | train 0.021571 | test 0.032732 | epoch 0.17s | total 1391.1s | lr 0.00032
E7510/10000 | train 0.021425 | test 0.032844 | epoch 0.17s | total 1391.3s | lr 0.00032
E7511/10000 | train 0.021512 | test 0.032957 | epoch 0.17s | total 1391.5s | lr 0.00032
E7512/10000 | train 0.021573 | test 0.032933 | epoch 0.17s | total 1391.7s | lr 0.00032
E7513/10000 | train 0.021699 | test 0.032878 | epoch 0.17s | total 1391.9s | lr 0.00032
E7514/10000 | train 0.021521 | test 0.032865 | epoch 0.18s | total 1392.1s | lr 0.00032
E7515/10000 | train 0.021528 | test 0.032861 | epoch 0.18s | total 1392.2s | lr 0.00032
E7516/10000 | train 0.021265 | test 0.032751 | epoch 0.18s | total 1392.4s | lr 0.00032
E7517/10000 | train 0.021151 | test 0.032756 | epoch 0.18s | total 1392.6s | lr 0.00032
E7518/10000 | train 0.021157 | test 0.032814 | epoch 0.18s | total 1392.8s | lr 0.00032
E7519/10000 | train 0.021113 | test 0.032790 | epoch 0.18s | total 1393.0s | lr 0.00032
E7520/10000 | train 0.021052 | test 0.032742 | epoch 0.18s | total 1393.2s | lr 0.00032
E7521/10000 | train 0.021086 | test 0.032866 | epoch 0.18s | total 1393.3s | lr 0.00032
E7522/10000 | train 0.021108 | test 0.032807 | epoch 0.17s | total 1393.5s | lr 0.00032
E7523/10000 | train 0.021115 | test 0.032838 | epoch 0.17s | total 1393.7s | lr 0.00032
E7524/10000 | train 0.021107 | test 0.032821 | epoch 0.17s | total 1393.9s | lr 0.00032
E7525/10000 | train 0.021064 | test 0.032811 | epoch 0.17s | total 1394.1s | lr 0.00032
E7526/10000 | train 0.021108 | test 0.032726 | epoch 0.17s | total 1394.3s | lr 0.00032
E7527/10000 | train 0.021071 | test 0.032707 | epoch 0.18s | total 1394.4s | lr 0.00032
E7528/10000 | train 0.021047 | test 0.032732 | epoch 0.17s | total 1394.6s | lr 0.00032
E7529/10000 | train 0.021093 | test 0.032699 | epoch 0.17s | total 1394.8s | lr 0.00032
E7530/10000 | train 0.021077 | test 0.032746 | epoch 0.17s | total 1395.0s | lr 0.00032
E7531/10000 | train 0.020974 | test 0.032707 | epoch 0.17s | total 1395.2s | lr 0.00032
E7532/10000 | train 0.020936 | test 0.032797 | epoch 0.17s | total 1395.3s | lr 0.00032
E7533/10000 | train 0.020934 | test 0.032774 | epoch 0.17s | total 1395.5s | lr 0.00032
E7534/10000 | train 0.020913 | test 0.032797 | epoch 0.17s | total 1395.7s | lr 0.00032
E7535/10000 | train 0.021015 | test 0.032740 | epoch 0.17s | total 1395.9s | lr 0.00032
E7536/10000 | train 0.020934 | test 0.032795 | epoch 0.17s | total 1396.0s | lr 0.00032
E7537/10000 | train 0.021031 | test 0.032848 | epoch 0.17s | total 1396.2s | lr 0.00032
E7538/10000 | train 0.021077 | test 0.032823 | epoch 0.17s | total 1396.4s | lr 0.00032
E7539/10000 | train 0.020992 | test 0.032826 | epoch 0.17s | total 1396.6s | lr 0.00032
E7540/10000 | train 0.020936 | test 0.032785 | epoch 0.17s | total 1396.8s | lr 0.00032
E7541/10000 | train 0.020930 | test 0.032753 | epoch 0.17s | total 1396.9s | lr 0.00032
E7542/10000 | train 0.020833 | test 0.032860 | epoch 0.17s | total 1397.1s | lr 0.00032
E7543/10000 | train 0.020724 | test 0.032929 | epoch 0.18s | total 1397.3s | lr 0.00032
E7544/10000 | train 0.020769 | test 0.032773 | epoch 0.17s | total 1397.5s | lr 0.00032
E7545/10000 | train 0.020820 | test 0.032766 | epoch 0.17s | total 1397.7s | lr 0.00032
E7546/10000 | train 0.020812 | test 0.032824 | epoch 0.17s | total 1397.8s | lr 0.00032
E7547/10000 | train 0.020807 | test 0.032886 | epoch 0.17s | total 1398.0s | lr 0.00032
E7548/10000 | train 0.020752 | test 0.032927 | epoch 0.17s | total 1398.2s | lr 0.00032
E7549/10000 | train 0.020973 | test 0.032920 | epoch 0.17s | total 1398.4s | lr 0.00032
E7550/10000 | train 0.020931 | test 0.032977 | epoch 0.17s | total 1398.5s | lr 0.00032
E7551/10000 | train 0.020851 | test 0.032934 | epoch 0.17s | total 1398.7s | lr 0.00032
E7552/10000 | train 0.020834 | test 0.032903 | epoch 0.17s | total 1398.9s | lr 0.00032
E7553/10000 | train 0.020901 | test 0.032955 | epoch 0.17s | total 1399.1s | lr 0.00032
E7554/10000 | train 0.020999 | test 0.032985 | epoch 0.17s | total 1399.3s | lr 0.00032
E7555/10000 | train 0.020947 | test 0.032960 | epoch 0.17s | total 1399.4s | lr 0.00032
E7556/10000 | train 0.020899 | test 0.032936 | epoch 0.17s | total 1399.6s | lr 0.00032
E7557/10000 | train 0.020874 | test 0.032976 | epoch 0.17s | total 1399.8s | lr 0.00032
E7558/10000 | train 0.020881 | test 0.032875 | epoch 0.17s | total 1400.0s | lr 0.00032
E7559/10000 | train 0.020949 | test 0.032858 | epoch 0.17s | total 1400.2s | lr 0.00032
E7560/10000 | train 0.020812 | test 0.032900 | epoch 0.17s | total 1400.3s | lr 0.00032
E7561/10000 | train 0.020817 | test 0.032863 | epoch 0.17s | total 1400.5s | lr 0.00032
E7562/10000 | train 0.020802 | test 0.032873 | epoch 0.17s | total 1400.7s | lr 0.00032
E7563/10000 | train 0.020753 | test 0.032918 | epoch 0.17s | total 1400.9s | lr 0.00032
E7564/10000 | train 0.020721 | test 0.032861 | epoch 0.17s | total 1401.1s | lr 0.00032
E7565/10000 | train 0.020746 | test 0.032851 | epoch 0.17s | total 1401.2s | lr 0.00032
E7566/10000 | train 0.020722 | test 0.032891 | epoch 0.17s | total 1401.4s | lr 0.00032
E7567/10000 | train 0.020729 | test 0.032866 | epoch 0.17s | total 1401.6s | lr 0.00032
E7568/10000 | train 0.020678 | test 0.032878 | epoch 0.17s | total 1401.8s | lr 0.00032
E7569/10000 | train 0.020691 | test 0.032927 | epoch 0.17s | total 1401.9s | lr 0.00032
E7570/10000 | train 0.020766 | test 0.032925 | epoch 0.17s | total 1402.1s | lr 0.00032
E7571/10000 | train 0.020761 | test 0.032928 | epoch 0.17s | total 1402.3s | lr 0.00032
E7572/10000 | train 0.020748 | test 0.032926 | epoch 0.17s | total 1402.5s | lr 0.00032
E7573/10000 | train 0.020754 | test 0.032850 | epoch 0.17s | total 1402.6s | lr 0.00032
E7574/10000 | train 0.020732 | test 0.032940 | epoch 0.17s | total 1402.8s | lr 0.00032
E7575/10000 | train 0.020809 | test 0.032961 | epoch 0.17s | total 1403.0s | lr 0.00032
E7576/10000 | train 0.020790 | test 0.033009 | epoch 0.17s | total 1403.2s | lr 0.00032
E7577/10000 | train 0.020802 | test 0.032901 | epoch 0.17s | total 1403.4s | lr 0.00032
E7578/10000 | train 0.020754 | test 0.032858 | epoch 0.18s | total 1403.6s | lr 0.00032
E7579/10000 | train 0.020687 | test 0.032926 | epoch 0.18s | total 1403.7s | lr 0.00032
E7580/10000 | train 0.020683 | test 0.032939 | epoch 0.18s | total 1403.9s | lr 0.00032
E7581/10000 | train 0.020746 | test 0.032878 | epoch 0.18s | total 1404.1s | lr 0.00032
E7582/10000 | train 0.020785 | test 0.032778 | epoch 0.18s | total 1404.3s | lr 0.00032
E7583/10000 | train 0.020795 | test 0.032789 | epoch 0.17s | total 1404.5s | lr 0.00032
E7584/10000 | train 0.020724 | test 0.032844 | epoch 0.18s | total 1404.7s | lr 0.00032
E7585/10000 | train 0.020734 | test 0.032914 | epoch 0.17s | total 1404.8s | lr 0.00032
E7586/10000 | train 0.020653 | test 0.032820 | epoch 0.17s | total 1405.0s | lr 0.00032
E7587/10000 | train 0.020614 | test 0.032833 | epoch 0.17s | total 1405.2s | lr 0.00032
E7588/10000 | train 0.020651 | test 0.032835 | epoch 0.17s | total 1405.4s | lr 0.00032
E7589/10000 | train 0.020618 | test 0.032844 | epoch 0.17s | total 1405.6s | lr 0.00032
E7590/10000 | train 0.020592 | test 0.032858 | epoch 0.17s | total 1405.7s | lr 0.00032