epoch,avg_loss,test_mse,epoch_time_s,wall_time_s,lr
1,0.09278435,0.06773318,0.207,0.215,0.000300
2,0.06724756,0.06407192,0.173,0.399,0.000600
3,0.06285553,0.06190484,0.174,0.587,0.000900
4,0.05773144,0.05450571,0.173,0.770,0.001200
5,0.05410148,0.05239634,0.174,0.958,0.001500
6,0.05140766,0.04981551,0.179,1.155,0.001500
7,0.05052810,0.05018923,0.185,1.354,0.001500
8,0.04968986,0.04872971,0.173,1.534,0.001500
9,0.04849294,0.04666645,0.173,1.726,0.001500
10,0.04760688,0.04609644,0.173,1.910,0.001500
11,0.04616850,0.04496732,0.174,2.102,0.001500
12,0.04535941,0.04395256,0.173,2.288,0.001500
13,0.04427577,0.04259690,0.174,2.480,0.001500
14,0.04327583,0.04240917,0.174,2.670,0.001500
15,0.04197479,0.04085454,0.173,2.853,0.001500
16,0.04044060,0.03871065,0.172,3.036,0.001500
17,0.03920927,0.03776409,0.173,3.220,0.001500
18,0.03875182,0.03770806,0.173,3.403,0.001500
19,0.03880104,0.03825824,0.174,3.588,0.001500
20,0.03820810,0.03661414,0.172,3.767,0.001500
21,0.03748135,0.03649470,0.174,3.951,0.001500
22,0.03729375,0.03653850,0.176,4.138,0.001500
23,0.03712628,0.03710191,0.175,4.321,0.001500
24,0.03705232,0.03592386,0.173,4.501,0.001500
25,0.03650515,0.03553285,0.171,4.682,0.001500
26,0.03649629,0.03541078,0.172,4.864,0.001500
27,0.03620412,0.03544908,0.173,5.048,0.001500
28,0.03604388,0.03517154,0.172,5.227,0.001500
29,0.03603480,0.03489244,0.176,5.414,0.001500
30,0.03579052,0.03490508,0.174,5.598,0.001500
31,0.03562094,0.03489253,0.172,5.777,0.001500
32,0.03559194,0.03475468,0.173,5.958,0.001500
33,0.03546408,0.03474452,0.173,6.148,0.001500
34,0.03631967,0.03559913,0.173,6.334,0.001500
35,0.03583448,0.03530015,0.172,6.513,0.001499
36,0.03567389,0.03488169,0.175,6.695,0.001499
37,0.03584846,0.03521081,0.172,6.874,0.001499
38,0.03543950,0.03522282,0.175,7.056,0.001499
39,0.03541152,0.03450947,0.172,7.236,0.001499
40,0.03526353,0.03512604,0.175,7.426,0.001499
41,0.03543722,0.03503787,0.174,7.608,0.001499
42,0.03520387,0.03445981,0.174,7.789,0.001499
43,0.03494384,0.03421663,0.176,7.982,0.001499
44,0.03512000,0.03428179,0.174,8.173,0.001499
45,0.03508649,0.03466513,0.174,8.354,0.001499
46,0.03547158,0.03449821,0.173,8.534,0.001499
47,0.03525218,0.03459815,0.174,8.715,0.001499
48,0.03542524,0.03489607,0.179,8.902,0.001499
49,0.03519976,0.03558823,0.177,9.086,0.001499
50,0.03610656,0.03582684,0.179,9.273,0.001499
51,0.03608782,0.03671690,0.177,9.458,0.001499
52,0.03648250,0.03519529,0.172,9.637,0.001499
53,0.03547941,0.03446540,0.174,9.818,0.001499
54,0.03510555,0.03471516,0.172,9.998,0.001499
55,0.03509422,0.03502337,0.173,10.178,0.001499
56,0.03552321,0.03494860,0.173,10.358,0.001498
57,0.03518023,0.03416406,0.172,10.538,0.001498
58,0.03507202,0.03470498,0.173,10.721,0.001498
59,0.03493099,0.03420085,0.176,10.904,0.001498
60,0.03468629,0.03395977,0.171,11.083,0.001498
61,0.03491154,0.03492018,0.172,11.265,0.001498
62,0.03486988,0.03392642,0.178,11.451,0.001498
63,0.03451207,0.03373148,0.175,11.636,0.001498
64,0.03456667,0.03398417,0.174,11.829,0.001498
65,0.03446463,0.03393483,0.173,12.009,0.001498
66,0.03449078,0.03360027,0.173,12.189,0.001498
67,0.03407162,0.03342024,0.173,12.379,0.001498
68,0.03412545,0.03336582,0.172,12.568,0.001498
69,0.03392183,0.03331736,0.173,12.755,0.001498
70,0.03405446,0.03356921,0.173,12.945,0.001498
71,0.03410033,0.03382213,0.172,13.124,0.001497
72,0.03400117,0.03335553,0.172,13.303,0.001497
73,0.03396387,0.03315613,0.173,13.483,0.001497
74,0.03392990,0.03330243,0.174,13.674,0.001497
75,0.03388636,0.03324022,0.172,13.853,0.001497
76,0.03377994,0.03341030,0.172,14.032,0.001497
77,0.03388622,0.03320692,0.173,14.213,0.001497
78,0.03370481,0.03309406,0.171,14.391,0.001497
79,0.03379341,0.03366888,0.174,14.582,0.001497
80,0.03441862,0.03478174,0.173,14.762,0.001497
81,0.03535811,0.03486790,0.175,14.945,0.001497
82,0.03496515,0.03402916,0.175,15.127,0.001497
83,0.03438793,0.03332740,0.173,15.308,0.001496
84,0.03420236,0.03373071,0.171,15.486,0.001496
85,0.03448655,0.03353130,0.171,15.665,0.001496
86,0.03426819,0.03407704,0.171,15.843,0.001496
87,0.03449061,0.03364236,0.171,16.022,0.001496
88,0.03396277,0.03302810,0.172,16.201,0.001496
89,0.03408788,0.03407282,0.172,16.389,0.001496
90,0.03503574,0.03410031,0.172,16.568,0.001496
91,0.03472193,0.03403668,0.174,16.750,0.001496
92,0.03421725,0.03356439,0.172,16.929,0.001496
93,0.03394414,0.03364125,0.172,17.108,0.001495
94,0.03383152,0.03325241,0.171,17.286,0.001495
95,0.03421610,0.03354158,0.171,17.465,0.001495
96,0.03386301,0.03310135,0.172,17.644,0.001495
97,0.03375181,0.03279658,0.172,17.823,0.001495
98,0.03346702,0.03298360,0.172,18.010,0.001495
99,0.03358244,0.03293974,0.172,18.189,0.001495
100,0.03395735,0.03286696,0.172,18.368,0.001495
101,0.03370820,0.03311300,0.172,18.547,0.001495
102,0.03339880,0.03269991,0.172,18.727,0.001494
103,0.03317043,0.03287207,0.170,18.912,0.001494
104,0.03335080,0.03291183,0.170,19.090,0.001494
105,0.03360562,0.03336306,0.171,19.268,0.001494
106,0.03454532,0.03321243,0.176,19.451,0.001494
107,0.03410122,0.03304047,0.172,19.634,0.001494
108,0.03344073,0.03265770,0.171,19.812,0.001494
109,0.03333455,0.03265324,0.172,19.997,0.001494
110,0.03325814,0.03307623,0.173,20.187,0.001494
111,0.03372898,0.03297653,0.172,20.365,0.001493
112,0.03353846,0.03331749,0.171,20.544,0.001493
113,0.03349707,0.03293194,0.172,20.723,0.001493
114,0.03360767,0.03325754,0.172,20.902,0.001493
115,0.03374921,0.03369897,0.172,21.081,0.001493
116,0.03375084,0.03257287,0.172,21.260,0.001493
117,0.03317388,0.03250875,0.172,21.447,0.001493
118,0.03334316,0.03310619,0.172,21.635,0.001492
119,0.03328265,0.03249155,0.171,21.814,0.001492
120,0.03284000,0.03257506,0.172,22.000,0.001492
121,0.03313865,0.03287500,0.171,22.179,0.001492
122,0.03514262,0.03356576,0.173,22.359,0.001492
123,0.03360514,0.03261443,0.171,22.537,0.001492
124,0.03314824,0.03251008,0.170,22.715,0.001492
125,0.03339998,0.03271361,0.172,22.894,0.001492
126,0.03321505,0.03274792,0.171,23.073,0.001491
127,0.03328024,0.03321277,0.172,23.252,0.001491
128,0.03324781,0.03267997,0.172,23.431,0.001491
129,0.03301745,0.03243297,0.171,23.610,0.001491
130,0.03300722,0.03248013,0.173,23.799,0.001491
131,0.03295999,0.03236978,0.171,23.978,0.001491
132,0.03298364,0.03233067,0.172,24.163,0.001491
133,0.03309976,0.03273953,0.172,24.354,0.001490
134,0.03353095,0.03272489,0.171,24.532,0.001490
135,0.03314716,0.03259216,0.171,24.710,0.001490
136,0.03300628,0.03240121,0.172,24.889,0.001490
137,0.03293290,0.03259608,0.172,25.069,0.001490
138,0.03310590,0.03242653,0.173,25.249,0.001490
139,0.03290023,0.03241527,0.171,25.427,0.001489
140,0.03318809,0.03278359,0.170,25.604,0.001489
141,0.03308138,0.03250131,0.171,25.783,0.001489
142,0.03279845,0.03231578,0.171,25.961,0.001489
143,0.03274962,0.03262690,0.172,26.150,0.001489
144,0.03281866,0.03226995,0.172,26.330,0.001489
145,0.03291577,0.03332740,0.173,26.520,0.001488
146,0.03339875,0.03290514,0.172,26.699,0.001488
147,0.03343420,0.03286396,0.172,26.878,0.001488
148,0.03339193,0.03290077,0.172,27.057,0.001488
149,0.03314936,0.03277886,0.172,27.237,0.001488
150,0.03289332,0.03240369,0.171,27.415,0.001488
151,0.03300601,0.03239103,0.171,27.593,0.001487
152,0.03286125,0.03237262,0.172,27.773,0.001487
153,0.03259838,0.03213128,0.171,27.951,0.001487
154,0.03252533,0.03221746,0.177,28.147,0.001487
155,0.03261930,0.03238637,0.172,28.326,0.001487
156,0.03243925,0.03194381,0.171,28.505,0.001487
157,0.03230082,0.03170012,0.172,28.692,0.001486
158,0.03234418,0.03201387,0.172,28.888,0.001486
159,0.03276699,0.03211610,0.172,29.067,0.001486
160,0.03258694,0.03213361,0.173,29.248,0.001486
161,0.03287829,0.03225453,0.171,29.426,0.001486
162,0.03268110,0.03220748,0.172,29.605,0.001486
163,0.03287259,0.03263732,0.173,29.788,0.001485
164,0.03286392,0.03232441,0.171,29.966,0.001485
165,0.03291647,0.03236957,0.179,30.153,0.001485
166,0.03279732,0.03234035,0.171,30.332,0.001485
167,0.03248924,0.03193117,0.171,30.509,0.001485
168,0.03229723,0.03177213,0.172,30.688,0.001484
169,0.03235974,0.03174939,0.172,30.868,0.001484
170,0.03240412,0.03185429,0.171,31.046,0.001484
171,0.03255154,0.03190184,0.173,31.227,0.001484
172,0.03222486,0.03176115,0.171,31.405,0.001484
173,0.03245135,0.03206716,0.171,31.584,0.001483
174,0.03235328,0.03214691,0.171,31.762,0.001483
175,0.03227161,0.03187682,0.171,31.940,0.001483
176,0.03207862,0.03162243,0.172,32.119,0.001483
177,0.03221871,0.03177608,0.172,32.302,0.001483
178,0.03195582,0.03165206,0.172,32.481,0.001482
179,0.03205907,0.03162336,0.171,32.660,0.001482
180,0.03202813,0.03197085,0.171,32.838,0.001482
181,0.03250799,0.03208914,0.172,33.017,0.001482
182,0.03222533,0.03195828,0.171,33.196,0.001482
183,0.03237490,0.03185323,0.171,33.375,0.001481
184,0.03214400,0.03185377,0.171,33.553,0.001481
185,0.03199021,0.03171723,0.172,33.732,0.001481
186,0.03206504,0.03176023,0.172,33.911,0.001481
187,0.03194341,0.03158168,0.171,34.089,0.001481
188,0.03250934,0.03218914,0.173,34.273,0.001480
189,0.03245876,0.03215674,0.171,34.452,0.001480
190,0.03222437,0.03163106,0.172,34.631,0.001480
191,0.03205762,0.03165844,0.172,34.810,0.001480
192,0.03236425,0.03238819,0.172,34.989,0.001480
193,0.03255412,0.03176854,0.172,35.167,0.001479
194,0.03205283,0.03200582,0.171,35.346,0.001479
195,0.03206080,0.03144018,0.171,35.525,0.001479
196,0.03178971,0.03137488,0.172,35.707,0.001479
197,0.03200482,0.03163628,0.172,35.889,0.001478
198,0.03239322,0.03212517,0.171,36.068,0.001478
199,0.03246748,0.03192325,0.173,36.248,0.001478
200,0.03219401,0.03132152,0.172,36.427,0.001478
201,0.03201669,0.03149564,0.172,36.610,0.001477
202,0.03259236,0.03221539,0.171,36.788,0.001477
203,0.03266476,0.03228491,0.172,36.967,0.001477
204,0.03226780,0.03145830,0.171,37.145,0.001477
205,0.03207389,0.03149441,0.172,37.325,0.001477
206,0.03197714,0.03152039,0.172,37.504,0.001476
207,0.03196895,0.03176679,0.171,37.682,0.001476
208,0.03230351,0.03163139,0.172,37.861,0.001476
209,0.03221935,0.03199947,0.171,38.040,0.001476
210,0.03262938,0.03287036,0.172,38.219,0.001475
211,0.03407593,0.03248719,0.171,38.398,0.001475
212,0.03274480,0.03210959,0.171,38.577,0.001475
213,0.03265479,0.03188061,0.173,38.757,0.001475
214,0.03259037,0.03198565,0.171,38.936,0.001474
215,0.03240343,0.03172846,0.172,39.115,0.001474
216,0.03221139,0.03204773,0.172,39.294,0.001474
217,0.03227017,0.03169930,0.172,39.473,0.001474
218,0.03196617,0.03148932,0.171,39.651,0.001473
219,0.03187436,0.03157823,0.171,39.830,0.001473
220,0.03207460,0.03174288,0.171,40.008,0.001473
221,0.03217040,0.03169925,0.172,40.188,0.001473
222,0.03220903,0.03164767,0.171,40.366,0.001472
223,0.03232697,0.03216350,0.172,40.545,0.001472
224,0.03329083,0.03352443,0.171,40.724,0.001472
225,0.03446397,0.03307292,0.171,40.902,0.001472
226,0.03330006,0.03245002,0.172,41.081,0.001471
227,0.03262715,0.03212872,0.172,41.261,0.001471
228,0.03239625,0.03181374,0.171,41.439,0.001471
229,0.03219248,0.03163540,0.171,41.618,0.001471
230,0.03199952,0.03176744,0.171,41.796,0.001470
231,0.03297157,0.03214200,0.171,41.974,0.001470
232,0.03224077,0.03202666,0.172,42.154,0.001470
233,0.03266257,0.03190238,0.171,42.333,0.001470
234,0.03204368,0.03128225,0.172,42.512,0.001469
235,0.03167437,0.03117676,0.172,42.695,0.001469
236,0.03150326,0.03110383,0.172,42.877,0.001469
237,0.03161150,0.03140041,0.171,43.059,0.001469
238,0.03203446,0.03135051,0.171,43.236,0.001468
239,0.03198424,0.03146170,0.170,43.414,0.001468
240,0.03184917,0.03134842,0.172,43.594,0.001468
241,0.03194493,0.03179043,0.172,43.773,0.001467
242,0.03199365,0.03128733,0.171,43.951,0.001467
243,0.03192097,0.03129860,0.172,44.131,0.001467
244,0.03191557,0.03144166,0.171,44.309,0.001467
245,0.03181014,0.03150254,0.171,44.488,0.001466
246,0.03187877,0.03140004,0.171,44.666,0.001466
247,0.03218572,0.03218317,0.172,44.845,0.001466
248,0.03237431,0.03181090,0.172,45.024,0.001466
249,0.03232217,0.03182508,0.173,45.204,0.001465
250,0.03201211,0.03142223,0.172,45.384,0.001465
251,0.03203924,0.03132577,0.171,45.562,0.001465
252,0.03152792,0.03111303,0.171,45.740,0.001464
253,0.03142554,0.03104161,0.172,45.919,0.001464
254,0.03152231,0.03139007,0.171,46.102,0.001464
255,0.03176480,0.03158112,0.172,46.282,0.001464
256,0.03185676,0.03148335,0.170,46.460,0.001463
257,0.03170829,0.03173301,0.172,46.639,0.001463
258,0.03162534,0.03106192,0.172,46.818,0.001463
259,0.03167730,0.03156158,0.171,46.997,0.001462
260,0.03167761,0.03137272,0.172,47.176,0.001462
261,0.03162110,0.03108295,0.172,47.356,0.001462
262,0.03140373,0.03127087,0.171,47.534,0.001461
263,0.03166146,0.03126495,0.171,47.712,0.001461
264,0.03152225,0.03119717,0.172,47.891,0.001461
265,0.03134859,0.03115355,0.171,48.070,0.001461
266,0.03161066,0.03125054,0.172,48.250,0.001460
267,0.03150288,0.03117165,0.172,48.429,0.001460
268,0.03160802,0.03145531,0.171,48.607,0.001460
269,0.03161205,0.03100609,0.172,48.786,0.001459
270,0.03130340,0.03085812,0.171,48.967,0.001459
271,0.03121721,0.03091377,0.172,49.150,0.001459
272,0.03161694,0.03143289,0.172,49.330,0.001458
273,0.03183841,0.03121455,0.171,49.508,0.001458
274,0.03190122,0.03117729,0.172,49.688,0.001458
275,0.03156012,0.03109745,0.172,49.867,0.001457
276,0.03163005,0.03124341,0.171,50.044,0.001457
277,0.03164590,0.03106851,0.172,50.224,0.001457
278,0.03149060,0.03124194,0.172,50.404,0.001457
279,0.03137318,0.03102481,0.171,50.582,0.001456
280,0.03119230,0.03088609,0.171,50.761,0.001456
281,0.03120841,0.03088626,0.172,50.940,0.001456
282,0.03114767,0.03123756,0.172,51.119,0.001455
283,0.03302084,0.03280529,0.171,51.298,0.001455
284,0.03308482,0.03293574,0.172,51.476,0.001455
285,0.03210638,0.03123105,0.171,51.655,0.001454
286,0.03184923,0.03201299,0.172,51.835,0.001454
287,0.03200277,0.03128348,0.171,52.013,0.001454
288,0.03151820,0.03140296,0.172,52.193,0.001453
289,0.03175828,0.03166538,0.172,52.372,0.001453
290,0.03183953,0.03133853,0.172,52.551,0.001453
291,0.03148110,0.03090678,0.177,52.736,0.001452
292,0.03137981,0.03091316,0.172,52.916,0.001452
293,0.03126949,0.03093928,0.173,53.096,0.001452
294,0.03144909,0.03114793,0.173,53.276,0.001451
295,0.03156893,0.03113983,0.174,53.457,0.001451
296,0.03203347,0.03131588,0.174,53.639,0.001451
297,0.03188597,0.03133884,0.173,53.819,0.001450
298,0.03167841,0.03124681,0.173,54.000,0.001450
299,0.03137489,0.03086483,0.174,54.181,0.001450
300,0.03136171,0.03123695,0.172,54.361,0.001449
301,0.03155327,0.03128228,0.173,54.541,0.001449
302,0.03165752,0.03143548,0.173,54.722,0.001449
303,0.03184881,0.03132618,0.172,54.902,0.001448
304,0.03155214,0.03149641,0.174,55.083,0.001448
305,0.03165419,0.03130209,0.179,55.269,0.001448
306,0.03154847,0.03149672,0.175,55.452,0.001447
307,0.03139842,0.03121798,0.178,55.638,0.001447
308,0.03157459,0.03090314,0.171,55.816,0.001447
309,0.03137925,0.03109639,0.171,55.995,0.001446
310,0.03151768,0.03104176,0.172,56.174,0.001446
311,0.03147803,0.03121001,0.171,56.352,0.001446
312,0.03140904,0.03089205,0.171,56.531,0.001445
313,0.03104865,0.03081822,0.171,56.710,0.001445
314,0.03105844,0.03069739,0.173,56.893,0.001444
315,0.03104418,0.03081635,0.172,57.076,0.001444
316,0.03152653,0.03137589,0.172,57.255,0.001444
317,0.03156296,0.03124071,0.172,57.434,0.001443
318,0.03156760,0.03131787,0.171,57.612,0.001443
319,0.03172118,0.03161550,0.171,57.791,0.001443
320,0.03173496,0.03118940,0.172,57.969,0.001442
321,0.03155196,0.03131552,0.172,58.148,0.001442
322,0.03169308,0.03221086,0.172,58.328,0.001442
323,0.03301032,0.03223607,0.171,58.506,0.001441
324,0.03230485,0.03143189,0.172,58.686,0.001441
325,0.03170629,0.03144320,0.172,58.865,0.001441
326,0.03189539,0.03144299,0.172,59.043,0.001440
327,0.03180946,0.03162035,0.172,59.223,0.001440
328,0.03212031,0.03206223,0.171,59.402,0.001439
329,0.03208547,0.03194818,0.171,59.580,0.001439
330,0.03170459,0.03130415,0.172,59.759,0.001439
331,0.03171700,0.03105854,0.171,59.937,0.001438
332,0.03127338,0.03077886,0.171,60.116,0.001438
333,0.03142640,0.03121005,0.172,60.295,0.001438
334,0.03142859,0.03104914,0.171,60.473,0.001437
335,0.03143339,0.03110133,0.171,60.652,0.001437
336,0.03141099,0.03090007,0.172,60.831,0.001436
337,0.03120713,0.03093537,0.171,61.010,0.001436
338,0.03125888,0.03081639,0.175,61.192,0.001436
339,0.03129259,0.03125843,0.176,61.376,0.001435
340,0.03141564,0.03079108,0.172,61.554,0.001435
341,0.03118860,0.03090746,0.171,61.733,0.001435
342,0.03162965,0.03172884,0.172,61.912,0.001434
343,0.03174699,0.03090442,0.171,62.090,0.001434
344,0.03166949,0.03133354,0.173,62.271,0.001433
345,0.03151931,0.03075822,0.172,62.450,0.001433
346,0.03097690,0.03053947,0.172,62.630,0.001433
347,0.03087692,0.03056299,0.172,62.813,0.001432
348,0.03084462,0.03042966,0.178,62.998,0.001432
349,0.03083479,0.03068673,0.173,63.182,0.001431
350,0.03099900,0.03080934,0.171,63.360,0.001431
351,0.03079696,0.03066803,0.173,63.540,0.001431
352,0.03079306,0.03070612,0.172,63.719,0.001430
353,0.03100579,0.03080824,0.171,63.898,0.001430
354,0.03084848,0.03078575,0.171,64.076,0.001429
355,0.03085684,0.03060585,0.172,64.255,0.001429
356,0.03069314,0.03063758,0.171,64.434,0.001429
357,0.03073755,0.03062174,0.170,64.611,0.001428
358,0.03102244,0.03088420,0.171,64.789,0.001428
359,0.03110038,0.03081037,0.170,64.967,0.001427
360,0.03098745,0.03052336,0.172,65.146,0.001427
361,0.03115628,0.03103773,0.172,65.325,0.001427
362,0.03157965,0.03157035,0.172,65.504,0.001426
363,0.03159814,0.03097063,0.172,65.683,0.001426
364,0.03121022,0.03096681,0.171,65.861,0.001425
365,0.03110406,0.03121583,0.171,66.040,0.001425
366,0.03154851,0.03157645,0.172,66.219,0.001425
367,0.03172903,0.03122865,0.172,66.398,0.001424
368,0.03141605,0.03131688,0.172,66.578,0.001424
369,0.03130460,0.03092240,0.172,66.757,0.001423
370,0.03113165,0.03077388,0.172,66.936,0.001423
371,0.03127574,0.03120376,0.172,67.115,0.001423
372,0.03124714,0.03092787,0.171,67.294,0.001422
373,0.03112202,0.03108003,0.171,67.471,0.001422
374,0.03119981,0.03102830,0.171,67.650,0.001421
375,0.03131120,0.03112258,0.172,67.829,0.001421
376,0.03128513,0.03119728,0.172,68.008,0.001420
377,0.03128755,0.03119786,0.172,68.188,0.001420
378,0.03123699,0.03131241,0.172,68.367,0.001420
379,0.03150122,0.03143380,0.172,68.546,0.001419
380,0.03230983,0.03216912,0.171,68.725,0.001419
381,0.03174468,0.03116205,0.171,68.903,0.001418
382,0.03112896,0.03085505,0.171,69.082,0.001418
383,0.03119238,0.03118309,0.173,69.263,0.001417
384,0.03125293,0.03121590,0.172,69.442,0.001417
385,0.03130494,0.03107084,0.172,69.621,0.001417
386,0.03111872,0.03082984,0.172,69.800,0.001416
387,0.03114243,0.03101501,0.172,69.979,0.001416
388,0.03109006,0.03080370,0.172,70.159,0.001415
389,0.03093565,0.03092168,0.171,70.336,0.001415
390,0.03115541,0.03109884,0.171,70.515,0.001414
391,0.03125217,0.03117359,0.172,70.694,0.001414
392,0.03124486,0.03117180,0.172,70.873,0.001414
393,0.03160045,0.03150265,0.172,71.052,0.001413
394,0.03174620,0.03151064,0.173,71.232,0.001413
395,0.03173600,0.03145253,0.172,71.411,0.001412
396,0.03147640,0.03100538,0.171,71.590,0.001412
397,0.03123106,0.03106276,0.172,71.769,0.001411
398,0.03140665,0.03106974,0.171,71.947,0.001411
399,0.03131021,0.03093932,0.171,72.126,0.001410
400,0.03125846,0.03122825,0.173,72.305,0.001410
401,0.03183464,0.03189855,0.171,72.484,0.001410
402,0.03199299,0.03161060,0.171,72.663,0.001409
403,0.03159146,0.03103126,0.172,72.842,0.001409
404,0.03115761,0.03096668,0.171,73.020,0.001408
405,0.03119841,0.03098365,0.172,73.199,0.001408
406,0.03117792,0.03146356,0.171,73.378,0.001407
407,0.03139159,0.03127695,0.171,73.556,0.001407
408,0.03176617,0.03186232,0.171,73.735,0.001406
409,0.03221775,0.03135124,0.172,73.914,0.001406
410,0.03162749,0.03132073,0.171,74.093,0.001405
411,0.03145784,0.03118202,0.173,74.274,0.001405
412,0.03155680,0.03158603,0.171,74.452,0.001405
413,0.03174467,0.03100434,0.171,74.631,0.001404
414,0.03137380,0.03123152,0.172,74.809,0.001404
415,0.03126631,0.03116507,0.172,74.988,0.001403
416,0.03119350,0.03089295,0.172,75.168,0.001403
417,0.03124787,0.03096215,0.172,75.348,0.001402
418,0.03095682,0.03070915,0.172,75.527,0.001402
419,0.03083952,0.03073549,0.172,75.706,0.001401
420,0.03078359,0.03071474,0.171,75.884,0.001401
421,0.03101847,0.03092588,0.171,76.063,0.001400
422,0.03101362,0.03095340,0.173,76.243,0.001400
423,0.03105321,0.03078205,0.172,76.422,0.001399
424,0.03090259,0.03052169,0.171,76.601,0.001399
425,0.03060551,0.03041458,0.171,76.779,0.001399
426,0.03057074,0.03039707,0.172,76.962,0.001398
427,0.03067200,0.03054875,0.172,77.144,0.001398
428,0.03057269,0.03059888,0.172,77.324,0.001397
429,0.03080575,0.03076856,0.172,77.503,0.001397
430,0.03064250,0.03049791,0.171,77.681,0.001396
431,0.03047783,0.03039051,0.172,77.860,0.001396
432,0.03033507,0.03043543,0.172,78.043,0.001395
433,0.03044620,0.03021368,0.172,78.223,0.001395
434,0.03047541,0.03036616,0.172,78.406,0.001394
435,0.03059820,0.03051976,0.172,78.585,0.001394
436,0.03050616,0.03039077,0.171,78.764,0.001393
437,0.03060821,0.03077184,0.172,78.943,0.001393
438,0.03090958,0.03107245,0.172,79.122,0.001392
439,0.03061784,0.03081777,0.172,79.302,0.001392
440,0.03057718,0.03052625,0.172,79.481,0.001391
441,0.03052628,0.03037455,0.171,79.660,0.001391
442,0.03050537,0.03048061,0.172,79.839,0.001390
443,0.03048234,0.03025611,0.172,80.017,0.001390
444,0.03060269,0.03066799,0.171,80.196,0.001389
445,0.03069462,0.03031718,0.171,80.375,0.001389
446,0.03065458,0.03072622,0.171,80.553,0.001388
447,0.03113106,0.03067919,0.172,80.733,0.001388
448,0.03104074,0.03056634,0.172,80.912,0.001387
449,0.03078639,0.03057207,0.171,81.090,0.001387
450,0.03062636,0.03045892,0.172,81.269,0.001386
451,0.03042491,0.03019409,0.172,81.448,0.001386
452,0.03031161,0.03034049,0.172,81.631,0.001385
453,0.03035307,0.03009971,0.172,81.810,0.001385
454,0.03042077,0.03031666,0.173,81.993,0.001384
455,0.03048711,0.03041587,0.179,82.179,0.001384
456,0.03053469,0.03026294,0.173,82.359,0.001383
457,0.03040006,0.03014315,0.172,82.539,0.001383
458,0.03029011,0.03037057,0.172,82.718,0.001382
459,0.03023848,0.03002990,0.172,82.897,0.001382
460,0.03013807,0.03019138,0.172,83.080,0.001381
461,0.03034018,0.03019774,0.173,83.260,0.001381
462,0.03021407,0.03005319,0.170,83.437,0.001380
463,0.03005404,0.03002866,0.172,83.616,0.001380
464,0.03148777,0.03175801,0.173,83.800,0.001379
465,0.03114676,0.03033860,0.172,83.979,0.001379
466,0.03076074,0.03087727,0.172,84.158,0.001378
467,0.03106405,0.03100266,0.172,84.337,0.001378
468,0.03096457,0.03071528,0.178,84.522,0.001377
469,0.03093977,0.03070684,0.171,84.700,0.001377
470,0.03110482,0.03131334,0.172,84.880,0.001376
471,0.03129913,0.03061728,0.171,85.058,0.001376
472,0.03075818,0.03046632,0.172,85.238,0.001375
473,0.03052673,0.03042555,0.171,85.417,0.001375
474,0.03079102,0.03044931,0.171,85.595,0.001374
475,0.03063010,0.03049060,0.172,85.774,0.001374
476,0.03063597,0.03044177,0.171,85.953,0.001373
477,0.03072477,0.03097433,0.172,86.132,0.001373
478,0.03080484,0.03036130,0.171,86.311,0.001372
479,0.03052943,0.03026051,0.171,86.490,0.001372
480,0.03040139,0.03027584,0.171,86.668,0.001371
481,0.03041559,0.03078693,0.172,86.847,0.001371
482,0.03074854,0.03052958,0.172,87.026,0.001370
483,0.03057794,0.03077191,0.173,87.206,0.001369
484,0.03069981,0.03042529,0.171,87.385,0.001369
485,0.03045557,0.03055930,0.171,87.564,0.001368
486,0.03038132,0.03058110,0.170,87.741,0.001368
487,0.03034024,0.03047993,0.172,87.920,0.001367
488,0.03048183,0.03060215,0.172,88.100,0.001367
489,0.03066048,0.03077631,0.172,88.279,0.001366
490,0.03067247,0.03059165,0.172,88.458,0.001366
491,0.03052360,0.03039255,0.171,88.637,0.001365
492,0.03017925,0.02999343,0.171,88.815,0.001365
493,0.03019984,0.03019450,0.172,88.998,0.001364
494,0.03026601,0.03037146,0.172,89.177,0.001364
495,0.03028487,0.03008974,0.172,89.356,0.001363
496,0.03026992,0.03020248,0.172,89.536,0.001363
497,0.03022906,0.03037304,0.171,89.714,0.001362
498,0.03035997,0.03021308,0.171,89.893,0.001361
499,0.03018728,0.03035179,0.172,90.072,0.001361
500,0.03071140,0.03066031,0.172,90.252,0.001360
501,0.03029400,0.03018279,0.171,90.430,0.001360
502,0.03032393,0.03028970,0.172,90.609,0.001359
503,0.03026396,0.03010398,0.171,90.787,0.001359
504,0.03011317,0.02997134,0.172,90.966,0.001358
505,0.03016855,0.03019152,0.173,91.149,0.001358
506,0.03010110,0.02999569,0.179,91.335,0.001357
507,0.03017559,0.03019205,0.172,91.515,0.001356
508,0.03020481,0.03006621,0.171,91.693,0.001356
509,0.03031445,0.03027293,0.171,91.871,0.001355
510,0.03064847,0.03023300,0.171,92.050,0.001355
511,0.03027649,0.03006150,0.172,92.229,0.001354
512,0.03014841,0.02998428,0.172,92.409,0.001354
513,0.02998279,0.02995545,0.172,92.588,0.001353
514,0.02988337,0.03002760,0.172,92.770,0.001353
515,0.03017348,0.03004259,0.171,92.949,0.001352
516,0.03015389,0.03010205,0.172,93.129,0.001351
517,0.02999822,0.02979799,0.172,93.308,0.001351
518,0.02984198,0.02987760,0.173,93.491,0.001350
519,0.02996009,0.03028812,0.172,93.671,0.001350
520,0.03009890,0.03008260,0.172,93.850,0.001349
521,0.02993280,0.02984455,0.171,94.028,0.001349
522,0.02981823,0.02991919,0.172,94.208,0.001348
523,0.02979167,0.02979327,0.172,94.387,0.001348
524,0.02998981,0.03028028,0.172,94.569,0.001347
525,0.02989853,0.02993492,0.171,94.747,0.001346
526,0.02984591,0.03001887,0.171,94.926,0.001346
527,0.02988144,0.02999001,0.172,95.105,0.001345
528,0.02998068,0.02997814,0.173,95.286,0.001345
529,0.02975672,0.02983721,0.172,95.465,0.001344
530,0.03052357,0.03094798,0.171,95.643,0.001344
531,0.03079040,0.03074382,0.172,95.822,0.001343
532,0.03045907,0.03020005,0.171,96.001,0.001342
533,0.02995341,0.02998834,0.172,96.181,0.001342
534,0.02991054,0.02985371,0.171,96.359,0.001341
535,0.02981511,0.02980417,0.171,96.538,0.001341
536,0.02982646,0.02985276,0.172,96.717,0.001340
537,0.02967959,0.02981138,0.171,96.895,0.001339
538,0.02985858,0.03013517,0.172,97.074,0.001339
539,0.03012714,0.03035412,0.173,97.255,0.001338
540,0.03043811,0.03050398,0.171,97.433,0.001338
541,0.03016378,0.02992647,0.171,97.612,0.001337
542,0.02985446,0.03008207,0.173,97.792,0.001337
543,0.02990854,0.03000692,0.171,97.970,0.001336
544,0.02984918,0.02990804,0.172,98.150,0.001335
545,0.02973469,0.02994301,0.172,98.329,0.001335
546,0.02978450,0.02982525,0.171,98.507,0.001334
547,0.02971929,0.02988831,0.172,98.687,0.001334
548,0.02982832,0.03022408,0.171,98.865,0.001333
549,0.02992823,0.03049897,0.171,99.043,0.001332
550,0.03069870,0.03018588,0.172,99.222,0.001332
551,0.03014209,0.03022984,0.171,99.401,0.001331
552,0.03005211,0.03006424,0.171,99.579,0.001331
553,0.03019478,0.03010290,0.171,99.758,0.001330
554,0.02978233,0.03003131,0.172,99.937,0.001329
555,0.02982664,0.02983603,0.172,100.116,0.001329
556,0.02970793,0.02969266,0.172,100.295,0.001328
557,0.02973979,0.02997962,0.172,100.477,0.001328
558,0.02967421,0.02978819,0.171,100.655,0.001327
559,0.03001260,0.03022123,0.172,100.835,0.001326
560,0.02986336,0.02980031,0.172,101.014,0.001326
561,0.02986056,0.03015696,0.172,101.193,0.001325
562,0.03029549,0.03037657,0.172,101.372,0.001325
563,0.03022288,0.03006639,0.171,101.550,0.001324
564,0.03004422,0.03015653,0.171,101.728,0.001323
565,0.02992544,0.02991647,0.171,101.907,0.001323
566,0.02971174,0.02977624,0.171,102.085,0.001322
567,0.02975032,0.02973722,0.180,102.273,0.001322
568,0.02973876,0.02999017,0.172,102.452,0.001321
569,0.02973498,0.02979166,0.172,102.631,0.001320
570,0.02958619,0.02979176,0.172,102.810,0.001320
571,0.02960675,0.02981712,0.172,102.989,0.001319
572,0.02963182,0.02995340,0.172,103.169,0.001319
573,0.02977743,0.03014623,0.171,103.347,0.001318
574,0.02972376,0.02994759,0.171,103.526,0.001317
575,0.02969294,0.02981720,0.172,103.705,0.001317
576,0.02962762,0.02962640,0.172,103.884,0.001316
577,0.02949894,0.02969540,0.171,104.066,0.001316
578,0.02959224,0.02973140,0.171,104.244,0.001315
579,0.02954075,0.02995825,0.171,104.423,0.001314
580,0.02992751,0.03027699,0.172,104.602,0.001314
581,0.02985689,0.03002883,0.170,104.779,0.001313
582,0.02965095,0.02987074,0.171,104.958,0.001312
583,0.02963611,0.02980735,0.171,105.137,0.001312
584,0.02961897,0.02979345,0.172,105.316,0.001311
585,0.02956408,0.03000818,0.172,105.496,0.001311
586,0.03063385,0.03101763,0.171,105.674,0.001310
587,0.03120243,0.03079027,0.172,105.853,0.001309
588,0.03113003,0.03110767,0.172,106.033,0.001309
589,0.03096966,0.03074312,0.172,106.212,0.001308
590,0.03063833,0.03064134,0.171,106.390,0.001307
591,0.03039535,0.03044510,0.171,106.569,0.001307
592,0.03038566,0.03029708,0.171,106.747,0.001306
593,0.03024214,0.03049813,0.171,106.926,0.001306
594,0.03049338,0.03048401,0.172,107.105,0.001305
595,0.03024117,0.03017370,0.172,107.284,0.001304
596,0.03014787,0.03030804,0.173,107.464,0.001304
597,0.03022334,0.03051085,0.171,107.643,0.001303
598,0.03031845,0.03031195,0.171,107.821,0.001302
599,0.03011779,0.03018640,0.171,108.000,0.001302
600,0.03007090,0.03027390,0.172,108.179,0.001301
601,0.03020196,0.03029546,0.172,108.358,0.001300
602,0.03006952,0.03014530,0.172,108.537,0.001300
603,0.03001940,0.03003445,0.172,108.716,0.001299
604,0.02983111,0.02983316,0.171,108.894,0.001299
605,0.02970138,0.02999398,0.171,109.073,0.001298
606,0.02982589,0.02985284,0.178,109.258,0.001297
607,0.02984875,0.03009533,0.172,109.437,0.001297
608,0.02980543,0.03009452,0.172,109.616,0.001296
609,0.03013185,0.03053084,0.170,109.794,0.001295
610,0.03025826,0.03023906,0.171,109.972,0.001295
611,0.02985116,0.02987736,0.172,110.151,0.001294
612,0.02964150,0.02979796,0.172,110.330,0.001293
613,0.02960245,0.03001835,0.172,110.509,0.001293
614,0.02987785,0.03003390,0.171,110.688,0.001292
615,0.02982851,0.02990064,0.172,110.867,0.001291
616,0.02953955,0.02972186,0.171,111.045,0.001291
617,0.02941401,0.02977588,0.172,111.225,0.001290
618,0.02947830,0.02977271,0.171,111.403,0.001289
619,0.02950146,0.02973394,0.172,111.582,0.001289
620,0.02943059,0.02977320,0.172,111.761,0.001288
621,0.02950916,0.02990871,0.171,111.939,0.001288
622,0.02973149,0.03018791,0.171,112.118,0.001287
623,0.02980954,0.02991047,0.172,112.297,0.001286
624,0.02945882,0.02964321,0.172,112.476,0.001286
625,0.02945819,0.02992633,0.172,112.655,0.001285
626,0.02973380,0.03006650,0.172,112.834,0.001284
627,0.03046313,0.03029386,0.170,113.012,0.001284
628,0.02980286,0.02996388,0.172,113.192,0.001283
629,0.02958991,0.02978903,0.171,113.371,0.001282
630,0.02944679,0.02964846,0.171,113.549,0.001282
631,0.02952252,0.02993296,0.171,113.727,0.001281
632,0.02960479,0.02987946,0.172,113.906,0.001280
633,0.02953036,0.02954543,0.172,114.085,0.001280
634,0.02944793,0.02967296,0.172,114.268,0.001279
635,0.02945253,0.02981571,0.172,114.447,0.001278
636,0.02964662,0.02990276,0.171,114.625,0.001278
637,0.02959627,0.02976536,0.171,114.803,0.001277
638,0.02949476,0.02985023,0.171,114.982,0.001276
639,0.02948134,0.02985835,0.172,115.161,0.001276
640,0.02943575,0.02972201,0.172,115.341,0.001275
641,0.02934131,0.02950321,0.171,115.519,0.001274
642,0.02930502,0.02963798,0.172,115.701,0.001274
643,0.02938716,0.02955930,0.171,115.879,0.001273
644,0.02935960,0.02967101,0.171,116.057,0.001272
645,0.02932930,0.02966514,0.171,116.235,0.001272
646,0.02935839,0.02969116,0.171,116.413,0.001271
647,0.02938545,0.02953216,0.172,116.592,0.001270
648,0.02965163,0.02993768,0.172,116.772,0.001270
649,0.02981483,0.02988132,0.172,116.951,0.001269
650,0.02962420,0.02973050,0.172,117.130,0.001268
651,0.02955845,0.02975524,0.173,117.310,0.001268
652,0.02934044,0.02978575,0.172,117.489,0.001267
653,0.02943663,0.02992953,0.171,117.668,0.001266
654,0.02983221,0.03012928,0.171,117.846,0.001265
655,0.03100745,0.03360363,0.171,118.024,0.001265
656,0.03160116,0.03084422,0.173,118.204,0.001264
657,0.03004911,0.03000072,0.171,118.383,0.001263
658,0.02963026,0.02981115,0.172,118.562,0.001263
659,0.02957705,0.02983653,0.171,118.740,0.001262
660,0.02962594,0.02959253,0.171,118.919,0.001261
661,0.02942354,0.02956630,0.171,119.098,0.001261
662,0.02941128,0.03012904,0.172,119.277,0.001260
663,0.03006424,0.03018412,0.172,119.456,0.001259
664,0.03019220,0.03027431,0.171,119.635,0.001259
665,0.03006603,0.03019958,0.171,119.813,0.001258
666,0.02970955,0.02983266,0.172,119.992,0.001257
667,0.02958341,0.02984993,0.172,120.172,0.001257
668,0.02960603,0.02973472,0.171,120.350,0.001256
669,0.02969993,0.02999992,0.171,120.529,0.001255
670,0.02976780,0.03012531,0.171,120.707,0.001254
671,0.02978501,0.02996577,0.170,120.885,0.001254
672,0.02967129,0.03010730,0.171,121.063,0.001253
673,0.02968797,0.02995017,0.172,121.242,0.001252
674,0.02963922,0.02987474,0.170,121.419,0.001252
675,0.02986714,0.03017810,0.171,121.597,0.001251
676,0.02998305,0.03014639,0.170,121.775,0.001250
677,0.02985514,0.03026125,0.170,121.953,0.001250
678,0.02976515,0.02994253,0.172,122.132,0.001249
679,0.02954003,0.02989957,0.171,122.310,0.001248
680,0.02942096,0.02967709,0.172,122.489,0.001247
681,0.02940209,0.02978564,0.171,122.668,0.001247
682,0.02937587,0.02982826,0.171,122.846,0.001246
683,0.02936457,0.02975910,0.171,123.025,0.001245
684,0.02929110,0.02960515,0.172,123.204,0.001245
685,0.02920358,0.02974083,0.172,123.382,0.001244
686,0.02927829,0.02966841,0.171,123.561,0.001243
687,0.02936783,0.02978976,0.171,123.739,0.001243
688,0.02935518,0.02980421,0.171,123.918,0.001242
689,0.02941696,0.02980118,0.171,124.096,0.001241
690,0.02953810,0.02987465,0.180,124.283,0.001240
691,0.02976171,0.03021508,0.172,124.463,0.001240
692,0.03007538,0.03030675,0.171,124.641,0.001239
693,0.03005759,0.03017068,0.172,124.820,0.001238
694,0.02978924,0.03021191,0.172,124.999,0.001238
695,0.02990679,0.03042967,0.171,125.177,0.001237
696,0.02995837,0.03023538,0.171,125.356,0.001236
697,0.02991021,0.03000771,0.172,125.535,0.001235
698,0.02961505,0.03015203,0.172,125.714,0.001235
699,0.02980404,0.03018937,0.172,125.894,0.001234
700,0.02983034,0.03020177,0.170,126.072,0.001233
701,0.02966312,0.02983602,0.172,126.251,0.001233
702,0.02928995,0.02961032,0.172,126.431,0.001232
703,0.02933541,0.02959216,0.170,126.608,0.001231
704,0.02941423,0.02980685,0.172,126.787,0.001230
705,0.02951501,0.02978081,0.171,126.966,0.001230
706,0.02950721,0.02966505,0.172,127.145,0.001229
707,0.02932247,0.02955986,0.172,127.325,0.001228
708,0.02941367,0.03008072,0.171,127.503,0.001227
709,0.02986992,0.03088480,0.171,127.681,0.001227
710,0.03026927,0.02993818,0.172,127.860,0.001226
711,0.02972268,0.02996038,0.171,128.039,0.001225
712,0.02973243,0.02991682,0.172,128.217,0.001225
713,0.02977822,0.03033211,0.172,128.397,0.001224
714,0.03024873,0.03073623,0.171,128.575,0.001223
715,0.03086140,0.03115933,0.171,128.753,0.001222
716,0.03082394,0.03064213,0.172,128.933,0.001222
717,0.03034201,0.03052953,0.171,129.111,0.001221
718,0.03010182,0.03014613,0.172,129.290,0.001220
719,0.02971570,0.03002509,0.171,129.469,0.001219
720,0.02968175,0.02993462,0.171,129.648,0.001219
721,0.02962214,0.02996605,0.171,129.826,0.001218
722,0.02954106,0.02989822,0.172,130.006,0.001217
723,0.02948963,0.03003442,0.172,130.186,0.001217
724,0.02952844,0.02993749,0.171,130.364,0.001216
725,0.02973907,0.02998447,0.171,130.543,0.001215
726,0.02963110,0.02997810,0.171,130.721,0.001214
727,0.02956585,0.03007464,0.171,130.900,0.001214
728,0.02977726,0.03032757,0.172,131.079,0.001213
729,0.02983986,0.03013359,0.171,131.258,0.001212
730,0.02958098,0.02982074,0.171,131.436,0.001211
731,0.02927875,0.02989866,0.171,131.614,0.001211
732,0.02951781,0.03002424,0.170,131.792,0.001210
733,0.02950436,0.02993313,0.172,131.971,0.001209
734,0.02940308,0.02992036,0.171,132.150,0.001208
735,0.02940935,0.02994961,0.172,132.329,0.001208
736,0.02940926,0.02979294,0.171,132.507,0.001207
737,0.02943049,0.02971553,0.172,132.687,0.001206
738,0.02943307,0.02980214,0.175,132.869,0.001205
739,0.02983584,0.03027400,0.172,133.048,0.001205
740,0.02996850,0.03017431,0.172,133.227,0.001204
741,0.02955340,0.02998780,0.170,133.404,0.001203
742,0.02961949,0.03010326,0.171,133.583,0.001202
743,0.02982965,0.03025128,0.171,133.761,0.001202
744,0.02963384,0.03011614,0.172,133.941,0.001201
745,0.02969146,0.03015243,0.173,134.121,0.001200
746,0.02952460,0.02993800,0.172,134.301,0.001199
747,0.02940913,0.02988558,0.171,134.479,0.001199
748,0.02947645,0.02988882,0.172,134.658,0.001198
749,0.02933238,0.02977021,0.171,134.837,0.001197
750,0.02929885,0.03001537,0.171,135.016,0.001196
751,0.02952629,0.03027354,0.172,135.195,0.001196
752,0.02991663,0.03011179,0.172,135.374,0.001195
753,0.02970007,0.03005512,0.172,135.553,0.001194
754,0.02961574,0.02995245,0.172,135.732,0.001193
755,0.02981499,0.03022351,0.171,135.911,0.001193
756,0.02971429,0.02996153,0.171,136.089,0.001192
757,0.02940314,0.03009599,0.175,136.271,0.001191
758,0.03005220,0.03059731,0.171,136.450,0.001190
759,0.02977093,0.03019689,0.170,136.628,0.001190
760,0.02979133,0.03029992,0.186,136.821,0.001189
761,0.02985762,0.03050268,0.177,137.005,0.001188
762,0.03007682,0.03063373,0.177,137.190,0.001187
763,0.03005165,0.03043980,0.171,137.368,0.001187
764,0.02973567,0.03004054,0.171,137.547,0.001186
765,0.02947020,0.03008632,0.172,137.726,0.001185
766,0.02937337,0.03016331,0.173,137.907,0.001184
767,0.02938119,0.02998877,0.171,138.086,0.001183
768,0.02949335,0.03005279,0.172,138.265,0.001183
769,0.02942674,0.02994257,0.171,138.443,0.001182
770,0.02937527,0.03008859,0.172,138.622,0.001181
771,0.02950344,0.03009701,0.173,138.802,0.001180
772,0.02989922,0.03071588,0.172,138.981,0.001180
773,0.02986026,0.03039944,0.172,139.161,0.001179
774,0.02960316,0.03018288,0.172,139.340,0.001178
775,0.02950934,0.03007081,0.171,139.518,0.001177
776,0.02936494,0.03001522,0.172,139.698,0.001177
777,0.02939719,0.03007025,0.171,139.877,0.001176
778,0.02954516,0.02996052,0.171,140.055,0.001175
779,0.02920422,0.02983040,0.173,140.236,0.001174
780,0.02921938,0.02993386,0.172,140.416,0.001173
781,0.02924010,0.02987163,0.171,140.594,0.001173
782,0.02921981,0.02997122,0.172,140.773,0.001172
783,0.02934173,0.02992072,0.173,140.953,0.001171
784,0.02921936,0.02986627,0.174,141.134,0.001170
785,0.02909743,0.02969924,0.172,141.314,0.001170
786,0.02924188,0.02996176,0.171,141.492,0.001169
787,0.02934322,0.02975501,0.171,141.670,0.001168
788,0.02915536,0.02970642,0.171,141.848,0.001167
789,0.02926922,0.02980373,0.171,142.027,0.001166
790,0.02948607,0.02982980,0.174,142.208,0.001166
791,0.02932438,0.02969674,0.171,142.386,0.001165
792,0.02919567,0.02977762,0.171,142.564,0.001164
793,0.02932545,0.02970807,0.172,142.744,0.001163
794,0.02929416,0.02987255,0.172,142.923,0.001163
795,0.02921785,0.02991461,0.171,143.101,0.001162
796,0.02945585,0.02994629,0.171,143.280,0.001161
797,0.02931776,0.02986256,0.171,143.458,0.001160
798,0.02948497,0.03031881,0.172,143.637,0.001159
799,0.02954995,0.03000230,0.170,143.815,0.001159
800,0.02943033,0.03011605,0.172,143.994,0.001158
801,0.02939941,0.02993626,0.173,144.175,0.001157
802,0.02929526,0.02995214,0.170,144.352,0.001156
803,0.02928318,0.02982454,0.171,144.531,0.001155
804,0.02917660,0.02977793,0.171,144.709,0.001155
805,0.02918908,0.02983293,0.170,144.886,0.001154
806,0.02910761,0.02979955,0.172,145.065,0.001153
807,0.02919900,0.02987458,0.172,145.245,0.001152
808,0.02924358,0.02976449,0.170,145.422,0.001152
809,0.02915512,0.02973495,0.171,145.600,0.001151
810,0.02924161,0.03007246,0.170,145.777,0.001150
811,0.02930276,0.02982557,0.170,145.955,0.001149
812,0.02901703,0.02966335,0.172,146.134,0.001148
813,0.02906464,0.02975910,0.172,146.313,0.001148
814,0.02906668,0.02972673,0.171,146.491,0.001147
815,0.02916949,0.02984500,0.171,146.670,0.001146
816,0.02933790,0.02996091,0.171,146.848,0.001145
817,0.02920308,0.02974760,0.172,147.027,0.001144
818,0.02925378,0.02983322,0.172,147.207,0.001144
819,0.02925964,0.02994176,0.171,147.385,0.001143
820,0.02928522,0.02995961,0.171,147.563,0.001142
821,0.02935077,0.02973418,0.172,147.742,0.001141
822,0.02918271,0.02981020,0.172,147.921,0.001140
823,0.02915313,0.02975162,0.171,148.099,0.001140
824,0.02908763,0.02968366,0.172,148.278,0.001139
825,0.02896344,0.02987866,0.172,148.457,0.001138
826,0.02906799,0.02991220,0.171,148.635,0.001137
827,0.02938591,0.03006208,0.171,148.814,0.001136
828,0.02956766,0.03006297,0.170,148.991,0.001136
829,0.02945725,0.02973049,0.170,149.168,0.001135
830,0.02935624,0.03005562,0.171,149.347,0.001134
831,0.02949076,0.03014153,0.172,149.526,0.001133
832,0.02958630,0.02994357,0.171,149.704,0.001132
833,0.02921890,0.02972519,0.171,149.882,0.001131
834,0.02899719,0.02966990,0.171,150.060,0.001131
835,0.02907682,0.02981966,0.172,150.240,0.001130
836,0.02925055,0.03002830,0.171,150.419,0.001129
837,0.02912338,0.02983925,0.170,150.596,0.001128
838,0.02922424,0.02989609,0.171,150.774,0.001127
839,0.02912925,0.02980340,0.171,150.953,0.001127
840,0.02906496,0.02970072,0.171,151.131,0.001126
841,0.02899723,0.02985725,0.171,151.309,0.001125
842,0.02926836,0.02997138,0.171,151.487,0.001124
843,0.02929111,0.02993560,0.171,151.666,0.001123
844,0.02915529,0.02965509,0.171,151.843,0.001123
845,0.02895246,0.02991841,0.171,152.021,0.001122
846,0.02928435,0.02996673,0.172,152.201,0.001121
847,0.02936705,0.03003155,0.172,152.380,0.001120
848,0.02932050,0.02996609,0.171,152.558,0.001119
849,0.02926805,0.02988694,0.171,152.737,0.001118
850,0.02917141,0.02987255,0.171,152.916,0.001118
851,0.02902834,0.02981007,0.171,153.094,0.001117
852,0.02910737,0.03007185,0.172,153.274,0.001116
853,0.02927702,0.02985491,0.171,153.453,0.001115
854,0.02913122,0.02978684,0.171,153.631,0.001114
855,0.02909410,0.02988348,0.172,153.811,0.001114
856,0.02904238,0.02983947,0.171,153.989,0.001113
857,0.02902441,0.02979239,0.171,154.168,0.001112
858,0.02889335,0.02986800,0.171,154.346,0.001111
859,0.02921947,0.03004542,0.171,154.524,0.001110
860,0.02915339,0.02994795,0.172,154.703,0.001109
861,0.02926785,0.02987573,0.171,154.881,0.001109
862,0.02932936,0.02991264,0.171,155.060,0.001108
863,0.02919885,0.02989677,0.172,155.239,0.001107
864,0.02909987,0.02988082,0.171,155.418,0.001106
865,0.02912882,0.02981316,0.171,155.596,0.001105
866,0.02899811,0.02988349,0.170,155.773,0.001105
867,0.02904527,0.02993828,0.172,155.953,0.001104
868,0.02918331,0.03008101,0.171,156.131,0.001103
869,0.02912879,0.02990649,0.171,156.309,0.001102
870,0.02906839,0.02990330,0.172,156.488,0.001101
871,0.02889709,0.02985022,0.172,156.667,0.001100
872,0.02905564,0.02980519,0.171,156.845,0.001100
873,0.02889323,0.02977632,0.172,157.024,0.001099
874,0.02903084,0.02985340,0.180,157.211,0.001098
875,0.02908395,0.02971386,0.171,157.390,0.001097
876,0.02903558,0.02979208,0.171,157.568,0.001096
877,0.02911938,0.02982736,0.171,157.746,0.001095
878,0.02898465,0.02981964,0.171,157.924,0.001095
879,0.02911351,0.02974766,0.170,158.102,0.001094
880,0.02894126,0.02962532,0.172,158.281,0.001093
881,0.02884207,0.02955469,0.172,158.460,0.001092
882,0.02880392,0.02961726,0.172,158.639,0.001091
883,0.02873307,0.02952079,0.172,158.819,0.001090
884,0.02868211,0.02953175,0.171,158.997,0.001090
885,0.02868839,0.02958648,0.172,159.176,0.001089
886,0.02864511,0.02943182,0.171,159.354,0.001088
887,0.02873668,0.02956291,0.175,159.541,0.001087
888,0.02877656,0.02948566,0.172,159.720,0.001086
889,0.02874698,0.02959316,0.171,159.898,0.001085
890,0.02881060,0.02977840,0.171,160.077,0.001084
891,0.02905289,0.02978370,0.173,160.257,0.001084
892,0.02906392,0.02989938,0.171,160.435,0.001083
893,0.02894902,0.02961434,0.171,160.613,0.001082
894,0.02891196,0.02986127,0.172,160.792,0.001081
895,0.02890535,0.02972702,0.172,160.971,0.001080
896,0.02893241,0.02965409,0.173,161.151,0.001079
897,0.02882402,0.02957192,0.171,161.329,0.001079
898,0.02859055,0.02949698,0.174,161.511,0.001078
899,0.02865615,0.02957310,0.172,161.691,0.001077
900,0.02855878,0.02960013,0.171,161.869,0.001076
901,0.02863990,0.02959258,0.171,162.048,0.001075
902,0.02878580,0.02961050,0.173,162.228,0.001074
903,0.02873579,0.02954409,0.171,162.406,0.001074
904,0.02864026,0.02959389,0.171,162.584,0.001073
905,0.02873831,0.02962933,0.171,162.763,0.001072
906,0.02886676,0.02990989,0.171,162.942,0.001071
907,0.02902841,0.02973631,0.175,163.124,0.001070
908,0.02882290,0.02965036,0.173,163.304,0.001069
909,0.02896020,0.02997259,0.171,163.482,0.001068
910,0.02942551,0.03026507,0.171,163.660,0.001068
911,0.02947926,0.03011759,0.171,163.838,0.001067
912,0.02960679,0.03013855,0.172,164.017,0.001066
913,0.02920884,0.02974221,0.172,164.197,0.001065
914,0.02904710,0.02983254,0.172,164.376,0.001064
915,0.02890644,0.02963723,0.173,164.556,0.001063
916,0.02878890,0.02971545,0.171,164.734,0.001062
917,0.02871279,0.02944502,0.171,164.912,0.001062
918,0.02849901,0.02945968,0.171,165.091,0.001061
919,0.02852624,0.02936442,0.172,165.269,0.001060
920,0.02852107,0.02946590,0.173,165.453,0.001059
921,0.02853443,0.02940894,0.171,165.631,0.001058
922,0.02848842,0.02943043,0.172,165.810,0.001057
923,0.02840189,0.02943230,0.172,165.990,0.001056
924,0.02846237,0.02952412,0.171,166.168,0.001056
925,0.02865345,0.02966617,0.171,166.346,0.001055
926,0.02872407,0.02972603,0.173,166.527,0.001054
927,0.02863967,0.02964579,0.172,166.706,0.001053
928,0.02878105,0.02970092,0.170,166.884,0.001052
929,0.02871219,0.02942839,0.173,167.065,0.001051
930,0.02848772,0.02949322,0.173,167.246,0.001050
931,0.02860921,0.02959627,0.172,167.425,0.001050
932,0.02868834,0.02980519,0.171,167.603,0.001049
933,0.02908589,0.03001309,0.171,167.781,0.001048
934,0.02935508,0.02984835,0.170,167.958,0.001047
935,0.02906995,0.02975992,0.171,168.136,0.001046
936,0.02889923,0.02973233,0.173,168.316,0.001045
937,0.02877354,0.02958954,0.172,168.495,0.001044
938,0.02874273,0.02961373,0.171,168.673,0.001044
939,0.02879072,0.02951983,0.171,168.852,0.001043
940,0.02874600,0.02957890,0.171,169.030,0.001042
941,0.02864835,0.02943067,0.171,169.209,0.001041
942,0.02850680,0.02947941,0.172,169.387,0.001040
943,0.02890553,0.02962379,0.171,169.565,0.001039
944,0.02884128,0.02959579,0.172,169.745,0.001038
945,0.02907743,0.02965908,0.172,169.924,0.001038
946,0.02891316,0.02964284,0.171,170.102,0.001037
947,0.02897168,0.02943252,0.172,170.282,0.001036
948,0.02862541,0.02935822,0.171,170.460,0.001035
949,0.02849648,0.02931019,0.171,170.642,0.001034
950,0.02857849,0.02948808,0.173,170.825,0.001033
951,0.02863224,0.02941428,0.171,171.003,0.001032
952,0.02859222,0.02935230,0.171,171.182,0.001031
953,0.02860391,0.02944650,0.172,171.361,0.001031
954,0.02846373,0.02938726,0.171,171.540,0.001030
955,0.02839580,0.02928095,0.172,171.720,0.001029
956,0.02839153,0.02942549,0.172,171.902,0.001028
957,0.02829999,0.02928065,0.173,172.083,0.001027
958,0.02821215,0.02914825,0.173,172.266,0.001026
959,0.02822100,0.02921951,0.171,172.448,0.001025
960,0.02828611,0.02925547,0.174,172.629,0.001024
961,0.02821171,0.02935706,0.171,172.808,0.001024
962,0.02833164,0.02936576,0.172,172.987,0.001023
963,0.02881225,0.02961047,0.172,173.166,0.001022
964,0.02851750,0.02939548,0.171,173.344,0.001021
965,0.02840976,0.02945525,0.171,173.523,0.001020
966,0.02842635,0.02942315,0.171,173.701,0.001019
967,0.02844791,0.02964328,0.171,173.879,0.001018
968,0.02869335,0.02975444,0.172,174.058,0.001017
969,0.02866726,0.02964059,0.172,174.238,0.001017
970,0.02861878,0.02968452,0.171,174.416,0.001016
971,0.02877333,0.02988745,0.171,174.595,0.001015
972,0.02865874,0.02980908,0.171,174.773,0.001014
973,0.02881479,0.02972398,0.171,174.951,0.001013
974,0.02885844,0.02986799,0.173,175.131,0.001012
975,0.02879789,0.02980921,0.171,175.310,0.001011
976,0.02884248,0.02989396,0.171,175.488,0.001010
977,0.02874067,0.02966166,0.171,175.666,0.001010
978,0.02877631,0.03002553,0.172,175.845,0.001009
979,0.02915288,0.02997177,0.171,176.023,0.001008
980,0.02878128,0.02981939,0.172,176.202,0.001007
981,0.02869168,0.02965535,0.171,176.380,0.001006
982,0.02863123,0.02960342,0.170,176.557,0.001005
983,0.02848248,0.02954526,0.171,176.736,0.001004
984,0.02841628,0.02962131,0.171,176.914,0.001003
985,0.02847029,0.02959128,0.171,177.092,0.001003
986,0.02854656,0.02966023,0.172,177.272,0.001002
987,0.02845531,0.02963659,0.172,177.451,0.001001
988,0.02838775,0.02964523,0.172,177.630,0.001000
989,0.02839735,0.02952633,0.172,177.809,0.000999
990,0.02839164,0.02963353,0.172,177.988,0.000998
991,0.02851388,0.02955522,0.174,178.169,0.000997
992,0.02859192,0.02967131,0.172,178.348,0.000996
993,0.02847833,0.02934289,0.171,178.527,0.000995
994,0.02825129,0.02939493,0.171,178.705,0.000995
995,0.02823456,0.02932656,0.171,178.883,0.000994
996,0.02811844,0.02928021,0.171,179.061,0.000993
997,0.02811820,0.02934201,0.172,179.240,0.000992
998,0.02809685,0.02929650,0.171,179.419,0.000991
999,0.02819184,0.02941545,0.171,179.597,0.000990
1000,0.02817060,0.02935202,0.171,179.776,0.000989
1001,0.02815044,0.02942885,0.172,179.954,0.000988
1002,0.02813724,0.02942473,0.171,180.133,0.000987
1003,0.02812326,0.02938876,0.172,180.312,0.000987
1004,0.02804977,0.02925086,0.171,180.491,0.000986
1005,0.02800940,0.02934197,0.171,180.669,0.000985
1006,0.02790011,0.02915195,0.171,180.847,0.000984
1007,0.02792734,0.02930865,0.171,181.025,0.000983
1008,0.02789339,0.02921571,0.172,181.204,0.000982
1009,0.02793935,0.02936647,0.172,181.383,0.000981
1010,0.02812561,0.02930771,0.182,181.573,0.000980
1011,0.02799191,0.02932296,0.176,181.756,0.000979
1012,0.02801818,0.02943344,0.174,181.937,0.000979
1013,0.02808501,0.02946667,0.174,182.119,0.000978
1014,0.02827385,0.02953819,0.173,182.299,0.000977
1015,0.02817186,0.02937658,0.171,182.478,0.000976
1016,0.02812976,0.02952428,0.172,182.657,0.000975
1017,0.02827226,0.02944209,0.172,182.836,0.000974
1018,0.02816008,0.02950573,0.172,183.015,0.000973
1019,0.02825613,0.02951263,0.172,183.195,0.000972
1020,0.02812628,0.02935567,0.172,183.374,0.000971
1021,0.02812044,0.02950079,0.171,183.552,0.000970
1022,0.02816569,0.02943939,0.172,183.731,0.000970
1023,0.02802622,0.02940177,0.171,183.910,0.000969
1024,0.02793026,0.02930387,0.170,184.087,0.000968
1025,0.02805604,0.02942978,0.172,184.266,0.000967
1026,0.02807319,0.02946560,0.172,184.445,0.000966
1027,0.02802836,0.02940174,0.171,184.624,0.000965
1028,0.02799431,0.02936190,0.171,184.803,0.000964
1029,0.02800815,0.02926694,0.171,184.981,0.000963
1030,0.02798327,0.02941623,0.171,185.159,0.000962
1031,0.02827381,0.02953204,0.171,185.338,0.000962
1032,0.02839321,0.02950228,0.172,185.517,0.000961
1033,0.02822534,0.02949674,0.171,185.696,0.000960
1034,0.02817851,0.02935358,0.171,185.875,0.000959
1035,0.02806834,0.02931787,0.171,186.053,0.000958
1036,0.02807332,0.02935028,0.171,186.231,0.000957
1037,0.02806214,0.02926148,0.171,186.410,0.000956
1038,0.02805167,0.02933586,0.171,186.589,0.000955
1039,0.02789213,0.02934678,0.171,186.767,0.000954
1040,0.02792773,0.02927283,0.172,186.946,0.000953
1041,0.02796157,0.02933285,0.178,187.132,0.000952
1042,0.02800694,0.02935426,0.172,187.311,0.000952
1043,0.02805109,0.02936927,0.172,187.490,0.000951
1044,0.02801312,0.02936990,0.172,187.669,0.000950
1045,0.02816974,0.02951067,0.170,187.846,0.000949
1046,0.02806433,0.02953204,0.171,188.025,0.000948
1047,0.02831256,0.02970423,0.171,188.203,0.000947
1048,0.02821937,0.02948489,0.171,188.382,0.000946
1049,0.02811450,0.02944607,0.172,188.561,0.000945
1050,0.02802362,0.02930429,0.172,188.740,0.000944
1051,0.02793959,0.02931577,0.170,188.917,0.000943
1052,0.02782743,0.02941975,0.172,189.096,0.000943
1053,0.02796230,0.02939382,0.171,189.275,0.000942
1054,0.02796004,0.02936679,0.171,189.453,0.000941
1055,0.02791901,0.02932696,0.177,189.637,0.000940
1056,0.02793706,0.02933813,0.172,189.817,0.000939
1057,0.02794501,0.02925498,0.171,189.994,0.000938
1058,0.02784038,0.02925877,0.172,190.173,0.000937
1059,0.02784100,0.02930672,0.171,190.352,0.000936
1060,0.02780095,0.02932436,0.171,190.531,0.000935
1061,0.02784242,0.02945113,0.172,190.710,0.000934
1062,0.02791375,0.02940856,0.172,190.889,0.000933
1063,0.02853822,0.02971508,0.171,191.067,0.000933
1064,0.02869627,0.02964323,0.171,191.245,0.000932
1065,0.02862300,0.02953233,0.169,191.422,0.000931
1066,0.02840915,0.02956005,0.171,191.600,0.000930
1067,0.02834371,0.02951600,0.172,191.779,0.000929
1068,0.02825408,0.02938109,0.172,191.958,0.000928
1069,0.02801165,0.02924916,0.171,192.136,0.000927
1070,0.02794551,0.02912234,0.173,192.317,0.000926
1071,0.02786925,0.02923278,0.172,192.500,0.000925
1072,0.02807752,0.02944517,0.172,192.679,0.000924
1073,0.02799531,0.02933763,0.171,192.857,0.000923
1074,0.02803994,0.02918935,0.172,193.036,0.000923
1075,0.02802763,0.02926513,0.172,193.215,0.000922
1076,0.02803018,0.02934014,0.172,193.395,0.000921
1077,0.02808553,0.02928960,0.172,193.574,0.000920
1078,0.02792726,0.02927769,0.173,193.754,0.000919
1079,0.02788072,0.02933137,0.171,193.932,0.000918
1080,0.02786986,0.02941825,0.172,194.111,0.000917
1081,0.02798462,0.02937016,0.171,194.290,0.000916
1082,0.02809735,0.02969127,0.178,194.476,0.000915
1083,0.02838207,0.02972749,0.172,194.655,0.000914
1084,0.02815483,0.02940516,0.172,194.835,0.000913
1085,0.02805143,0.02930156,0.171,195.014,0.000912
1086,0.02794827,0.02935955,0.172,195.192,0.000912
1087,0.02797698,0.02930094,0.170,195.369,0.000911
1088,0.02803117,0.02940975,0.172,195.548,0.000910
1089,0.02813080,0.02931522,0.172,195.728,0.000909
1090,0.02801721,0.02926527,0.171,195.905,0.000908
1091,0.02799556,0.02929410,0.172,196.084,0.000907
1092,0.02812313,0.02933791,0.172,196.264,0.000906
1093,0.02800649,0.02940417,0.171,196.442,0.000905
1094,0.02810727,0.02957083,0.171,196.621,0.000904
1095,0.02805166,0.02947688,0.171,196.800,0.000903
1096,0.02801045,0.02936766,0.171,196.978,0.000902
1097,0.02805823,0.02944560,0.170,197.155,0.000901
1098,0.02814831,0.02942856,0.180,197.343,0.000901
1099,0.02794995,0.02934711,0.171,197.521,0.000900
1100,0.02791813,0.02940191,0.171,197.700,0.000899
1101,0.02812683,0.02939780,0.172,197.879,0.000898
1102,0.02788998,0.02934652,0.172,198.058,0.000897
1103,0.02779450,0.02929716,0.172,198.237,0.000896
1104,0.02791465,0.02932006,0.171,198.416,0.000895
1105,0.02783555,0.02924268,0.171,198.594,0.000894
1106,0.02771845,0.02932971,0.171,198.773,0.000893
1107,0.02767413,0.02917691,0.171,198.951,0.000892
1108,0.02788976,0.02945376,0.171,199.130,0.000891
1109,0.02823644,0.02964844,0.170,199.307,0.000890
1110,0.02825469,0.02942087,0.171,199.486,0.000890
1111,0.02812382,0.02952055,0.172,199.665,0.000889
1112,0.02794802,0.02924907,0.171,199.844,0.000888
1113,0.02777580,0.02925419,0.172,200.023,0.000887
1114,0.02774233,0.02917454,0.171,200.201,0.000886
1115,0.02783313,0.02937604,0.171,200.380,0.000885
1116,0.02781441,0.02928796,0.170,200.557,0.000884
1117,0.02781340,0.02935744,0.172,200.736,0.000883
1118,0.02774928,0.02932405,0.171,200.915,0.000882
1119,0.02765336,0.02923338,0.172,201.094,0.000881
1120,0.02758767,0.02931256,0.171,201.272,0.000880
1121,0.02763862,0.02919196,0.172,201.451,0.000879
1122,0.02758637,0.02912903,0.172,201.630,0.000878
1123,0.02747495,0.02908301,0.171,201.808,0.000878
1124,0.02753201,0.02921805,0.172,201.991,0.000877
1125,0.02762547,0.02918776,0.171,202.169,0.000876
1126,0.02759586,0.02928710,0.171,202.347,0.000875
1127,0.02758118,0.02917190,0.171,202.526,0.000874
1128,0.02751394,0.02921136,0.171,202.705,0.000873
1129,0.02754525,0.02928624,0.171,202.883,0.000872
1130,0.02757914,0.02920255,0.173,203.064,0.000871
1131,0.02759097,0.02933239,0.171,203.242,0.000870
1132,0.02751333,0.02923531,0.170,203.420,0.000869
1133,0.02750298,0.02942829,0.174,203.601,0.000868
1134,0.02760838,0.02926647,0.172,203.780,0.000867
1135,0.02774218,0.02953422,0.172,203.959,0.000866
1136,0.02778906,0.02931029,0.171,204.137,0.000865
1137,0.02770025,0.02934303,0.172,204.316,0.000865
1138,0.02773340,0.02951258,0.171,204.494,0.000864
1139,0.02782281,0.02938431,0.172,204.674,0.000863
1140,0.02792578,0.02961947,0.171,204.851,0.000862
1141,0.02786860,0.02947241,0.171,205.030,0.000861
1142,0.02789512,0.02971353,0.171,205.208,0.000860
1143,0.02799997,0.02965214,0.170,205.385,0.000859
1144,0.02801698,0.02980450,0.171,205.564,0.000858
1145,0.02834877,0.02975167,0.172,205.743,0.000857
1146,0.02809614,0.02936054,0.171,205.922,0.000856
1147,0.02790106,0.02926292,0.170,206.100,0.000855
1148,0.02785847,0.02953074,0.171,206.278,0.000854
1149,0.02786666,0.02936281,0.172,206.457,0.000853
1150,0.02776476,0.02937658,0.172,206.636,0.000852
1151,0.02769123,0.02934686,0.172,206.815,0.000852
1152,0.02763530,0.02931792,0.171,206.993,0.000851
1153,0.02760759,0.02933099,0.172,207.173,0.000850
1154,0.02769419,0.02932531,0.171,207.351,0.000849
1155,0.02768857,0.02930152,0.172,207.530,0.000848
1156,0.02753155,0.02921974,0.171,207.709,0.000847
1157,0.02746706,0.02926819,0.171,207.887,0.000846
1158,0.02739154,0.02917742,0.171,208.065,0.000845
1159,0.02750883,0.02926341,0.171,208.244,0.000844
1160,0.02746988,0.02922040,0.171,208.422,0.000843
1161,0.02748398,0.02922355,0.171,208.600,0.000842
1162,0.02748013,0.02919098,0.172,208.779,0.000841
1163,0.02752644,0.02932344,0.171,208.958,0.000840
1164,0.02749970,0.02915948,0.171,209.137,0.000839
1165,0.02752066,0.02923098,0.171,209.315,0.000839
1166,0.02744501,0.02928139,0.171,209.494,0.000838
1167,0.02749836,0.02916166,0.173,209.674,0.000837
1168,0.02736610,0.02906877,0.171,209.852,0.000836
1169,0.02739706,0.02915443,0.173,210.035,0.000835
1170,0.02765751,0.02927292,0.171,210.214,0.000834
1171,0.02771052,0.02942014,0.171,210.391,0.000833
1172,0.02813104,0.02956625,0.171,210.570,0.000832
1173,0.02828648,0.02975605,0.172,210.749,0.000831
1174,0.02819744,0.02977974,0.171,210.928,0.000830
1175,0.02834443,0.02993839,0.173,211.108,0.000829
1176,0.02841536,0.02985602,0.171,211.287,0.000828
1177,0.02829772,0.02971668,0.172,211.466,0.000827
1178,0.02822177,0.02967351,0.173,211.646,0.000826
1179,0.02858427,0.02987131,0.171,211.825,0.000826
1180,0.02832623,0.02978227,0.171,212.003,0.000825
1181,0.02819158,0.02960733,0.172,212.182,0.000824
1182,0.02807379,0.02962330,0.171,212.361,0.000823
1183,0.02822783,0.02972270,0.172,212.539,0.000822
1184,0.02836380,0.02978735,0.172,212.718,0.000821
1185,0.02820805,0.02984844,0.172,212.897,0.000820
1186,0.02855542,0.02977994,0.172,213.076,0.000819
1187,0.02818067,0.02964705,0.171,213.254,0.000818
1188,0.02817166,0.02974344,0.171,213.432,0.000817
1189,0.02802171,0.02960422,0.172,213.611,0.000816
1190,0.02805582,0.02989278,0.171,213.789,0.000815
1191,0.02828869,0.02971336,0.171,213.968,0.000814
1192,0.02802470,0.02950038,0.171,214.147,0.000813
1193,0.02792352,0.02950392,0.172,214.326,0.000812
1194,0.02789052,0.02957341,0.172,214.504,0.000812
1195,0.02792147,0.02959928,0.171,214.683,0.000811
1196,0.02780172,0.02955109,0.171,214.861,0.000810
1197,0.02781589,0.02945113,0.171,215.039,0.000809
1198,0.02789387,0.02954336,0.172,215.218,0.000808
1199,0.02787315,0.02942990,0.171,215.396,0.000807
1200,0.02770686,0.02944089,0.170,215.573,0.000806
1201,0.02770555,0.02933383,0.172,215.753,0.000805
1202,0.02771696,0.02935201,0.171,215.932,0.000804
1203,0.02764376,0.02930922,0.171,216.110,0.000803
1204,0.02751212,0.02934671,0.171,216.288,0.000802
1205,0.02750912,0.02930697,0.178,216.474,0.000801
1206,0.02756096,0.02937010,0.171,216.652,0.000800
1207,0.02759315,0.02942650,0.172,216.831,0.000799
1208,0.02773273,0.02954431,0.171,217.010,0.000798
1209,0.02773663,0.02957075,0.171,217.188,0.000797
1210,0.02779343,0.02958392,0.171,217.366,0.000797
1211,0.02764127,0.02947780,0.171,217.545,0.000796
1212,0.02759309,0.02937729,0.177,217.729,0.000795
1213,0.02793840,0.02954413,0.172,217.908,0.000794
1214,0.02784246,0.02964378,0.172,218.088,0.000793
1215,0.02772945,0.02948489,0.171,218.265,0.000792
1216,0.02761889,0.02955864,0.171,218.444,0.000791
1217,0.02766196,0.02963926,0.171,218.623,0.000790
1218,0.02771066,0.02961048,0.171,218.801,0.000789
1219,0.02770274,0.02949212,0.172,218.981,0.000788
1220,0.02765971,0.02950143,0.171,219.159,0.000787
1221,0.02779589,0.02964557,0.171,219.337,0.000786
1222,0.02780419,0.02957061,0.170,219.515,0.000785
1223,0.02759022,0.02950944,0.172,219.694,0.000784
1224,0.02756724,0.02948028,0.171,219.873,0.000783
1225,0.02749053,0.02948910,0.172,220.052,0.000783
1226,0.02751116,0.02967832,0.171,220.230,0.000782
1227,0.02773152,0.02972174,0.171,220.408,0.000781
1228,0.02808417,0.02991987,0.171,220.587,0.000780
1229,0.02801118,0.02981903,0.172,220.767,0.000779
1230,0.02781411,0.02955275,0.171,220.945,0.000778
1231,0.02769165,0.02969674,0.173,221.125,0.000777
1232,0.02785958,0.02989731,0.171,221.304,0.000776
1233,0.02817633,0.02992919,0.171,221.482,0.000775
1234,0.02820536,0.02986096,0.171,221.660,0.000774
1235,0.02792343,0.02974068,0.171,221.839,0.000773
1236,0.02786443,0.02977294,0.171,222.017,0.000772
1237,0.02779434,0.02966037,0.172,222.197,0.000771
1238,0.02762161,0.02957844,0.170,222.374,0.000770
1239,0.02764720,0.02970929,0.171,222.552,0.000769
1240,0.02776094,0.02962640,0.172,222.732,0.000768
1241,0.02765994,0.02964060,0.172,222.911,0.000768
1242,0.02775388,0.02976942,0.170,223.089,0.000767
1243,0.02798302,0.02976977,0.171,223.267,0.000766
1244,0.02787138,0.02966124,0.171,223.446,0.000765
1245,0.02771516,0.02967756,0.172,223.625,0.000764
1246,0.02768850,0.02966930,0.171,223.803,0.000763
1247,0.02762460,0.02956956,0.171,223.982,0.000762
1248,0.02761233,0.02949806,0.171,224.160,0.000761
1249,0.02758226,0.02953573,0.172,224.339,0.000760
1250,0.02752349,0.02959584,0.171,224.517,0.000759
1251,0.02754962,0.02959080,0.171,224.696,0.000758
1252,0.02759400,0.02951990,0.172,224.875,0.000757
1253,0.02747429,0.02950690,0.172,225.054,0.000756
1254,0.02740752,0.02945304,0.171,225.233,0.000755
1255,0.02748634,0.02951808,0.171,225.412,0.000754
1256,0.02742635,0.02944164,0.171,225.590,0.000753
1257,0.02745419,0.02950744,0.173,225.770,0.000753
1258,0.02748928,0.02968420,0.171,225.949,0.000752
1259,0.02773973,0.02968533,0.171,226.127,0.000751
1260,0.02784328,0.02976259,0.171,226.305,0.000750
1261,0.02787935,0.02972733,0.172,226.484,0.000749
1262,0.02777620,0.02974004,0.172,226.663,0.000748
1263,0.02791520,0.02961893,0.172,226.843,0.000747
1264,0.02771088,0.02954027,0.171,227.021,0.000746
1265,0.02766047,0.02960394,0.172,227.200,0.000745
1266,0.02759728,0.02955875,0.171,227.378,0.000744
1267,0.02757054,0.02964405,0.172,227.558,0.000743
1268,0.02761072,0.02962370,0.172,227.737,0.000742
1269,0.02770099,0.02961671,0.171,227.915,0.000741
1270,0.02762579,0.02962872,0.171,228.094,0.000740
1271,0.02752309,0.02953494,0.171,228.272,0.000739
1272,0.02739652,0.02951795,0.171,228.451,0.000739
1273,0.02736690,0.02946617,0.172,228.630,0.000738
1274,0.02733225,0.02951246,0.171,228.808,0.000737
1275,0.02736214,0.02958381,0.171,228.987,0.000736
1276,0.02744850,0.02958386,0.172,229.166,0.000735
1277,0.02750913,0.02960006,0.171,229.345,0.000734
1278,0.02756489,0.02962478,0.171,229.522,0.000733
1279,0.02760625,0.02957289,0.173,229.702,0.000732
1280,0.02763448,0.02969745,0.171,229.880,0.000731
1281,0.02773539,0.02983376,0.171,230.059,0.000730
1282,0.02777732,0.02970198,0.171,230.237,0.000729
1283,0.02778289,0.02960159,0.171,230.416,0.000728
1284,0.02778364,0.02974559,0.171,230.594,0.000727
1285,0.02768225,0.02974490,0.172,230.773,0.000726
1286,0.02782715,0.02959734,0.171,230.952,0.000725
1287,0.02775716,0.02980931,0.171,231.129,0.000724
1288,0.02780572,0.02971524,0.171,231.308,0.000724
1289,0.02766937,0.02958519,0.171,231.486,0.000723
1290,0.02753171,0.02948787,0.171,231.665,0.000722
1291,0.02744199,0.02956726,0.172,231.844,0.000721
1292,0.02747294,0.02965549,0.171,232.022,0.000720
1293,0.02767438,0.02980568,0.172,232.201,0.000719
1294,0.02756186,0.02950604,0.171,232.379,0.000718
1295,0.02736950,0.02947996,0.171,232.557,0.000717
1296,0.02727862,0.02955610,0.171,232.736,0.000716
1297,0.02730402,0.02940850,0.172,232.915,0.000715
1298,0.02728664,0.02941861,0.171,233.093,0.000714
1299,0.02720369,0.02947967,0.171,233.271,0.000713
1300,0.02720272,0.02941478,0.172,233.450,0.000712
1301,0.02730556,0.02950009,0.172,233.629,0.000711
1302,0.02756233,0.02977584,0.171,233.807,0.000710
1303,0.02750425,0.02954476,0.172,233.986,0.000709
1304,0.02728114,0.02938487,0.171,234.164,0.000709
1305,0.02715634,0.02935257,0.171,234.343,0.000708
1306,0.02723760,0.02943960,0.171,234.521,0.000707
1307,0.02716627,0.02940840,0.172,234.700,0.000706
1308,0.02717512,0.02944430,0.172,234.879,0.000705
1309,0.02737373,0.02945101,0.172,235.058,0.000704
1310,0.02737016,0.02949167,0.171,235.236,0.000703
1311,0.02732928,0.02941905,0.171,235.415,0.000702
1312,0.02736158,0.02944044,0.171,235.593,0.000701
1313,0.02737065,0.02942386,0.172,235.772,0.000700
1314,0.02724968,0.02945712,0.171,235.951,0.000699
1315,0.02728132,0.02948771,0.172,236.130,0.000698
1316,0.02722466,0.02944028,0.171,236.308,0.000697
1317,0.02721307,0.02938761,0.171,236.487,0.000696
1318,0.02713378,0.02942693,0.171,236.665,0.000695
1319,0.02719681,0.02934596,0.171,236.843,0.000695
1320,0.02737136,0.02942643,0.171,237.022,0.000694
1321,0.02713686,0.02931660,0.172,237.201,0.000693
1322,0.02710278,0.02944500,0.171,237.380,0.000692
1323,0.02722120,0.02954635,0.170,237.558,0.000691
1324,0.02740468,0.02954194,0.172,237.737,0.000690
1325,0.02748404,0.02947643,0.172,237.916,0.000689
1326,0.02736411,0.02949965,0.170,238.094,0.000688
1327,0.02737561,0.02955167,0.172,238.273,0.000687
1328,0.02728742,0.02945081,0.171,238.452,0.000686
1329,0.02715114,0.02941651,0.171,238.630,0.000685
1330,0.02715557,0.02956435,0.171,238.809,0.000684
1331,0.02718493,0.02956737,0.172,238.987,0.000683
1332,0.02726635,0.02940058,0.171,239.166,0.000682
1333,0.02717469,0.02950163,0.172,239.345,0.000681
1334,0.02714776,0.02942329,0.171,239.523,0.000681
1335,0.02709857,0.02952619,0.172,239.702,0.000680
1336,0.02708565,0.02945877,0.172,239.881,0.000679
1337,0.02712259,0.02943222,0.171,240.059,0.000678
1338,0.02706180,0.02932520,0.171,240.238,0.000677
1339,0.02707182,0.02930035,0.172,240.417,0.000676
1340,0.02705018,0.02932213,0.179,240.603,0.000675
1341,0.02698800,0.02934161,0.172,240.783,0.000674
1342,0.02708055,0.02941403,0.171,240.961,0.000673
1343,0.02709269,0.02947853,0.171,241.140,0.000672
1344,0.02704093,0.02930481,0.171,241.318,0.000671
1345,0.02695709,0.02932830,0.170,241.495,0.000670
1346,0.02718344,0.02958367,0.171,241.674,0.000669
1347,0.02733762,0.02956229,0.172,241.853,0.000668
1348,0.02746092,0.02971464,0.172,242.032,0.000668
1349,0.02733311,0.02948016,0.172,242.211,0.000667
1350,0.02729202,0.02944684,0.171,242.389,0.000666
1351,0.02724644,0.02945549,0.171,242.568,0.000665
1352,0.02716869,0.02950085,0.171,242.746,0.000664
1353,0.02712292,0.02937703,0.171,242.925,0.000663
1354,0.02707992,0.02939243,0.171,243.103,0.000662
1355,0.02703542,0.02940014,0.171,243.281,0.000661
1356,0.02698608,0.02931912,0.171,243.460,0.000660
1357,0.02694891,0.02934649,0.173,243.640,0.000659
1358,0.02695556,0.02945888,0.171,243.818,0.000658
1359,0.02710811,0.02953763,0.171,243.997,0.000657
1360,0.02720017,0.02961450,0.171,244.175,0.000656
1361,0.02745788,0.02948689,0.171,244.353,0.000655
1362,0.02725905,0.02948369,0.171,244.532,0.000655
1363,0.02709747,0.02930466,0.172,244.712,0.000654
1364,0.02697144,0.02945925,0.172,244.891,0.000653
1365,0.02691262,0.02937454,0.171,245.069,0.000652
1366,0.02689153,0.02939611,0.171,245.247,0.000651
1367,0.02680514,0.02936559,0.172,245.426,0.000650
1368,0.02682419,0.02935798,0.176,245.609,0.000649
1369,0.02691289,0.02944684,0.171,245.787,0.000648
1370,0.02695888,0.02943958,0.172,245.966,0.000647
1371,0.02686128,0.02938287,0.172,246.145,0.000646
1372,0.02685568,0.02936041,0.171,246.324,0.000645
1373,0.02682569,0.02942518,0.171,246.502,0.000644
1374,0.02678852,0.02924256,0.172,246.681,0.000643
1375,0.02680296,0.02920174,0.172,246.860,0.000642
1376,0.02678624,0.02923623,0.171,247.039,0.000642
1377,0.02677023,0.02927080,0.171,247.217,0.000641
1378,0.02671853,0.02935765,0.172,247.396,0.000640
1379,0.02675148,0.02930268,0.171,247.575,0.000639
1380,0.02674560,0.02916834,0.172,247.754,0.000638
1381,0.02674359,0.02927708,0.171,247.932,0.000637
1382,0.02670715,0.02932692,0.171,248.111,0.000636
1383,0.02674616,0.02944022,0.171,248.289,0.000635
1384,0.02679030,0.02936276,0.171,248.467,0.000634
1385,0.02681962,0.02933842,0.171,248.645,0.000633
1386,0.02681904,0.02935839,0.171,248.824,0.000632
1387,0.02693316,0.02942306,0.171,249.002,0.000631
1388,0.02682493,0.02937460,0.171,249.180,0.000630
1389,0.02669977,0.02938310,0.172,249.359,0.000630
1390,0.02673068,0.02931883,0.171,249.538,0.000629
1391,0.02679485,0.02951410,0.171,249.716,0.000628
1392,0.02693907,0.02944343,0.171,249.895,0.000627
1393,0.02690578,0.02950145,0.171,250.073,0.000626
1394,0.02693553,0.02944616,0.171,250.252,0.000625
1395,0.02687503,0.02947537,0.171,250.430,0.000624
1396,0.02704772,0.02954816,0.171,250.609,0.000623
1397,0.02701714,0.02949667,0.171,250.788,0.000622
1398,0.02700435,0.02958607,0.172,250.967,0.000621
1399,0.02697708,0.02953880,0.171,251.145,0.000620
1400,0.02696878,0.02954614,0.170,251.322,0.000619
1401,0.02690590,0.02935394,0.169,251.499,0.000618
1402,0.02678560,0.02936182,0.171,251.677,0.000618
1403,0.02683200,0.02941454,0.171,251.855,0.000617
1404,0.02680557,0.02932745,0.171,252.033,0.000616
1405,0.02682821,0.02940440,0.172,252.212,0.000615
1406,0.02682543,0.02942053,0.171,252.391,0.000614
1407,0.02681281,0.02941969,0.172,252.569,0.000613
1408,0.02683576,0.02945794,0.172,252.749,0.000612
1409,0.02678159,0.02948435,0.171,252.927,0.000611
1410,0.02672943,0.02936826,0.172,253.107,0.000610
1411,0.02688481,0.02944929,0.171,253.285,0.000609
1412,0.02682273,0.02942127,0.171,253.464,0.000608
1413,0.02670962,0.02948798,0.171,253.643,0.000607
1414,0.02663778,0.02943780,0.171,253.821,0.000607
1415,0.02667010,0.02940880,0.171,253.999,0.000606
1416,0.02662199,0.02939429,0.171,254.177,0.000605
1417,0.02681415,0.02938590,0.171,254.356,0.000604
1418,0.02687105,0.02939579,0.171,254.535,0.000603
1419,0.02673400,0.02940716,0.173,254.715,0.000602
1420,0.02681472,0.02934863,0.172,254.894,0.000601
1421,0.02678236,0.02933209,0.170,255.072,0.000600
1422,0.02701292,0.02954861,0.171,255.250,0.000599
1423,0.02718082,0.02956078,0.172,255.429,0.000598
1424,0.02705832,0.02947480,0.171,255.608,0.000597
1425,0.02721712,0.02968108,0.171,255.787,0.000596
1426,0.02718479,0.02950203,0.172,255.965,0.000596
1427,0.02709107,0.02947170,0.171,256.144,0.000595
1428,0.02702188,0.02939678,0.171,256.323,0.000594
1429,0.02688902,0.02941702,0.171,256.501,0.000593
1430,0.02683242,0.02947543,0.171,256.679,0.000592
1431,0.02696061,0.02945466,0.171,256.858,0.000591
1432,0.02686734,0.02944711,0.171,257.036,0.000590
1433,0.02682502,0.02938214,0.171,257.214,0.000589
1434,0.02678126,0.02939810,0.172,257.393,0.000588
1435,0.02677124,0.02930126,0.171,257.572,0.000587
1436,0.02663146,0.02943131,0.171,257.750,0.000586
1437,0.02658591,0.02941842,0.170,257.927,0.000585
1438,0.02654273,0.02934564,0.170,258.105,0.000585
1439,0.02646944,0.02930264,0.171,258.283,0.000584
1440,0.02645841,0.02921219,0.173,258.463,0.000583
1441,0.02646385,0.02920120,0.172,258.642,0.000582
1442,0.02647161,0.02930800,0.171,258.820,0.000581
1443,0.02644626,0.02918680,0.172,259.000,0.000580
1444,0.02640748,0.02928101,0.171,259.179,0.000579
1445,0.02645681,0.02929723,0.171,259.357,0.000578
1446,0.02641522,0.02932241,0.171,259.535,0.000577
1447,0.02639143,0.02923802,0.178,259.721,0.000576
1448,0.02659620,0.02940980,0.172,259.900,0.000575
1449,0.02668963,0.02940183,0.171,260.078,0.000575
1450,0.02659434,0.02936805,0.171,260.257,0.000574
1451,0.02660826,0.02940000,0.171,260.435,0.000573
1452,0.02666652,0.02949897,0.171,260.614,0.000572
1453,0.02664411,0.02946670,0.171,260.792,0.000571
1454,0.02650563,0.02939944,0.171,260.971,0.000570
1455,0.02651631,0.02937030,0.172,261.150,0.000569
1456,0.02653054,0.02948163,0.172,261.329,0.000568
1457,0.02649241,0.02941504,0.171,261.507,0.000567
1458,0.02647828,0.02945514,0.172,261.687,0.000566
1459,0.02648136,0.02946784,0.171,261.865,0.000565
1460,0.02647875,0.02941916,0.171,262.044,0.000565
1461,0.02645034,0.02937391,0.171,262.222,0.000564
1462,0.02639815,0.02935519,0.171,262.400,0.000563
1463,0.02640191,0.02946663,0.172,262.579,0.000562
1464,0.02641119,0.02935540,0.171,262.757,0.000561
1465,0.02641211,0.02930765,0.172,262.936,0.000560
1466,0.02637316,0.02938564,0.172,263.115,0.000559
1467,0.02640086,0.02934983,0.170,263.292,0.000558
1468,0.02637031,0.02930789,0.170,263.468,0.000557
1469,0.02631170,0.02931093,0.170,263.646,0.000556
1470,0.02631240,0.02925783,0.171,263.825,0.000556
1471,0.02634827,0.02934095,0.171,264.003,0.000555
1472,0.02639618,0.02939813,0.170,264.181,0.000554
1473,0.02635936,0.02932934,0.171,264.360,0.000553
1474,0.02647125,0.02943102,0.171,264.538,0.000552
1475,0.02645077,0.02945972,0.171,264.716,0.000551
1476,0.02635630,0.02935739,0.171,264.895,0.000550
1477,0.02634723,0.02932422,0.171,265.074,0.000549
1478,0.02631079,0.02924296,0.172,265.253,0.000548
1479,0.02625215,0.02923153,0.171,265.431,0.000547
1480,0.02618938,0.02928817,0.171,265.610,0.000547
1481,0.02615530,0.02921741,0.172,265.789,0.000546
1482,0.02622818,0.02931441,0.172,265.969,0.000545
1483,0.02621803,0.02930520,0.171,266.147,0.000544
1484,0.02629523,0.02931754,0.172,266.326,0.000543
1485,0.02620718,0.02930483,0.171,266.505,0.000542
1486,0.02616923,0.02937645,0.172,266.684,0.000541
1487,0.02614006,0.02934979,0.172,266.863,0.000540
1488,0.02619852,0.02933220,0.171,267.041,0.000539
1489,0.02623324,0.02935705,0.171,267.220,0.000538
1490,0.02629498,0.02948956,0.171,267.398,0.000538
1491,0.02634826,0.02935229,0.171,267.577,0.000537
1492,0.02635515,0.02933901,0.171,267.755,0.000536
1493,0.02630915,0.02935360,0.171,267.933,0.000535
1494,0.02625755,0.02943461,0.171,268.111,0.000534
1495,0.02624279,0.02930029,0.171,268.290,0.000533
1496,0.02625443,0.02935132,0.171,268.468,0.000532
1497,0.02631335,0.02949039,0.172,268.648,0.000531
1498,0.02640764,0.02937160,0.172,268.828,0.000530
1499,0.02628660,0.02938582,0.171,269.006,0.000529
1500,0.02623606,0.02942479,0.171,269.185,0.000529
1501,0.02617112,0.02936805,0.171,269.363,0.000528
1502,0.02618339,0.02944482,0.176,269.547,0.000527
1503,0.02619047,0.02939680,0.171,269.725,0.000526
1504,0.02628047,0.02948933,0.171,269.904,0.000525
1505,0.02630867,0.02956206,0.171,270.082,0.000524
1506,0.02638965,0.02956225,0.172,270.262,0.000523
1507,0.02630806,0.02954252,0.172,270.441,0.000522
1508,0.02622949,0.02938629,0.172,270.621,0.000521
1509,0.02625971,0.02940297,0.171,270.799,0.000521
1510,0.02628119,0.02938708,0.171,270.978,0.000520
1511,0.02620574,0.02931751,0.171,271.156,0.000519
1512,0.02618241,0.02937680,0.171,271.335,0.000518
1513,0.02623935,0.02936755,0.171,271.513,0.000517
1514,0.02619395,0.02938008,0.171,271.691,0.000516
1515,0.02611526,0.02929734,0.186,271.884,0.000515
1516,0.02615157,0.02937792,0.180,272.071,0.000514
1517,0.02602938,0.02926051,0.180,272.258,0.000513
1518,0.02603475,0.02929839,0.174,272.440,0.000513
1519,0.02612911,0.02936256,0.174,272.622,0.000512
1520,0.02632063,0.02945650,0.172,272.802,0.000511
1521,0.02626092,0.02939637,0.171,272.980,0.000510
1522,0.02631303,0.02932828,0.173,273.161,0.000509
1523,0.02624115,0.02938273,0.171,273.339,0.000508
1524,0.02617837,0.02938430,0.171,273.517,0.000507
1525,0.02623489,0.02933958,0.176,273.701,0.000506
1526,0.02624031,0.02942141,0.172,273.880,0.000506
1527,0.02619625,0.02939741,0.170,274.057,0.000505
1528,0.02618871,0.02930549,0.172,274.237,0.000504
1529,0.02629458,0.02949768,0.171,274.415,0.000503
1530,0.02629339,0.02939127,0.171,274.594,0.000502
1531,0.02619910,0.02931063,0.171,274.772,0.000501
1532,0.02623688,0.02939461,0.171,274.950,0.000500
1533,0.02626212,0.02938687,0.172,275.129,0.000499
1534,0.02630557,0.02938987,0.171,275.307,0.000498
1535,0.02635045,0.02943050,0.171,275.486,0.000498
1536,0.02620607,0.02938152,0.171,275.664,0.000497
1537,0.02634133,0.02944459,0.170,275.841,0.000496
1538,0.02622872,0.02944377,0.171,276.019,0.000495
1539,0.02635544,0.02934598,0.172,276.198,0.000494
1540,0.02630548,0.02938050,0.171,276.376,0.000493
1541,0.02622135,0.02944968,0.171,276.554,0.000492
1542,0.02628659,0.02944451,0.171,276.733,0.000491
1543,0.02625360,0.02947379,0.171,276.911,0.000491
1544,0.02628527,0.02951956,0.170,277.088,0.000490
1545,0.02627870,0.02951530,0.170,277.266,0.000489
1546,0.02614766,0.02942431,0.171,277.444,0.000488
1547,0.02614088,0.02941686,0.171,277.623,0.000487
1548,0.02604800,0.02952315,0.171,277.802,0.000486
1549,0.02602210,0.02946956,0.171,277.980,0.000485
1550,0.02612581,0.02945639,0.171,278.158,0.000484
1551,0.02605379,0.02942728,0.172,278.337,0.000484
1552,0.02617195,0.02954030,0.172,278.516,0.000483
1553,0.02626143,0.02951631,0.172,278.695,0.000482
1554,0.02617487,0.02942494,0.171,278.873,0.000481
1555,0.02615952,0.02946254,0.171,279.052,0.000480
1556,0.02615698,0.02946264,0.171,279.231,0.000479
1557,0.02615351,0.02944281,0.171,279.410,0.000478
1558,0.02612160,0.02945518,0.173,279.590,0.000477
1559,0.02603572,0.02945688,0.171,279.768,0.000477
1560,0.02599461,0.02942081,0.171,279.945,0.000476
1561,0.02600635,0.02934870,0.174,280.127,0.000475
1562,0.02596095,0.02935037,0.171,280.305,0.000474
1563,0.02592296,0.02934890,0.171,280.483,0.000473
1564,0.02592038,0.02938622,0.171,280.662,0.000472
1565,0.02599071,0.02935979,0.171,280.840,0.000471
1566,0.02598532,0.02941302,0.170,281.018,0.000471
1567,0.02604108,0.02935245,0.171,281.196,0.000470
1568,0.02613219,0.02937745,0.170,281.373,0.000469
1569,0.02612257,0.02943711,0.171,281.552,0.000468
1570,0.02607516,0.02936165,0.171,281.730,0.000467
1571,0.02593887,0.02939080,0.170,281.908,0.000466
1572,0.02593976,0.02939320,0.171,282.086,0.000465
1573,0.02602074,0.02939776,0.171,282.264,0.000464
1574,0.02596283,0.02936346,0.170,282.442,0.000464
1575,0.02597583,0.02936815,0.171,282.620,0.000463
1576,0.02611871,0.02939448,0.170,282.797,0.000462
1577,0.02611559,0.02940941,0.170,282.975,0.000461
1578,0.02610292,0.02939523,0.171,283.153,0.000460
1579,0.02602024,0.02944080,0.171,283.331,0.000459
1580,0.02600898,0.02952359,0.170,283.508,0.000458
1581,0.02610923,0.02950881,0.171,283.687,0.000458
1582,0.02613299,0.02956039,0.171,283.865,0.000457
1583,0.02610224,0.02954292,0.171,284.043,0.000456
1584,0.02602095,0.02946327,0.170,284.220,0.000455
1585,0.02600723,0.02949661,0.171,284.398,0.000454
1586,0.02603100,0.02950960,0.170,284.574,0.000453
1587,0.02601261,0.02947381,0.171,284.752,0.000452
1588,0.02596280,0.02938302,0.170,284.930,0.000452
1589,0.02595178,0.02932303,0.170,285.107,0.000451
1590,0.02587700,0.02942921,0.171,285.286,0.000450
1591,0.02589973,0.02931007,0.171,285.464,0.000449
1592,0.02581944,0.02933144,0.174,285.645,0.000448
1593,0.02580707,0.02931577,0.174,285.827,0.000447
1594,0.02580724,0.02943087,0.170,286.004,0.000446
1595,0.02596853,0.02951410,0.170,286.181,0.000446
1596,0.02588530,0.02945172,0.170,286.359,0.000445
1597,0.02585926,0.02941017,0.171,286.537,0.000444
1598,0.02584475,0.02943841,0.170,286.715,0.000443
1599,0.02579759,0.02947112,0.170,286.893,0.000442
1600,0.02577736,0.02948539,0.171,287.071,0.000441
1601,0.02594668,0.02948139,0.171,287.249,0.000441
1602,0.02599279,0.02956784,0.171,287.427,0.000440
1603,0.02595780,0.02951175,0.171,287.605,0.000439
1604,0.02595521,0.02945743,0.170,287.782,0.000438
1605,0.02598818,0.02944634,0.171,287.961,0.000437
1606,0.02590037,0.02951551,0.170,288.138,0.000436
1607,0.02592542,0.02941716,0.170,288.315,0.000435
1608,0.02589870,0.02944498,0.171,288.493,0.000435
1609,0.02606738,0.02947486,0.171,288.672,0.000434
1610,0.02601291,0.02950368,0.170,288.849,0.000433
1611,0.02587544,0.02957245,0.171,289.027,0.000432
1612,0.02591267,0.02957756,0.171,289.206,0.000431
1613,0.02591402,0.02954420,0.170,289.383,0.000430
1614,0.02589809,0.02952885,0.170,289.560,0.000430
1615,0.02598427,0.02960508,0.171,289.738,0.000429
1616,0.02615538,0.02963241,0.171,289.916,0.000428
1617,0.02611602,0.02955702,0.171,290.094,0.000427
1618,0.02606178,0.02954888,0.171,290.272,0.000426
1619,0.02613966,0.02975171,0.170,290.449,0.000425
1620,0.02623158,0.02953962,0.170,290.627,0.000424
1621,0.02591747,0.02956657,0.171,290.806,0.000424
1622,0.02591170,0.02954520,0.170,290.983,0.000423
1623,0.02598247,0.02955683,0.170,291.160,0.000422
1624,0.02600846,0.02960136,0.171,291.339,0.000421
1625,0.02594564,0.02950629,0.170,291.516,0.000420
1626,0.02597979,0.02949849,0.171,291.694,0.000419
1627,0.02599379,0.02960097,0.171,291.872,0.000419
1628,0.02599503,0.02956440,0.170,292.049,0.000418
1629,0.02597649,0.02958924,0.170,292.227,0.000417
1630,0.02598917,0.02950281,0.170,292.404,0.000416
1631,0.02591279,0.02953812,0.170,292.581,0.000415
1632,0.02586806,0.02954324,0.171,292.759,0.000414
1633,0.02593660,0.02950569,0.171,292.937,0.000414
1634,0.02592503,0.02945610,0.170,293.115,0.000413
1635,0.02585449,0.02953941,0.171,293.293,0.000412
1636,0.02588949,0.02951185,0.171,293.472,0.000411
1637,0.02587447,0.02953131,0.170,293.649,0.000410
1638,0.02583909,0.02946679,0.171,293.827,0.000409
1639,0.02581956,0.02944931,0.170,294.005,0.000409
1640,0.02581981,0.02955893,0.170,294.182,0.000408
1641,0.02588183,0.02951407,0.171,294.361,0.000407
1642,0.02581470,0.02952062,0.171,294.539,0.000406
1643,0.02579868,0.02951534,0.170,294.717,0.000405
1644,0.02578010,0.02950078,0.170,294.894,0.000404
1645,0.02580013,0.02948423,0.170,295.072,0.000404
1646,0.02575262,0.02946777,0.170,295.250,0.000403
1647,0.02569200,0.02956518,0.171,295.428,0.000402
1648,0.02575658,0.02950879,0.171,295.606,0.000401
1649,0.02573553,0.02955644,0.173,295.787,0.000400
1650,0.02568269,0.02944716,0.171,295.965,0.000400
1651,0.02567667,0.02945146,0.171,296.143,0.000399
1652,0.02572219,0.02954273,0.178,296.328,0.000398
1653,0.02569888,0.02951721,0.172,296.508,0.000397
1654,0.02572842,0.02953846,0.171,296.687,0.000396
1655,0.02568526,0.02948281,0.171,296.865,0.000395
1656,0.02565946,0.02953106,0.171,297.043,0.000395
1657,0.02560801,0.02942136,0.172,297.223,0.000394
1658,0.02557970,0.02946395,0.170,297.400,0.000393
1659,0.02555440,0.02946909,0.171,297.579,0.000392
1660,0.02554392,0.02956562,0.171,297.757,0.000391
1661,0.02559624,0.02961523,0.171,297.935,0.000391
1662,0.02558768,0.02956228,0.170,298.113,0.000390
1663,0.02570195,0.02959882,0.170,298.291,0.000389
1664,0.02570233,0.02953618,0.171,298.469,0.000388
1665,0.02565916,0.02959149,0.172,298.648,0.000387
1666,0.02568878,0.02959403,0.171,298.827,0.000386
1667,0.02562395,0.02954063,0.170,299.004,0.000386
1668,0.02557865,0.02957868,0.171,299.183,0.000385
1669,0.02558334,0.02960740,0.171,299.361,0.000384
1670,0.02565134,0.02962130,0.175,299.544,0.000383
1671,0.02556905,0.02954069,0.171,299.722,0.000382
1672,0.02562265,0.02958357,0.172,299.902,0.000382
1673,0.02560854,0.02954859,0.171,300.080,0.000381
1674,0.02563711,0.02958787,0.171,300.259,0.000380
1675,0.02562940,0.02956430,0.171,300.438,0.000379
1676,0.02569323,0.02959696,0.171,300.616,0.000378
1677,0.02565853,0.02957778,0.172,300.795,0.000378
1678,0.02561758,0.02953561,0.170,300.972,0.000377
1679,0.02562309,0.02950941,0.176,301.155,0.000376
1680,0.02566230,0.02947646,0.173,301.336,0.000375
1681,0.02561984,0.02954506,0.173,301.517,0.000374
1682,0.02560621,0.02960571,0.173,301.697,0.000373
1683,0.02568558,0.02951680,0.171,301.875,0.000373
1684,0.02558602,0.02948119,0.171,302.054,0.000372
1685,0.02560539,0.02956087,0.172,302.233,0.000371
1686,0.02558752,0.02953540,0.179,302.419,0.000370
1687,0.02561614,0.02951739,0.176,302.602,0.000369
1688,0.02559258,0.02948185,0.174,302.784,0.000369
1689,0.02554506,0.02948132,0.174,302.965,0.000368
1690,0.02550396,0.02952832,0.174,303.146,0.000367
1691,0.02549228,0.02955022,0.173,303.327,0.000366
1692,0.02549989,0.02954228,0.173,303.507,0.000365
1693,0.02544666,0.02951687,0.173,303.687,0.000365
1694,0.02543695,0.02952240,0.173,303.867,0.000364
1695,0.02541312,0.02958265,0.172,304.047,0.000363
1696,0.02540684,0.02948795,0.173,304.228,0.000362
1697,0.02542190,0.02957321,0.178,304.413,0.000361
1698,0.02542350,0.02964019,0.172,304.593,0.000361
1699,0.02552825,0.02967430,0.173,304.774,0.000360
1700,0.02553584,0.02963322,0.173,304.954,0.000359
1701,0.02563283,0.02966881,0.173,305.135,0.000358
1702,0.02558850,0.02953778,0.173,305.315,0.000358
1703,0.02549971,0.02955566,0.173,305.496,0.000357
1704,0.02543825,0.02954667,0.173,305.676,0.000356
1705,0.02540200,0.02960651,0.173,305.856,0.000355
1706,0.02543550,0.02958092,0.173,306.036,0.000354
1707,0.02543340,0.02956928,0.180,306.223,0.000354
1708,0.02538962,0.02954971,0.175,306.406,0.000353
1709,0.02536860,0.02954081,0.173,306.586,0.000352
1710,0.02535307,0.02957412,0.173,306.766,0.000351
1711,0.02533625,0.02960120,0.173,306.946,0.000350
1712,0.02531633,0.02963232,0.172,307.125,0.000350
1713,0.02533239,0.02963474,0.171,307.304,0.000349
1714,0.02531285,0.02970933,0.171,307.482,0.000348
1715,0.02530346,0.02965299,0.172,307.662,0.000347
1716,0.02535210,0.02969466,0.170,307.839,0.000346
1717,0.02542912,0.02970694,0.172,308.018,0.000346
1718,0.02540666,0.02964960,0.172,308.197,0.000345
1719,0.02537801,0.02973069,0.172,308.376,0.000344
1720,0.02535135,0.02973323,0.171,308.555,0.000343
1721,0.02538864,0.02973459,0.171,308.733,0.000343
1722,0.02536200,0.02967659,0.170,308.911,0.000342
1723,0.02541669,0.02961389,0.171,309.089,0.000341
1724,0.02546085,0.02973172,0.170,309.267,0.000340
1725,0.02549170,0.02968824,0.170,309.444,0.000339
1726,0.02545631,0.02963827,0.171,309.623,0.000339
1727,0.02543591,0.02963186,0.176,309.806,0.000338
1728,0.02547442,0.02964661,0.171,309.984,0.000337
1729,0.02541832,0.02957364,0.171,310.162,0.000336
1730,0.02534403,0.02960713,0.170,310.340,0.000336
1731,0.02530705,0.02956220,0.170,310.518,0.000335
1732,0.02532075,0.02949475,0.171,310.696,0.000334
1733,0.02535589,0.02956620,0.171,310.874,0.000333
1734,0.02533100,0.02963031,0.170,311.052,0.000332
1735,0.02531236,0.02961792,0.170,311.229,0.000332
1736,0.02531976,0.02957548,0.170,311.406,0.000331
1737,0.02526709,0.02959894,0.179,311.593,0.000330
1738,0.02526225,0.02957130,0.171,311.770,0.000329
1739,0.02524333,0.02958419,0.172,311.950,0.000329
1740,0.02525968,0.02959476,0.170,312.128,0.000328
1741,0.02519554,0.02956519,0.171,312.306,0.000327
1742,0.02523622,0.02956495,0.171,312.485,0.000326
1743,0.02525527,0.02953168,0.171,312.663,0.000326
1744,0.02527808,0.02949148,0.170,312.840,0.000325
1745,0.02520752,0.02958056,0.169,313.017,0.000324
1746,0.02521063,0.02959557,0.170,313.195,0.000323
1747,0.02516829,0.02956998,0.171,313.373,0.000323
1748,0.02514100,0.02955277,0.170,313.550,0.000322
1749,0.02516523,0.02955609,0.170,313.727,0.000321
1750,0.02513339,0.02953269,0.171,313.906,0.000320
1751,0.02516607,0.02960275,0.171,314.083,0.000319
1752,0.02523413,0.02959432,0.170,314.261,0.000319
1753,0.02520557,0.02960888,0.170,314.439,0.000318
1754,0.02521823,0.02961831,0.171,314.617,0.000317
1755,0.02521562,0.02962950,0.170,314.795,0.000316
1756,0.02524487,0.02965537,0.171,314.973,0.000316
1757,0.02530408,0.02958457,0.171,315.151,0.000315
1758,0.02525380,0.02957229,0.171,315.329,0.000314
1759,0.02532134,0.02961828,0.170,315.506,0.000313
1760,0.02525536,0.02968227,0.171,315.684,0.000313
1761,0.02520964,0.02955177,0.170,315.861,0.000312
1762,0.02530136,0.02964609,0.170,316.038,0.000311
1763,0.02526914,0.02965578,0.170,316.216,0.000310
1764,0.02516577,0.02964667,0.170,316.394,0.000310
1765,0.02522033,0.02969076,0.171,316.572,0.000309
1766,0.02529326,0.02970569,0.171,316.751,0.000308
1767,0.02527194,0.02969767,0.171,316.928,0.000307
1768,0.02524232,0.02966843,0.170,317.106,0.000307
1769,0.02522699,0.02966202,0.171,317.284,0.000306
1770,0.02522107,0.02970927,0.170,317.462,0.000305
1771,0.02521903,0.02968097,0.171,317.640,0.000304
1772,0.02522233,0.02971017,0.172,317.819,0.000304
1773,0.02523292,0.02961911,0.171,317.997,0.000303
1774,0.02531859,0.02968576,0.173,318.177,0.000302
1775,0.02529604,0.02966044,0.171,318.356,0.000301
1776,0.02520140,0.02967580,0.170,318.533,0.000301
1777,0.02528484,0.02962303,0.173,318.714,0.000300
1778,0.02525441,0.02963227,0.171,318.893,0.000299
1779,0.02521197,0.02966321,0.171,319.071,0.000298
1780,0.02523712,0.02967379,0.171,319.249,0.000298
1781,0.02518961,0.02965621,0.170,319.427,0.000297
1782,0.02514881,0.02970842,0.171,319.606,0.000296
1783,0.02524065,0.02975478,0.171,319.784,0.000296
1784,0.02520921,0.02970827,0.170,319.961,0.000295
1785,0.02513871,0.02971589,0.171,320.139,0.000294
1786,0.02511883,0.02968248,0.170,320.317,0.000293
1787,0.02504916,0.02973597,0.171,320.494,0.000293
1788,0.02510354,0.02965718,0.170,320.672,0.000292
1789,0.02518463,0.02973887,0.171,320.850,0.000291
1790,0.02527075,0.02981346,0.171,321.028,0.000290
1791,0.02532498,0.02970896,0.170,321.206,0.000290
1792,0.02534729,0.02972311,0.170,321.383,0.000289
1793,0.02530292,0.02980137,0.171,321.561,0.000288
1794,0.02528794,0.02972899,0.170,321.738,0.000287
1795,0.02525198,0.02976787,0.170,321.916,0.000287
1796,0.02522942,0.02975209,0.171,322.094,0.000286
1797,0.02519236,0.02974565,0.171,322.272,0.000285
1798,0.02522163,0.02973622,0.171,322.451,0.000285
1799,0.02521766,0.02975257,0.171,322.629,0.000284
1800,0.02513592,0.02971726,0.170,322.806,0.000283
1801,0.02515544,0.02970240,0.171,322.984,0.000282
1802,0.02510315,0.02972884,0.170,323.162,0.000282
1803,0.02506435,0.02972433,0.171,323.340,0.000281
1804,0.02507716,0.02979145,0.170,323.518,0.000280
1805,0.02510456,0.02975846,0.171,323.695,0.000279
1806,0.02508664,0.02975348,0.171,323.873,0.000279
1807,0.02506570,0.02971066,0.170,324.051,0.000278
1808,0.02505743,0.02971257,0.171,324.229,0.000277
1809,0.02507449,0.02980891,0.170,324.407,0.000277
1810,0.02503589,0.02978041,0.170,324.583,0.000276
1811,0.02500015,0.02980322,0.171,324.762,0.000275
1812,0.02513960,0.02978183,0.170,324.940,0.000274
1813,0.02521722,0.02974836,0.171,325.118,0.000274
1814,0.02519129,0.02982958,0.171,325.296,0.000273
1815,0.02528253,0.02986626,0.170,325.474,0.000272
1816,0.02522134,0.02986671,0.171,325.652,0.000272
1817,0.02518403,0.02980478,0.171,325.830,0.000271
1818,0.02518246,0.02978153,0.171,326.008,0.000270
1819,0.02514772,0.02977746,0.171,326.186,0.000269
1820,0.02512951,0.02986732,0.171,326.365,0.000269
1821,0.02510177,0.02979081,0.170,326.542,0.000268
1822,0.02511996,0.02982386,0.170,326.720,0.000267
1823,0.02516245,0.02981804,0.171,326.898,0.000267
1824,0.02526715,0.02977431,0.170,327.075,0.000266
1825,0.02536216,0.02984141,0.171,327.254,0.000265
1826,0.02540635,0.02978651,0.169,327.430,0.000265
1827,0.02539505,0.02978577,0.171,327.608,0.000264
1828,0.02532917,0.02978997,0.170,327.786,0.000263
1829,0.02530776,0.02977860,0.170,327.963,0.000262
1830,0.02525912,0.02979750,0.171,328.142,0.000262
1831,0.02521370,0.02982304,0.170,328.319,0.000261
1832,0.02517841,0.02973927,0.170,328.496,0.000260
1833,0.02512139,0.02974509,0.172,328.675,0.000260
1834,0.02510385,0.02977237,0.171,328.854,0.000259
1835,0.02509734,0.02975150,0.176,329.037,0.000258
1836,0.02509700,0.02977838,0.177,329.222,0.000257
1837,0.02507720,0.02977238,0.177,329.407,0.000257
1838,0.02510832,0.02976059,0.176,329.590,0.000256
1839,0.02506394,0.02975027,0.171,329.769,0.000255
1840,0.02500051,0.02975971,0.171,329.947,0.000255
1841,0.02499639,0.02969202,0.171,330.125,0.000254
1842,0.02499702,0.02973358,0.171,330.304,0.000253
1843,0.02499027,0.02970640,0.171,330.482,0.000253
1844,0.02494466,0.02975793,0.171,330.660,0.000252
1845,0.02498812,0.02977601,0.170,330.837,0.000251
1846,0.02496474,0.02973574,0.170,331.015,0.000251
1847,0.02496941,0.02974803,0.171,331.193,0.000250
1848,0.02493468,0.02975775,0.170,331.370,0.000249
1849,0.02499609,0.02982110,0.171,331.548,0.000248
1850,0.02495638,0.02979998,0.171,331.726,0.000248
1851,0.02492048,0.02977756,0.172,331.905,0.000247
1852,0.02487565,0.02975387,0.172,332.085,0.000246
1853,0.02486157,0.02972962,0.173,332.265,0.000246
1854,0.02488577,0.02975350,0.173,332.445,0.000245
1855,0.02484763,0.02972506,0.173,332.625,0.000244
1856,0.02483176,0.02970983,0.173,332.806,0.000244
1857,0.02481266,0.02980250,0.173,332.986,0.000243
1858,0.02481491,0.02978126,0.172,333.165,0.000242
1859,0.02477280,0.02977957,0.171,333.343,0.000242
1860,0.02482980,0.02976076,0.170,333.521,0.000241
1861,0.02484585,0.02981596,0.171,333.700,0.000240
1862,0.02485259,0.02971184,0.171,333.878,0.000240
1863,0.02478454,0.02974210,0.171,334.056,0.000239
1864,0.02478085,0.02974431,0.171,334.234,0.000238
1865,0.02482404,0.02968773,0.171,334.412,0.000238
1866,0.02482681,0.02979270,0.170,334.590,0.000237
1867,0.02486240,0.02971069,0.171,334.768,0.000236
1868,0.02481220,0.02973398,0.171,334.947,0.000236
1869,0.02480164,0.02975914,0.170,335.125,0.000235
1870,0.02473928,0.02983404,0.171,335.303,0.000234
1871,0.02474435,0.02974664,0.170,335.480,0.000234
1872,0.02472108,0.02976068,0.170,335.658,0.000233
1873,0.02470272,0.02973161,0.171,335.837,0.000232
1874,0.02468044,0.02978803,0.170,336.015,0.000232
1875,0.02472608,0.02977763,0.171,336.193,0.000231
1876,0.02471688,0.02976599,0.170,336.371,0.000230
1877,0.02474315,0.02972214,0.171,336.549,0.000230
1878,0.02477447,0.02976434,0.171,336.727,0.000229
1879,0.02476144,0.02974088,0.170,336.904,0.000228
1880,0.02474134,0.02972074,0.170,337.082,0.000228
1881,0.02468774,0.02972628,0.170,337.259,0.000227
1882,0.02465009,0.02971730,0.170,337.437,0.000226
1883,0.02463653,0.02970414,0.171,337.615,0.000226
1884,0.02462086,0.02977505,0.170,337.792,0.000225
1885,0.02460816,0.02976039,0.170,337.970,0.000224
1886,0.02458329,0.02975560,0.172,338.149,0.000224
1887,0.02458189,0.02969720,0.170,338.326,0.000223
1888,0.02454424,0.02971721,0.171,338.504,0.000222
1889,0.02455220,0.02976374,0.170,338.681,0.000222
1890,0.02454492,0.02973179,0.170,338.859,0.000221
1891,0.02457788,0.02978194,0.171,339.037,0.000220
1892,0.02454958,0.02978180,0.171,339.215,0.000220
1893,0.02453617,0.02982860,0.171,339.393,0.000219
1894,0.02455263,0.02983061,0.170,339.570,0.000218
1895,0.02459641,0.02980342,0.170,339.748,0.000218
1896,0.02455260,0.02978306,0.170,339.925,0.000217
1897,0.02456937,0.02978416,0.171,340.104,0.000216
1898,0.02458645,0.02978487,0.170,340.281,0.000216
1899,0.02458074,0.02983961,0.171,340.460,0.000215
1900,0.02456072,0.02978161,0.170,340.637,0.000215
1901,0.02459192,0.02978573,0.170,340.815,0.000214
1902,0.02459080,0.02979448,0.170,340.993,0.000213
1903,0.02455267,0.02976267,0.171,341.171,0.000213
1904,0.02451847,0.02980699,0.170,341.349,0.000212
1905,0.02454319,0.02979125,0.170,341.526,0.000211
1906,0.02456906,0.02981797,0.170,341.704,0.000211
1907,0.02455244,0.02981074,0.171,341.882,0.000210
1908,0.02451945,0.02986501,0.170,342.060,0.000209
1909,0.02453452,0.02986920,0.171,342.238,0.000209
1910,0.02455524,0.02980851,0.171,342.417,0.000208
1911,0.02457459,0.02983750,0.171,342.595,0.000207
1912,0.02457471,0.02983492,0.170,342.772,0.000207
1913,0.02454967,0.02983762,0.171,342.950,0.000206
1914,0.02460613,0.02985817,0.170,343.127,0.000206
1915,0.02457388,0.02977246,0.171,343.306,0.000205
1916,0.02455627,0.02988320,0.170,343.483,0.000204
1917,0.02455465,0.02983249,0.171,343.661,0.000204
1918,0.02455091,0.02984503,0.171,343.839,0.000203
1919,0.02461952,0.02978566,0.178,344.025,0.000202
1920,0.02453132,0.02982459,0.171,344.203,0.000202
1921,0.02447600,0.02986360,0.171,344.381,0.000201
1922,0.02443171,0.02985629,0.171,344.559,0.000201
1923,0.02445286,0.02980289,0.171,344.738,0.000200
1924,0.02442827,0.02982554,0.172,344.917,0.000199
1925,0.02441551,0.02984109,0.170,345.094,0.000199
1926,0.02439916,0.02981503,0.171,345.273,0.000198
1927,0.02446511,0.02981400,0.170,345.450,0.000197
1928,0.02453006,0.02985802,0.173,345.630,0.000197
1929,0.02456534,0.02982822,0.171,345.809,0.000196
1930,0.02448931,0.02980601,0.171,345.987,0.000196
1931,0.02442677,0.02977965,0.171,346.165,0.000195
1932,0.02443905,0.02979376,0.171,346.343,0.000194
1933,0.02446210,0.02986286,0.171,346.522,0.000194
1934,0.02441634,0.02985658,0.171,346.700,0.000193
1935,0.02442567,0.02987876,0.171,346.878,0.000192
1936,0.02443418,0.02988563,0.171,347.056,0.000192
1937,0.02442481,0.02981828,0.170,347.233,0.000191
1938,0.02441062,0.02985844,0.171,347.411,0.000191
1939,0.02443523,0.02986583,0.171,347.590,0.000190
1940,0.02442676,0.02977018,0.170,347.767,0.000189
1941,0.02442351,0.02984511,0.171,347.945,0.000189
1942,0.02439440,0.02981004,0.171,348.124,0.000188
1943,0.02442979,0.02983908,0.170,348.301,0.000188
1944,0.02438635,0.02981906,0.170,348.479,0.000187
1945,0.02445402,0.02983620,0.171,348.657,0.000186
1946,0.02448762,0.02982663,0.170,348.834,0.000186
1947,0.02442766,0.02982285,0.171,349.012,0.000185
1948,0.02440203,0.02982949,0.170,349.190,0.000185
1949,0.02445412,0.02983687,0.170,349.368,0.000184
1950,0.02444851,0.02983739,0.171,349.545,0.000183
1951,0.02449433,0.02988781,0.171,349.723,0.000183
1952,0.02446997,0.02982708,0.170,349.901,0.000182
1953,0.02439212,0.02984625,0.171,350.079,0.000182
1954,0.02441965,0.02987512,0.171,350.257,0.000181
1955,0.02440050,0.02983090,0.171,350.435,0.000180
1956,0.02445373,0.02986730,0.170,350.612,0.000180
1957,0.02438026,0.02984220,0.171,350.791,0.000179
1958,0.02435810,0.02977611,0.171,350.969,0.000179
1959,0.02435962,0.02982104,0.171,351.147,0.000178
1960,0.02433431,0.02983188,0.170,351.325,0.000177
1961,0.02437359,0.02985351,0.170,351.502,0.000177
1962,0.02434764,0.02991374,0.170,351.680,0.000176
1963,0.02438174,0.02987128,0.171,351.858,0.000176
1964,0.02440069,0.02991934,0.170,352.035,0.000175
1965,0.02437437,0.02985002,0.170,352.213,0.000174
1966,0.02437083,0.02984570,0.171,352.391,0.000174
1967,0.02442385,0.02988690,0.171,352.569,0.000173
1968,0.02443270,0.02988897,0.171,352.747,0.000173
1969,0.02440140,0.02986393,0.171,352.926,0.000172
1970,0.02432692,0.02983420,0.170,353.103,0.000172
1971,0.02430248,0.02980815,0.171,353.282,0.000171
1972,0.02434471,0.02987675,0.171,353.459,0.000170
1973,0.02431625,0.02989067,0.171,353.637,0.000170
1974,0.02428171,0.02988223,0.171,353.815,0.000169
1975,0.02426412,0.02990465,0.171,353.993,0.000169
1976,0.02427874,0.02989292,0.170,354.171,0.000168
1977,0.02429632,0.02990713,0.171,354.349,0.000167
1978,0.02429448,0.02989738,0.170,354.526,0.000167
1979,0.02427576,0.02982029,0.171,354.704,0.000166
1980,0.02425401,0.02988115,0.171,354.882,0.000166
1981,0.02425637,0.02987964,0.171,355.060,0.000165
1982,0.02425307,0.02982903,0.172,355.240,0.000165
1983,0.02424696,0.02990025,0.170,355.417,0.000164
1984,0.02425518,0.02991339,0.170,355.594,0.000163
1985,0.02426999,0.02990415,0.171,355.773,0.000163
1986,0.02429102,0.02991770,0.170,355.949,0.000162
1987,0.02427675,0.02991170,0.171,356.128,0.000162
1988,0.02426790,0.02989554,0.170,356.305,0.000161
1989,0.02428026,0.02996677,0.170,356.483,0.000161
1990,0.02428402,0.02992208,0.171,356.661,0.000160
1991,0.02429496,0.02991335,0.171,356.840,0.000160
1992,0.02427300,0.02991768,0.171,357.018,0.000159
1993,0.02425363,0.02992683,0.171,357.196,0.000158
1994,0.02424414,0.02988255,0.170,357.373,0.000158
1995,0.02421897,0.02989539,0.171,357.551,0.000157
1996,0.02420431,0.02992606,0.170,357.729,0.000157
1997,0.02419617,0.02990629,0.170,357.906,0.000156
1998,0.02419464,0.02990190,0.171,358.085,0.000156
1999,0.02418012,0.02994413,0.171,358.262,0.000155
2000,0.02416682,0.02993028,0.170,358.440,0.000154
2001,0.02416274,0.02995361,0.171,358.618,0.000154
2002,0.02415950,0.02996862,0.171,358.795,0.000153
2003,0.02414516,0.02997647,0.171,358.974,0.000153
2004,0.02413312,0.02998888,0.170,359.151,0.000152
2005,0.02412696,0.02992808,0.171,359.330,0.000152
2006,0.02414677,0.02995937,0.171,359.508,0.000151
2007,0.02419086,0.02996358,0.171,359.686,0.000151
2008,0.02415820,0.02998450,0.171,359.864,0.000150
2009,0.02413674,0.02997117,0.171,360.042,0.000150
2010,0.02412173,0.02998898,0.170,360.220,0.000149
2011,0.02414065,0.02996205,0.171,360.398,0.000148
2012,0.02416227,0.02999366,0.171,360.576,0.000148
2013,0.02417164,0.03000231,0.171,360.754,0.000147
2014,0.02417913,0.02993237,0.171,360.933,0.000147
2015,0.02413296,0.02997190,0.170,361.110,0.000146
2016,0.02416276,0.02995620,0.170,361.288,0.000146
2017,0.02414973,0.02996628,0.171,361.466,0.000145
2018,0.02416399,0.02993431,0.170,361.643,0.000145
2019,0.02414377,0.02993825,0.171,361.821,0.000144
2020,0.02414877,0.02999545,0.170,361.999,0.000144
2021,0.02416158,0.02999112,0.171,362.177,0.000143
2022,0.02412193,0.02998256,0.170,362.355,0.000143
2023,0.02421825,0.02996851,0.170,362.532,0.000142
2024,0.02423077,0.02995844,0.170,362.710,0.000141
2025,0.02422423,0.02999074,0.170,362.887,0.000141
2026,0.02427544,0.03000519,0.171,363.065,0.000140
2027,0.02423485,0.02996795,0.171,363.243,0.000140
2028,0.02420785,0.03004780,0.170,363.421,0.000139
2029,0.02418005,0.03000387,0.171,363.600,0.000139
2030,0.02414060,0.02998314,0.171,363.778,0.000138
2031,0.02412890,0.02998443,0.171,363.956,0.000138
2032,0.02412802,0.03004457,0.170,364.133,0.000137
2033,0.02409541,0.02999806,0.170,364.311,0.000137
2034,0.02408532,0.02997890,0.176,364.495,0.000136
2035,0.02408992,0.03001220,0.171,364.673,0.000136
2036,0.02411294,0.03001670,0.171,364.851,0.000135
2037,0.02412129,0.02996345,0.171,365.029,0.000135
2038,0.02412761,0.03002547,0.171,365.207,0.000134
2039,0.02415673,0.03000525,0.170,365.384,0.000134
2040,0.02414301,0.03001677,0.170,365.562,0.000133
2041,0.02411976,0.03000255,0.170,365.739,0.000133
2042,0.02411274,0.03000490,0.171,365.917,0.000132
2043,0.02412673,0.03001641,0.171,366.095,0.000132
2044,0.02410976,0.03004767,0.171,366.273,0.000131
2045,0.02404941,0.03000976,0.171,366.451,0.000131
2046,0.02405947,0.03000603,0.171,366.630,0.000130
2047,0.02407019,0.02998300,0.170,366.807,0.000130
2048,0.02406929,0.03002003,0.171,366.985,0.000129
2049,0.02410896,0.03002918,0.170,367.162,0.000128
2050,0.02412163,0.03000766,0.171,367.341,0.000128
2051,0.02411786,0.03005437,0.170,367.518,0.000127
2052,0.02412020,0.03000682,0.171,367.696,0.000127
2053,0.02411044,0.03001675,0.171,367.874,0.000126
2054,0.02412949,0.03003553,0.171,368.052,0.000126
2055,0.02411460,0.03006942,0.171,368.231,0.000125
2056,0.02412978,0.03007583,0.170,368.408,0.000125
2057,0.02411766,0.03002201,0.170,368.585,0.000124
2058,0.02410175,0.03003271,0.171,368.763,0.000124
2059,0.02407944,0.03005828,0.170,368.941,0.000123
2060,0.02406515,0.03004371,0.170,369.118,0.000123
2061,0.02403348,0.03001094,0.171,369.296,0.000122
2062,0.02402776,0.02999889,0.171,369.474,0.000122
2063,0.02404109,0.02999814,0.170,369.651,0.000121
2064,0.02402120,0.03004782,0.170,369.829,0.000121
2065,0.02402138,0.02998557,0.178,370.015,0.000121
2066,0.02401516,0.03001481,0.172,370.193,0.000120
2067,0.02400538,0.03000572,0.171,370.372,0.000120
2068,0.02401415,0.03001320,0.170,370.549,0.000119
2069,0.02399473,0.03001992,0.171,370.727,0.000119
2070,0.02400154,0.03001168,0.172,370.907,0.000118
2071,0.02396776,0.03003124,0.170,371.085,0.000118
2072,0.02396551,0.03004862,0.170,371.263,0.000117
2073,0.02399475,0.03002351,0.170,371.440,0.000117
2074,0.02399677,0.03005132,0.171,371.619,0.000116
2075,0.02399097,0.03005332,0.170,371.796,0.000116
2076,0.02396228,0.03003158,0.171,371.975,0.000115
2077,0.02394363,0.03001943,0.171,372.153,0.000115
2078,0.02392462,0.03005389,0.171,372.332,0.000114
2079,0.02391130,0.03004711,0.170,372.509,0.000114
2080,0.02391040,0.03003306,0.170,372.687,0.000113
2081,0.02393873,0.03003736,0.170,372.864,0.000113
2082,0.02392278,0.03005357,0.171,373.043,0.000112
2083,0.02394703,0.03001954,0.171,373.221,0.000112
2084,0.02393609,0.03002152,0.171,373.399,0.000111
2085,0.02392195,0.03003483,0.171,373.577,0.000111
2086,0.02394666,0.03004574,0.171,373.755,0.000110
2087,0.02393112,0.03003277,0.171,373.933,0.000110
2088,0.02393699,0.03001335,0.170,374.111,0.000109
2089,0.02392266,0.03003291,0.170,374.288,0.000109
2090,0.02389065,0.03005683,0.171,374.466,0.000109
2091,0.02389444,0.03001985,0.171,374.644,0.000108
2092,0.02388744,0.03002406,0.171,374.822,0.000108
2093,0.02388756,0.03004669,0.171,375.000,0.000107
2094,0.02390665,0.03003470,0.171,375.178,0.000107
2095,0.02392038,0.03004833,0.171,375.356,0.000106
2096,0.02389573,0.03007222,0.170,375.534,0.000106
2097,0.02389198,0.03006340,0.170,375.711,0.000105
2098,0.02389953,0.03005521,0.171,375.890,0.000105
2099,0.02389471,0.03009949,0.171,376.068,0.000104
2100,0.02386896,0.03008917,0.171,376.246,0.000104
2101,0.02386460,0.03005349,0.171,376.424,0.000103
2102,0.02385466,0.03005620,0.171,376.602,0.000103
2103,0.02384205,0.03008050,0.170,376.779,0.000103
2104,0.02383656,0.03006092,0.170,376.957,0.000102
2105,0.02384868,0.03010099,0.170,377.134,0.000102
2106,0.02382825,0.03008715,0.171,377.312,0.000101
2107,0.02385810,0.03007869,0.170,377.490,0.000101
2108,0.02384103,0.03011535,0.170,377.667,0.000100
2109,0.02384974,0.03010626,0.171,377.845,0.000100
2110,0.02384636,0.03012363,0.171,378.023,0.000099
2111,0.02390462,0.03013518,0.170,378.200,0.000099
2112,0.02392709,0.03010816,0.170,378.378,0.000099
2113,0.02390983,0.03009682,0.170,378.555,0.000098
2114,0.02391359,0.03014136,0.171,378.733,0.000098
2115,0.02392275,0.03009723,0.171,378.911,0.000097
2116,0.02389218,0.03013544,0.171,379.089,0.000097
2117,0.02388738,0.03013983,0.170,379.267,0.000096
2118,0.02390818,0.03014049,0.171,379.445,0.000096
2119,0.02389286,0.03010185,0.170,379.622,0.000095
2120,0.02386938,0.03010218,0.171,379.800,0.000095
2121,0.02384535,0.03007324,0.170,379.978,0.000095
2122,0.02383365,0.03007930,0.171,380.156,0.000094
2123,0.02382796,0.03005635,0.171,380.334,0.000094
2124,0.02384498,0.03006960,0.171,380.512,0.000093
2125,0.02384322,0.03014067,0.171,380.691,0.000093
2126,0.02382081,0.03010857,0.170,380.868,0.000092
2127,0.02381588,0.03012507,0.170,381.046,0.000092
2128,0.02380785,0.03011634,0.170,381.224,0.000092
2129,0.02382201,0.03011418,0.171,381.401,0.000091
2130,0.02383533,0.03013513,0.171,381.580,0.000091
2131,0.02382895,0.03014047,0.170,381.757,0.000090
2132,0.02381094,0.03009986,0.171,381.935,0.000090
2133,0.02381026,0.03012818,0.171,382.113,0.000089
2134,0.02380901,0.03011614,0.171,382.291,0.000089
2135,0.02380035,0.03018736,0.170,382.468,0.000089
2136,0.02376769,0.03015426,0.170,382.646,0.000088
2137,0.02377798,0.03016325,0.171,382.824,0.000088
2138,0.02376719,0.03015240,0.170,383.001,0.000087
2139,0.02376732,0.03011242,0.171,383.180,0.000087
2140,0.02376551,0.03014069,0.171,383.358,0.000087
2141,0.02376998,0.03016507,0.171,383.535,0.000086
2142,0.02376554,0.03015717,0.171,383.714,0.000086
2143,0.02376030,0.03015959,0.170,383.892,0.000085
2144,0.02375781,0.03015766,0.170,384.069,0.000085
2145,0.02376478,0.03016586,0.170,384.247,0.000085
2146,0.02376020,0.03013773,0.171,384.425,0.000084
2147,0.02376848,0.03012900,0.171,384.603,0.000084
2148,0.02374010,0.03012249,0.172,384.782,0.000083
2149,0.02375413,0.03015667,0.170,384.960,0.000083
2150,0.02372448,0.03011371,0.171,385.138,0.000082
2151,0.02374065,0.03015190,0.170,385.315,0.000082
2152,0.02373227,0.03014894,0.170,385.493,0.000082
2153,0.02372721,0.03017809,0.170,385.670,0.000081
2154,0.02372598,0.03017755,0.172,385.849,0.000081
2155,0.02375177,0.03015267,0.170,386.027,0.000080
2156,0.02374021,0.03015521,0.173,386.207,0.000080
2157,0.02372608,0.03014992,0.173,386.387,0.000080
2158,0.02371734,0.03012539,0.172,386.567,0.000079
2159,0.02372088,0.03011893,0.172,386.747,0.000079
2160,0.02370810,0.03015272,0.170,386.924,0.000079
2161,0.02371833,0.03015660,0.171,387.102,0.000078
2162,0.02371840,0.03013809,0.170,387.279,0.000078
2163,0.02371341,0.03016803,0.171,387.458,0.000077
2164,0.02372128,0.03016646,0.171,387.637,0.000077
2165,0.02370106,0.03018681,0.172,387.816,0.000077
2166,0.02369839,0.03018704,0.171,387.994,0.000076
2167,0.02371000,0.03017643,0.172,388.173,0.000076
2168,0.02370663,0.03019002,0.172,388.352,0.000075
2169,0.02370377,0.03019119,0.172,388.531,0.000075
2170,0.02367455,0.03017795,0.172,388.710,0.000075
2171,0.02371536,0.03017434,0.171,388.889,0.000074
2172,0.02371917,0.03017374,0.171,389.067,0.000074
2173,0.02370360,0.03019878,0.171,389.246,0.000073
2174,0.02371593,0.03016973,0.172,389.425,0.000073
2175,0.02368541,0.03022195,0.170,389.603,0.000073
2176,0.02369687,0.03022017,0.170,389.780,0.000072
2177,0.02368071,0.03018282,0.171,389.959,0.000072
2178,0.02370213,0.03017414,0.172,390.138,0.000072
2179,0.02370586,0.03021517,0.171,390.316,0.000071
2180,0.02369436,0.03017206,0.171,390.494,0.000071
2181,0.02369245,0.03016980,0.171,390.673,0.000071
2182,0.02366936,0.03017453,0.171,390.851,0.000070
2183,0.02365914,0.03017081,0.172,391.030,0.000070
2184,0.02366560,0.03018708,0.170,391.208,0.000069
2185,0.02366510,0.03019883,0.170,391.385,0.000069
2186,0.02364792,0.03019566,0.172,391.565,0.000069
2187,0.02365226,0.03019498,0.171,391.743,0.000068
2188,0.02362649,0.03018966,0.171,391.921,0.000068
2189,0.02364214,0.03021309,0.171,392.099,0.000068
2190,0.02364775,0.03020989,0.171,392.278,0.000067
2191,0.02361861,0.03018796,0.170,392.456,0.000067
2192,0.02363946,0.03020877,0.171,392.634,0.000067
2193,0.02362309,0.03019710,0.170,392.811,0.000066
2194,0.02363279,0.03020793,0.171,392.989,0.000066
2195,0.02363768,0.03020419,0.171,393.167,0.000065
2196,0.02361644,0.03020488,0.171,393.345,0.000065
2197,0.02361158,0.03018756,0.171,393.523,0.000065
2198,0.02361205,0.03019790,0.171,393.701,0.000064
2199,0.02361925,0.03021319,0.170,393.879,0.000064
2200,0.02359622,0.03021238,0.170,394.057,0.000064
2201,0.02360340,0.03021595,0.171,394.235,0.000063
2202,0.02360481,0.03020441,0.171,394.413,0.000063
2203,0.02360254,0.03019138,0.171,394.591,0.000063
2204,0.02359093,0.03022115,0.171,394.769,0.000062
2205,0.02360613,0.03021888,0.171,394.947,0.000062
2206,0.02359616,0.03023263,0.171,395.125,0.000062
2207,0.02360012,0.03022293,0.171,395.304,0.000061
2208,0.02357078,0.03022004,0.179,395.490,0.000061
2209,0.02358231,0.03021711,0.172,395.669,0.000061
2210,0.02359379,0.03021628,0.172,395.847,0.000060
2211,0.02358724,0.03021937,0.172,396.027,0.000060
2212,0.02358144,0.03020983,0.171,396.205,0.000060
2213,0.02357104,0.03022085,0.172,396.385,0.000059
2214,0.02357380,0.03020912,0.172,396.564,0.000059
2215,0.02357180,0.03022115,0.170,396.742,0.000059
2216,0.02357485,0.03021458,0.170,396.919,0.000058
2217,0.02358217,0.03022461,0.170,397.096,0.000058
2218,0.02358254,0.03023052,0.170,397.273,0.000058
2219,0.02357359,0.03022685,0.171,397.451,0.000057
2220,0.02356443,0.03021508,0.171,397.630,0.000057
2221,0.02357395,0.03023970,0.172,397.809,0.000057
2222,0.02355497,0.03023583,0.171,397.987,0.000056
2223,0.02355249,0.03022831,0.170,398.164,0.000056
2224,0.02356493,0.03023785,0.171,398.342,0.000056
2225,0.02355776,0.03024817,0.170,398.520,0.000055
2226,0.02357075,0.03023611,0.171,398.699,0.000055
2227,0.02355945,0.03023013,0.170,398.876,0.000055
2228,0.02356456,0.03024817,0.172,399.055,0.000054
2229,0.02354502,0.03022999,0.171,399.234,0.000054
2230,0.02354310,0.03023463,0.181,399.422,0.000054
2231,0.02355453,0.03025155,0.177,399.606,0.000053
2232,0.02354343,0.03022820,0.178,399.791,0.000053
2233,0.02354680,0.03022485,0.175,399.973,0.000053
2234,0.02353402,0.03024693,0.174,400.154,0.000052
2235,0.02354263,0.03024201,0.172,400.334,0.000052
2236,0.02353823,0.03023912,0.172,400.513,0.000052
2237,0.02355124,0.03023594,0.173,400.693,0.000052
2238,0.02354786,0.03025081,0.172,400.872,0.000051
2239,0.02355264,0.03026727,0.171,401.051,0.000051
2240,0.02354117,0.03023910,0.174,401.233,0.000051
2241,0.02353396,0.03024206,0.170,401.411,0.000050
2242,0.02352945,0.03024990,0.172,401.590,0.000050
2243,0.02353814,0.03024785,0.182,401.780,0.000050
2244,0.02355164,0.03023845,0.174,401.961,0.000049
2245,0.02356170,0.03028565,0.172,402.140,0.000049
2246,0.02355572,0.03026412,0.174,402.321,0.000049
2247,0.02355554,0.03025172,0.171,402.499,0.000048
2248,0.02354845,0.03024762,0.172,402.679,0.000048
2249,0.02358142,0.03025566,0.173,402.860,0.000048
2250,0.02359324,0.03028275,0.173,403.041,0.000048
2251,0.02356061,0.03028187,0.174,403.222,0.000047
2252,0.02355151,0.03027636,0.173,403.402,0.000047
2253,0.02355342,0.03025717,0.175,403.586,0.000047
2254,0.02355215,0.03027404,0.176,403.769,0.000046
2255,0.02354884,0.03026055,0.173,403.950,0.000046
2256,0.02355534,0.03024429,0.172,404.130,0.000046
2257,0.02353702,0.03027975,0.173,404.310,0.000046
2258,0.02353038,0.03023451,0.173,404.490,0.000045
2259,0.02354652,0.03023411,0.174,404.671,0.000045
2260,0.02354001,0.03024989,0.174,404.852,0.000045
2261,0.02356679,0.03023518,0.172,405.032,0.000044
2262,0.02356850,0.03025640,0.172,405.211,0.000044
2263,0.02356688,0.03023703,0.174,405.392,0.000044
2264,0.02355218,0.03024517,0.173,405.573,0.000044
2265,0.02354805,0.03023418,0.174,405.755,0.000043
2266,0.02355543,0.03025466,0.173,405.935,0.000043
2267,0.02353951,0.03026184,0.172,406.114,0.000043
2268,0.02354360,0.03025973,0.172,406.293,0.000042
2269,0.02355281,0.03027761,0.171,406.471,0.000042
2270,0.02353171,0.03025479,0.171,406.649,0.000042
2271,0.02353978,0.03025870,0.171,406.828,0.000042
2272,0.02353418,0.03023271,0.173,407.008,0.000041
2273,0.02352540,0.03025132,0.172,407.187,0.000041
2274,0.02352824,0.03026234,0.170,407.364,0.000041
2275,0.02351893,0.03024763,0.171,407.543,0.000041
2276,0.02351119,0.03025665,0.170,407.721,0.000040
2277,0.02351384,0.03024567,0.171,407.899,0.000040
2278,0.02349946,0.03026048,0.171,408.077,0.000040
2279,0.02350022,0.03025451,0.171,408.255,0.000040
2280,0.02350177,0.03027041,0.171,408.433,0.000039
2281,0.02349716,0.03025120,0.171,408.612,0.000039
2282,0.02349818,0.03028086,0.171,408.790,0.000039
2283,0.02351583,0.03023680,0.172,408.970,0.000039
2284,0.02350985,0.03030151,0.171,409.148,0.000038
2285,0.02350098,0.03024697,0.171,409.325,0.000038
2286,0.02350321,0.03025994,0.172,409.505,0.000038
2287,0.02347946,0.03028197,0.181,409.693,0.000037
2288,0.02349096,0.03028444,0.175,409.876,0.000037
2289,0.02349376,0.03029746,0.173,410.056,0.000037
2290,0.02348693,0.03027895,0.177,410.241,0.000037
2291,0.02346852,0.03028157,0.175,410.423,0.000036
2292,0.02347805,0.03028548,0.172,410.603,0.000036
2293,0.02346773,0.03029044,0.174,410.784,0.000036
2294,0.02347600,0.03027440,0.173,410.965,0.000036
2295,0.02348232,0.03027246,0.171,411.143,0.000036
2296,0.02347127,0.03028243,0.171,411.322,0.000035
2297,0.02347885,0.03028536,0.170,411.500,0.000035
2298,0.02348075,0.03028394,0.171,411.678,0.000035
2299,0.02346656,0.03031347,0.171,411.856,0.000035
2300,0.02347464,0.03029896,0.171,412.035,0.000034
2301,0.02345370,0.03029385,0.171,412.214,0.000034
2302,0.02347502,0.03028871,0.172,412.393,0.000034
2303,0.02347065,0.03029983,0.172,412.572,0.000034
2304,0.02346636,0.03030937,0.171,412.751,0.000033
2305,0.02346902,0.03030715,0.171,412.930,0.000033
2306,0.02346144,0.03031956,0.171,413.108,0.000033
2307,0.02345157,0.03032836,0.170,413.285,0.000033
2308,0.02344814,0.03032406,0.171,413.464,0.000032
2309,0.02344705,0.03032047,0.170,413.642,0.000032
2310,0.02345454,0.03030305,0.171,413.820,0.000032
2311,0.02346715,0.03029758,0.171,413.998,0.000032
2312,0.02346006,0.03030529,0.171,414.177,0.000032
2313,0.02346076,0.03030690,0.170,414.355,0.000031
2314,0.02345574,0.03030449,0.170,414.532,0.000031
2315,0.02345427,0.03029804,0.171,414.711,0.000031
2316,0.02345529,0.03031126,0.171,414.889,0.000031
2317,0.02344379,0.03030881,0.171,415.068,0.000030
2318,0.02343916,0.03031005,0.170,415.245,0.000030
2319,0.02343386,0.03030679,0.171,415.423,0.000030
2320,0.02345185,0.03030005,0.171,415.601,0.000030
2321,0.02344016,0.03031181,0.170,415.778,0.000030
2322,0.02344691,0.03031253,0.170,415.956,0.000029
2323,0.02345065,0.03031347,0.171,416.134,0.000029
2324,0.02343870,0.03031880,0.171,416.312,0.000029
2325,0.02343584,0.03031100,0.171,416.490,0.000029
2326,0.02342897,0.03030288,0.171,416.669,0.000029
2327,0.02343276,0.03030508,0.170,416.846,0.000028
2328,0.02343482,0.03032678,0.170,417.024,0.000028
2329,0.02342934,0.03031472,0.171,417.202,0.000028
2330,0.02343494,0.03029923,0.170,417.379,0.000028
2331,0.02343897,0.03032262,0.171,417.557,0.000028
2332,0.02342425,0.03031591,0.171,417.736,0.000027
2333,0.02343974,0.03032618,0.171,417.915,0.000027
2334,0.02343194,0.03031290,0.171,418.092,0.000027
2335,0.02343551,0.03031319,0.171,418.271,0.000027
2336,0.02342052,0.03030445,0.178,418.456,0.000027
2337,0.02342640,0.03032076,0.171,418.634,0.000026
2338,0.02341883,0.03032295,0.171,418.812,0.000026
2339,0.02342887,0.03031158,0.176,418.995,0.000026
2340,0.02341991,0.03033123,0.172,419.174,0.000026
2341,0.02343481,0.03033878,0.171,419.352,0.000026
2342,0.02342168,0.03033667,0.171,419.530,0.000025
2343,0.02342096,0.03033817,0.170,419.707,0.000025
2344,0.02342463,0.03033545,0.170,419.885,0.000025
2345,0.02341788,0.03033278,0.171,420.063,0.000025
2346,0.02341666,0.03032124,0.170,420.241,0.000025
2347,0.02341029,0.03031778,0.171,420.420,0.000024
2348,0.02342615,0.03032371,0.170,420.597,0.000024
2349,0.02341669,0.03031930,0.171,420.775,0.000024
2350,0.02341333,0.03033236,0.171,420.954,0.000024
2351,0.02341579,0.03032158,0.171,421.132,0.000024
2352,0.02341188,0.03034252,0.170,421.309,0.000024
2353,0.02343087,0.03033576,0.171,421.488,0.000023
2354,0.02341263,0.03033004,0.170,421.665,0.000023
2355,0.02340856,0.03032477,0.170,421.842,0.000023
2356,0.02340879,0.03032138,0.171,422.020,0.000023
2357,0.02341580,0.03033035,0.170,422.197,0.000023
2358,0.02341219,0.03031607,0.171,422.375,0.000022
2359,0.02340517,0.03031274,0.171,422.553,0.000022
2360,0.02340361,0.03030590,0.170,422.731,0.000022
2361,0.02341080,0.03031571,0.170,422.908,0.000022
2362,0.02341389,0.03032373,0.170,423.086,0.000022
2363,0.02342416,0.03031165,0.171,423.263,0.000022
2364,0.02340165,0.03032272,0.171,423.442,0.000021
2365,0.02341344,0.03031858,0.171,423.620,0.000021
2366,0.02339332,0.03030800,0.170,423.797,0.000021
2367,0.02339928,0.03030540,0.170,423.975,0.000021
2368,0.02340447,0.03031932,0.170,424.152,0.000021
2369,0.02339747,0.03032575,0.171,424.331,0.000021
2370,0.02340443,0.03031490,0.170,424.508,0.000021
2371,0.02340350,0.03032383,0.171,424.686,0.000020
2372,0.02338549,0.03033848,0.171,424.864,0.000020
2373,0.02340648,0.03032544,0.171,425.043,0.000020
2374,0.02339142,0.03032994,0.179,425.229,0.000020
2375,0.02339164,0.03034419,0.170,425.407,0.000020
2376,0.02339329,0.03034076,0.171,425.585,0.000020
2377,0.02339457,0.03033954,0.172,425.763,0.000019
2378,0.02340031,0.03034084,0.170,425.941,0.000019
2379,0.02339149,0.03034146,0.170,426.119,0.000019
2380,0.02338417,0.03034548,0.171,426.297,0.000019
2381,0.02338935,0.03033958,0.171,426.476,0.000019
2382,0.02339984,0.03033557,0.171,426.655,0.000019
2383,0.02338499,0.03033881,0.172,426.834,0.000019
2384,0.02339661,0.03031995,0.170,427.011,0.000018
2385,0.02339325,0.03033140,0.170,427.189,0.000018
2386,0.02337986,0.03033441,0.171,427.366,0.000018
2387,0.02338870,0.03033073,0.172,427.545,0.000018
2388,0.02338175,0.03033408,0.171,427.723,0.000018
2389,0.02338067,0.03032905,0.171,427.901,0.000018
2390,0.02338231,0.03032983,0.171,428.079,0.000018
2391,0.02337897,0.03033061,0.170,428.257,0.000017
2392,0.02337810,0.03032661,0.171,428.434,0.000017
2393,0.02338048,0.03033284,0.170,428.612,0.000017
2394,0.02338853,0.03033240,0.171,428.790,0.000017
2395,0.02337609,0.03032909,0.171,428.967,0.000017
2396,0.02337921,0.03033401,0.171,429.146,0.000017
2397,0.02338351,0.03034021,0.171,429.324,0.000017
2398,0.02339156,0.03033488,0.177,429.508,0.000017
2399,0.02337648,0.03033871,0.171,429.685,0.000016
2400,0.02337276,0.03033225,0.170,429.863,0.000016
2401,0.02336176,0.03032334,0.171,430.042,0.000016
2402,0.02338732,0.03032865,0.170,430.219,0.000016
2403,0.02339340,0.03032986,0.171,430.397,0.000016
2404,0.02337081,0.03032461,0.170,430.575,0.000016
2405,0.02336854,0.03032225,0.171,430.753,0.000016
2406,0.02338557,0.03032240,0.171,430.931,0.000016
2407,0.02336977,0.03034016,0.171,431.109,0.000016
2408,0.02336501,0.03033359,0.171,431.287,0.000015
2409,0.02337094,0.03033591,0.171,431.465,0.000015
2410,0.02337429,0.03033586,0.170,431.643,0.000015
2411,0.02337149,0.03033828,0.170,431.820,0.000015
2412,0.02336559,0.03033679,0.171,431.998,0.000015
2413,0.02337186,0.03033236,0.172,432.177,0.000015
2414,0.02335932,0.03034303,0.171,432.355,0.000015
2415,0.02336423,0.03034059,0.170,432.532,0.000015
2416,0.02337720,0.03033750,0.170,432.710,0.000015
2417,0.02337177,0.03033787,0.170,432.887,0.000014
2418,0.02336806,0.03033282,0.170,433.065,0.000014
2419,0.02336314,0.03034714,0.171,433.243,0.000014
2420,0.02336682,0.03033798,0.170,433.420,0.000014
2421,0.02336341,0.03035215,0.171,433.597,0.000014
2422,0.02337403,0.03034558,0.171,433.775,0.000014
2423,0.02336325,0.03035196,0.171,433.953,0.000014
2424,0.02335663,0.03034080,0.170,434.131,0.000014
2425,0.02336510,0.03034977,0.171,434.309,0.000014
2426,0.02335845,0.03034351,0.170,434.486,0.000014
2427,0.02337105,0.03034702,0.171,434.664,0.000013
2428,0.02336794,0.03033988,0.171,434.842,0.000013
2429,0.02335592,0.03033838,0.171,435.020,0.000013
2430,0.02335657,0.03034208,0.172,435.199,0.000013
2431,0.02336292,0.03034807,0.171,435.378,0.000013
2432,0.02336805,0.03033512,0.170,435.556,0.000013
2433,0.02339094,0.03035303,0.171,435.733,0.000013
2434,0.02338405,0.03034409,0.171,435.911,0.000013
2435,0.02337286,0.03032531,0.171,436.090,0.000013
2436,0.02338619,0.03032909,0.171,436.268,0.000013
2437,0.02336772,0.03033063,0.171,436.446,0.000013
2438,0.02337447,0.03034864,0.170,436.623,0.000013
2439,0.02336556,0.03034083,0.170,436.801,0.000012
2440,0.02337019,0.03036017,0.170,436.979,0.000012
2441,0.02336698,0.03033821,0.170,437.156,0.000012
2442,0.02336054,0.03034364,0.171,437.335,0.000012
2443,0.02337003,0.03034962,0.171,437.513,0.000012
2444,0.02335812,0.03034264,0.171,437.691,0.000012
2445,0.02335047,0.03035056,0.171,437.869,0.000012
2446,0.02336068,0.03036040,0.170,438.046,0.000012
2447,0.02335936,0.03035136,0.170,438.224,0.000012
2448,0.02336043,0.03034642,0.170,438.401,0.000012
2449,0.02336759,0.03034372,0.170,438.579,0.000012
2450,0.02336108,0.03035004,0.170,438.756,0.000012
2451,0.02335406,0.03035483,0.171,438.934,0.000012
2452,0.02335459,0.03035116,0.171,439.112,0.000012
2453,0.02335110,0.03033637,0.170,439.289,0.000012
2454,0.02335276,0.03033421,0.171,439.468,0.000011
2455,0.02334634,0.03033521,0.171,439.647,0.000011
2456,0.02334567,0.03033991,0.170,439.824,0.000011
2457,0.02335861,0.03033066,0.171,440.002,0.000011
2458,0.02334282,0.03034624,0.170,440.179,0.000011
2459,0.02335564,0.03036510,0.171,440.357,0.000011
2460,0.02335640,0.03033982,0.171,440.536,0.000011
2461,0.02334900,0.03033981,0.171,440.714,0.000011
2462,0.02334002,0.03034233,0.171,440.892,0.000011
2463,0.02334388,0.03034481,0.170,441.070,0.000011
2464,0.02335552,0.03036102,0.171,441.247,0.000011
2465,0.02334757,0.03034826,0.170,441.425,0.000011
2466,0.02335049,0.03033846,0.170,441.602,0.000011
2467,0.02335231,0.03034419,0.171,441.780,0.000011
2468,0.02334803,0.03035477,0.171,441.959,0.000011
2469,0.02335962,0.03035620,0.171,442.137,0.000011
2470,0.02334921,0.03034585,0.170,442.314,0.000011
2471,0.02333377,0.03035226,0.171,442.492,0.000011
2472,0.02334262,0.03034346,0.170,442.669,0.000011
2473,0.02333163,0.03035011,0.171,442.847,0.000011
2474,0.02335062,0.03034589,0.171,443.026,0.000011
2475,0.02334815,0.03035720,0.170,443.203,0.000010
2476,0.02334070,0.03036293,0.170,443.381,0.000010
2477,0.02335508,0.03034784,0.171,443.559,0.000010
2478,0.02334069,0.03035715,0.171,443.737,0.000010
2479,0.02333905,0.03034922,0.170,443.915,0.000010
2480,0.02334980,0.03034981,0.170,444.092,0.000010
2481,0.02334130,0.03035579,0.171,444.270,0.000010
2482,0.02334043,0.03034754,0.170,444.448,0.000010
2483,0.02334011,0.03035427,0.171,444.626,0.000010
2484,0.02333442,0.03035142,0.170,444.803,0.000010
2485,0.02334613,0.03035505,0.170,444.981,0.000010
2486,0.02333909,0.03034991,0.171,445.159,0.000010
2487,0.02334129,0.03034446,0.170,445.336,0.000010
2488,0.02332759,0.03035139,0.170,445.513,0.000010
2489,0.02334312,0.03034853,0.171,445.692,0.000010
2490,0.02333751,0.03034391,0.171,445.870,0.000010
2491,0.02333696,0.03035604,0.170,446.047,0.000010
2492,0.02334116,0.03035636,0.170,446.224,0.000010
2493,0.02334356,0.03035645,0.171,446.402,0.000010
2494,0.02332952,0.03035289,0.171,446.580,0.000010
2495,0.02333474,0.03035918,0.171,446.759,0.000010
2496,0.02333898,0.03035321,0.170,446.936,0.000010
2497,0.02333370,0.03035526,0.171,447.115,0.000010
2498,0.02333418,0.03034254,0.170,447.292,0.000010
2499,0.02333612,0.03035516,0.170,447.469,0.000010
2500,0.02334050,0.03035033,0.171,447.648,0.000010
2501,0.02333469,0.03034876,0.171,447.826,0.000010
2502,0.02333734,0.03034337,0.170,448.003,0.000010
2503,0.02333816,0.03036486,0.181,448.191,0.000010
2504,0.02406992,0.03150344,0.171,448.369,0.000900
2505,0.03034715,0.03240344,0.170,448.547,0.000900
2506,0.03134941,0.03173138,0.170,448.723,0.000900
2507,0.03020525,0.03170786,0.170,448.901,0.000900
2508,0.03043210,0.03139669,0.170,449.077,0.000900
2509,0.03017060,0.03143418,0.171,449.256,0.000900
2510,0.03006450,0.03082954,0.170,449.433,0.000900
2511,0.02902532,0.03048710,0.170,449.611,0.000900
2512,0.02885006,0.03068450,0.170,449.789,0.000900
2513,0.02883737,0.03063079,0.171,449.967,0.000900
2514,0.02859873,0.03038321,0.171,450.144,0.000900
2515,0.02814743,0.03038030,0.171,450.323,0.000900
2516,0.02827175,0.03034560,0.171,450.500,0.000900
2517,0.02826040,0.03060846,0.170,450.678,0.000900
2518,0.02869633,0.03080424,0.171,450.857,0.000900
2519,0.02870150,0.03060539,0.170,451.034,0.000900
2520,0.02842081,0.03054997,0.170,451.212,0.000900
2521,0.02810390,0.03027422,0.170,451.389,0.000900
2522,0.02778629,0.03017436,0.170,451.567,0.000900
2523,0.02762342,0.03022735,0.170,451.743,0.000900
2524,0.02752061,0.03017540,0.171,451.921,0.000900
2525,0.02752214,0.03015963,0.170,452.099,0.000900
2526,0.02748582,0.03014281,0.171,452.277,0.000900
2527,0.02767200,0.03018904,0.171,452.455,0.000900
2528,0.02762231,0.03038608,0.170,452.632,0.000900
2529,0.02779548,0.03045687,0.170,452.810,0.000900
2530,0.02761975,0.03014877,0.170,452.988,0.000900
2531,0.02763971,0.03016438,0.171,453.166,0.000900
2532,0.02749016,0.03015590,0.171,453.344,0.000900
2533,0.02757653,0.03021745,0.171,453.523,0.000900
2534,0.02765118,0.03021583,0.170,453.700,0.000900
2535,0.02776583,0.03020122,0.170,453.877,0.000900
2536,0.02765005,0.03019761,0.170,454.055,0.000900
2537,0.02762886,0.03014062,0.170,454.233,0.000900
2538,0.02773012,0.03024520,0.170,454.410,0.000900
2539,0.02773210,0.03014916,0.171,454.588,0.000900
2540,0.02757488,0.03006838,0.171,454.766,0.000900
2541,0.02738195,0.03002874,0.171,454.944,0.000900
2542,0.02739938,0.03009600,0.171,455.123,0.000899
2543,0.02759921,0.03031028,0.171,455.301,0.000899
2544,0.02784930,0.03048489,0.170,455.478,0.000899
2545,0.02819144,0.03042726,0.170,455.656,0.000899
2546,0.02790035,0.03025709,0.171,455.834,0.000899
2547,0.02787103,0.03023081,0.170,456.010,0.000899
2548,0.02802346,0.03034564,0.170,456.188,0.000899
2549,0.02804676,0.03021366,0.171,456.366,0.000899
2550,0.02780123,0.03012162,0.171,456.544,0.000899
2551,0.02765331,0.03000064,0.171,456.723,0.000899
2552,0.02746540,0.02993838,0.171,456.901,0.000899
2553,0.02734042,0.03009440,0.171,457.079,0.000899
2554,0.02741042,0.03008242,0.171,457.257,0.000899
2555,0.02738589,0.03013597,0.171,457.435,0.000899
2556,0.02751355,0.03009106,0.171,457.613,0.000899
2557,0.02732694,0.02986978,0.171,457.792,0.000899
2558,0.02726728,0.03018781,0.171,457.970,0.000899
2559,0.02760347,0.03029496,0.170,458.148,0.000899
2560,0.02737204,0.03016217,0.171,458.326,0.000899
2561,0.02753739,0.03043511,0.171,458.504,0.000899
2562,0.02796677,0.03053860,0.170,458.681,0.000899
2563,0.02793583,0.03019993,0.171,458.859,0.000899
2564,0.02746785,0.03010057,0.171,459.037,0.000899
2565,0.02739008,0.03016289,0.170,459.215,0.000899
2566,0.02764051,0.03048333,0.171,459.393,0.000899
2567,0.02795539,0.03096574,0.171,459.571,0.000899
2568,0.02839135,0.03093308,0.170,459.749,0.000899
2569,0.02826020,0.03049375,0.170,459.926,0.000899
2570,0.02785322,0.03024588,0.170,460.103,0.000898
2571,0.02761449,0.03001081,0.170,460.281,0.000898
2572,0.02735899,0.02993680,0.171,460.459,0.000898
2573,0.02717294,0.02991686,0.171,460.637,0.000898
2574,0.02711635,0.02996383,0.171,460.815,0.000898
2575,0.02711408,0.02980996,0.171,460.993,0.000898
2576,0.02697386,0.02986873,0.170,461.170,0.000898
2577,0.02696205,0.02986330,0.170,461.347,0.000898
2578,0.02699980,0.02992865,0.170,461.524,0.000898
2579,0.02708699,0.02989995,0.170,461.702,0.000898
2580,0.02699156,0.02986131,0.170,461.879,0.000898
2581,0.02701979,0.02988837,0.171,462.057,0.000898
2582,0.02703873,0.03001193,0.171,462.236,0.000898
2583,0.02719683,0.02994552,0.170,462.413,0.000898
2584,0.02713116,0.02987965,0.171,462.591,0.000898
2585,0.02709733,0.02990128,0.171,462.769,0.000898
2586,0.02719277,0.02985732,0.171,462.947,0.000898
2587,0.02706089,0.02982796,0.171,463.125,0.000898
2588,0.02704966,0.02992618,0.171,463.303,0.000898
2589,0.02704577,0.02986303,0.171,463.481,0.000897
2590,0.02703179,0.02985423,0.171,463.659,0.000897
2591,0.02704794,0.02985675,0.171,463.837,0.000897
2592,0.02720965,0.02990784,0.170,464.015,0.000897
2593,0.02708836,0.02986764,0.170,464.192,0.000897
2594,0.02708292,0.02982259,0.171,464.370,0.000897
2595,0.02727639,0.02984896,0.170,464.547,0.000897
2596,0.02710971,0.02981882,0.171,464.726,0.000897
2597,0.02711649,0.02992221,0.170,464.903,0.000897
2598,0.02728564,0.02991135,0.171,465.081,0.000897
2599,0.02735918,0.02982981,0.171,465.260,0.000897
2600,0.02736236,0.02987878,0.170,465.437,0.000897
2601,0.02748311,0.03009400,0.170,465.614,0.000897
2602,0.02727506,0.02999117,0.170,465.792,0.000897
2603,0.02724879,0.03001751,0.171,465.970,0.000897
2604,0.02742211,0.03004561,0.171,466.148,0.000896
2605,0.02737843,0.03008923,0.171,466.326,0.000896
2606,0.02736078,0.03017222,0.170,466.503,0.000896
2607,0.02731810,0.03008208,0.171,466.681,0.000896
2608,0.02725923,0.02992253,0.170,466.859,0.000896
2609,0.02715104,0.02987582,0.170,467.037,0.000896
2610,0.02711617,0.02994363,0.171,467.215,0.000896
2611,0.02723769,0.03008901,0.171,467.393,0.000896
2612,0.02726163,0.03016613,0.171,467.571,0.000896
2613,0.02728574,0.03012179,0.171,467.750,0.000896
2614,0.02727777,0.02999045,0.171,467.928,0.000896
2615,0.02729757,0.03013924,0.170,468.105,0.000896
2616,0.02742517,0.03001641,0.170,468.282,0.000896
2617,0.02742821,0.03017737,0.170,468.460,0.000895
2618,0.02747442,0.03014418,0.169,468.636,0.000895
2619,0.02759335,0.03030257,0.170,468.813,0.000895
2620,0.02766599,0.03020992,0.171,468.992,0.000895
2621,0.02789577,0.03025326,0.171,469.170,0.000895
2622,0.02780574,0.03013802,0.171,469.347,0.000895
2623,0.02757788,0.03006625,0.171,469.526,0.000895
2624,0.02747085,0.03014180,0.170,469.704,0.000895
2625,0.02745777,0.03000567,0.171,469.882,0.000895
2626,0.02740579,0.03015041,0.170,470.059,0.000895
2627,0.02772515,0.03033632,0.171,470.237,0.000895
2628,0.02777321,0.03029686,0.171,470.415,0.000895
2629,0.02747190,0.03011513,0.171,470.593,0.000894
2630,0.02736694,0.03003687,0.171,470.771,0.000894
2631,0.02716363,0.02983903,0.171,470.949,0.000894
2632,0.02714576,0.02993192,0.170,471.127,0.000894
2633,0.02728437,0.03013187,0.171,471.305,0.000894
2634,0.02745758,0.03016761,0.171,471.483,0.000894
2635,0.02743347,0.03030927,0.171,471.661,0.000894
2636,0.02719288,0.03015500,0.171,471.839,0.000894
2637,0.02718991,0.03004905,0.171,472.017,0.000894
2638,0.02733938,0.03017784,0.171,472.195,0.000894
2639,0.02744228,0.03023467,0.171,472.374,0.000894
2640,0.02748712,0.03029418,0.170,472.551,0.000893
2641,0.02732885,0.03007871,0.170,472.728,0.000893
2642,0.02722988,0.02999716,0.170,472.906,0.000893
2643,0.02714555,0.02998968,0.170,473.083,0.000893
2644,0.02713963,0.03001509,0.171,473.261,0.000893
2645,0.02701586,0.02999719,0.170,473.439,0.000893
2646,0.02697570,0.03005097,0.171,473.617,0.000893
2647,0.02708260,0.03000008,0.172,473.796,0.000893
2648,0.02712298,0.03002182,0.170,473.973,0.000893
2649,0.02710095,0.03004422,0.171,474.151,0.000893
2650,0.02702627,0.02989737,0.171,474.328,0.000892
2651,0.02700959,0.02994867,0.170,474.506,0.000892
2652,0.02707322,0.03019105,0.171,474.684,0.000892
2653,0.02716292,0.03010637,0.171,474.862,0.000892
2654,0.02703109,0.03008910,0.171,475.040,0.000892
2655,0.02713955,0.02996142,0.171,475.219,0.000892
2656,0.02710944,0.02984790,0.170,475.396,0.000892
2657,0.02694600,0.02983815,0.170,475.574,0.000892
2658,0.02708764,0.02991401,0.171,475.752,0.000892
2659,0.02709184,0.03010842,0.171,475.930,0.000892
2660,0.02728952,0.03008782,0.171,476.109,0.000891
2661,0.02742367,0.03028347,0.170,476.286,0.000891
2662,0.02761950,0.03033917,0.171,476.464,0.000891
2663,0.02753884,0.03023576,0.170,476.642,0.000891
2664,0.02733366,0.03016156,0.171,476.820,0.000891
2665,0.02724946,0.03002140,0.170,476.997,0.000891
2666,0.02721894,0.02985349,0.170,477.174,0.000891
2667,0.02707344,0.02979268,0.170,477.352,0.000891
2668,0.02704757,0.02979550,0.171,477.530,0.000891
2669,0.02701135,0.02990108,0.170,477.707,0.000890
2670,0.02689183,0.02978487,0.171,477.885,0.000890
2671,0.02693640,0.02975144,0.171,478.064,0.000890
2672,0.02705298,0.03000939,0.170,478.241,0.000890
2673,0.02703580,0.02991769,0.170,478.418,0.000890
2674,0.02689621,0.02979078,0.170,478.596,0.000890
2675,0.02682250,0.02978709,0.171,478.774,0.000890
2676,0.02680241,0.02977552,0.171,478.952,0.000890
2677,0.02683376,0.02977451,0.171,479.130,0.000889
2678,0.02680062,0.02972979,0.171,479.308,0.000889
2679,0.02671049,0.02981381,0.176,479.492,0.000889
2680,0.02691443,0.02979674,0.171,479.670,0.000889
2681,0.02677826,0.02962976,0.171,479.849,0.000889
2682,0.02668110,0.02962907,0.170,480.026,0.000889
2683,0.02658425,0.02956077,0.172,480.205,0.000889
2684,0.02655549,0.02966004,0.170,480.383,0.000889
2685,0.02650849,0.02961379,0.170,480.560,0.000888
2686,0.02667790,0.02964688,0.171,480.738,0.000888
2687,0.02672099,0.02973709,0.170,480.916,0.000888
2688,0.02688124,0.02985365,0.171,481.094,0.000888
2689,0.02684500,0.02976760,0.171,481.272,0.000888
2690,0.02688057,0.02980114,0.170,481.449,0.000888
2691,0.02672359,0.02964226,0.170,481.626,0.000888
2692,0.02660315,0.02960497,0.170,481.804,0.000888
2693,0.02660278,0.02968848,0.178,481.989,0.000887
2694,0.02664127,0.02976703,0.170,482.167,0.000887
2695,0.02686540,0.02980597,0.170,482.345,0.000887
2696,0.02687076,0.02984395,0.171,482.523,0.000887
2697,0.02690598,0.02982202,0.170,482.700,0.000887
2698,0.02692660,0.03002588,0.171,482.878,0.000887
2699,0.02680885,0.02975014,0.171,483.056,0.000887
2700,0.02674907,0.02978308,0.171,483.234,0.000887
2701,0.02677822,0.02985020,0.171,483.413,0.000886
2702,0.02687188,0.02974112,0.170,483.590,0.000886
2703,0.02706793,0.02996991,0.170,483.768,0.000886
2704,0.02716532,0.02981097,0.171,483.945,0.000886
2705,0.02702717,0.02984091,0.171,484.123,0.000886
2706,0.02702648,0.02980749,0.170,484.300,0.000886
2707,0.02701408,0.02979872,0.170,484.478,0.000886
2708,0.02688676,0.02984743,0.171,484.656,0.000885
2709,0.02682115,0.02972099,0.171,484.834,0.000885
2710,0.02690273,0.02977235,0.170,485.012,0.000885
2711,0.02684895,0.02979684,0.170,485.190,0.000885
2712,0.02668362,0.02972169,0.170,485.367,0.000885
2713,0.02674026,0.02979264,0.171,485.545,0.000885
2714,0.02670863,0.02972959,0.170,485.722,0.000885
2715,0.02663167,0.02985538,0.170,485.900,0.000884
2716,0.02665306,0.02987747,0.171,486.078,0.000884
2717,0.02657229,0.02961583,0.171,486.256,0.000884
2718,0.02648284,0.02974387,0.170,486.433,0.000884
2719,0.02650482,0.02969782,0.170,486.610,0.000884
2720,0.02656804,0.02978243,0.171,486.788,0.000884
2721,0.02660598,0.02973396,0.170,486.965,0.000884
2722,0.02651850,0.02966028,0.171,487.144,0.000883
2723,0.02654289,0.02973303,0.171,487.322,0.000883
2724,0.02651330,0.02970755,0.170,487.499,0.000883
2725,0.02646236,0.02969201,0.170,487.677,0.000883
2726,0.02659029,0.02953473,0.169,487.853,0.000883
2727,0.02650779,0.02963146,0.170,488.031,0.000883
2728,0.02656778,0.02967987,0.170,488.209,0.000882
2729,0.02657373,0.02973295,0.171,488.387,0.000882
2730,0.02661415,0.02975478,0.170,488.563,0.000882
2731,0.02650019,0.02955839,0.171,488.741,0.000882
2732,0.02636170,0.02968791,0.170,488.919,0.000882
2733,0.02633280,0.02967445,0.170,489.096,0.000882
2734,0.02646078,0.02981358,0.170,489.273,0.000881
2735,0.02654464,0.02976647,0.170,489.451,0.000881
2736,0.02632234,0.02951486,0.171,489.629,0.000881
2737,0.02649373,0.02965941,0.170,489.807,0.000881
2738,0.02637689,0.02963988,0.170,489.984,0.000881
2739,0.02636401,0.02980681,0.170,490.161,0.000881
2740,0.02658825,0.02979439,0.170,490.339,0.000881
2741,0.02661972,0.02982212,0.171,490.517,0.000880
2742,0.02661607,0.02978476,0.170,490.694,0.000880
2743,0.02668032,0.02977304,0.170,490.871,0.000880
2744,0.02667477,0.02981573,0.171,491.050,0.000880
2745,0.02672399,0.02984222,0.171,491.228,0.000880
2746,0.02658234,0.02994995,0.170,491.406,0.000880
2747,0.02671034,0.02994265,0.171,491.584,0.000879
2748,0.02674214,0.02991385,0.171,491.761,0.000879
2749,0.02672570,0.02994438,0.171,491.939,0.000879
2750,0.02681564,0.02981747,0.170,492.117,0.000879
2751,0.02659097,0.02974952,0.170,492.294,0.000879
2752,0.02651659,0.02983671,0.171,492.472,0.000879
2753,0.02653957,0.02994971,0.171,492.650,0.000878
2754,0.02654885,0.02988763,0.170,492.827,0.000878
2755,0.02650429,0.02998998,0.171,493.005,0.000878
2756,0.02666303,0.02989106,0.171,493.183,0.000878
2757,0.02666057,0.02990819,0.171,493.361,0.000878
2758,0.02672141,0.02990499,0.170,493.538,0.000877
2759,0.02680949,0.02979263,0.170,493.716,0.000877
2760,0.02656443,0.02972716,0.170,493.893,0.000877
2761,0.02649161,0.02978039,0.171,494.071,0.000877
2762,0.02654702,0.02990277,0.171,494.249,0.000877
2763,0.02669641,0.02996601,0.170,494.427,0.000877
2764,0.02661759,0.02987253,0.170,494.604,0.000876
2765,0.02688542,0.03003877,0.170,494.782,0.000876
2766,0.02683937,0.02990014,0.170,494.959,0.000876
2767,0.02674751,0.02998787,0.170,495.137,0.000876
2768,0.02669158,0.02992744,0.170,495.314,0.000876
2769,0.02685866,0.02999691,0.170,495.491,0.000875
2770,0.02674327,0.02994802,0.170,495.669,0.000875
2771,0.02670506,0.02982660,0.171,495.847,0.000875
2772,0.02662356,0.02997614,0.171,496.025,0.000875
2773,0.02693868,0.03014624,0.171,496.203,0.000875
2774,0.02745735,0.03032458,0.170,496.380,0.000875
2775,0.02740338,0.03029503,0.170,496.558,0.000874
2776,0.02746974,0.03030185,0.171,496.736,0.000874
2777,0.02729647,0.03014097,0.171,496.915,0.000874
2778,0.02709585,0.03010522,0.170,497.091,0.000874
2779,0.02711774,0.03016830,0.171,497.270,0.000874
2780,0.02719941,0.03016267,0.171,497.448,0.000873
2781,0.02714206,0.03025233,0.171,497.626,0.000873
2782,0.02704791,0.02999438,0.170,497.804,0.000873
2783,0.02681833,0.02996502,0.171,497.982,0.000873
2784,0.02682334,0.03014148,0.171,498.160,0.000873
2785,0.02682312,0.03005487,0.171,498.338,0.000872
2786,0.02684446,0.02999108,0.170,498.516,0.000872
2787,0.02674453,0.03003536,0.171,498.695,0.000872
2788,0.02679231,0.03005147,0.171,498.873,0.000872
2789,0.02683333,0.02995694,0.173,499.053,0.000872
2790,0.02677011,0.03014814,0.170,499.231,0.000871
2791,0.02694835,0.03012297,0.170,499.408,0.000871
2792,0.02687402,0.03003176,0.172,499.587,0.000871
2793,0.02688080,0.03000996,0.172,499.767,0.000871
2794,0.02691014,0.03011928,0.170,499.944,0.000871
2795,0.02709209,0.03016695,0.171,500.122,0.000870
2796,0.02735367,0.03039356,0.171,500.301,0.000870
2797,0.02721897,0.03016011,0.171,500.479,0.000870
2798,0.02700916,0.03026217,0.170,500.656,0.000870
2799,0.02698212,0.03017582,0.170,500.834,0.000870
2800,0.02696403,0.02994793,0.171,501.012,0.000869
2801,0.02694671,0.03013793,0.171,501.190,0.000869
2802,0.02691155,0.02997345,0.171,501.368,0.000869
2803,0.02663042,0.02990368,0.171,501.546,0.000869
2804,0.02656225,0.02984941,0.171,501.724,0.000869
2805,0.02647339,0.02992260,0.171,501.902,0.000868
2806,0.02657132,0.02990122,0.170,502.079,0.000868
2807,0.02648001,0.02990299,0.170,502.257,0.000868
2808,0.02650988,0.02990208,0.171,502.435,0.000868
2809,0.02645864,0.02984268,0.171,502.614,0.000868
2810,0.02637190,0.02993811,0.170,502.791,0.000867
2811,0.02632575,0.02977574,0.171,502.970,0.000867
2812,0.02631944,0.02973296,0.171,503.148,0.000867
2813,0.02628838,0.02980114,0.171,503.326,0.000867
2814,0.02621385,0.02995542,0.170,503.503,0.000867
2815,0.02669614,0.03018182,0.170,503.680,0.000866
2816,0.02698737,0.03001460,0.171,503.858,0.000866
2817,0.02688516,0.02997644,0.170,504.035,0.000866
2818,0.02664787,0.02995974,0.171,504.213,0.000866
2819,0.02670776,0.02979978,0.171,504.391,0.000866
2820,0.02662646,0.02995899,0.171,504.569,0.000865
2821,0.02671589,0.02988997,0.171,504.747,0.000865
2822,0.02671653,0.02986200,0.170,504.924,0.000865
2823,0.02645041,0.02988948,0.170,505.101,0.000865
2824,0.02646619,0.03003159,0.171,505.279,0.000864
2825,0.02697145,0.03020648,0.171,505.457,0.000864
2826,0.02703801,0.03023081,0.170,505.634,0.000864
2827,0.02751646,0.03037163,0.171,505.812,0.000864
2828,0.02719212,0.02975227,0.171,505.990,0.000864
2829,0.02680914,0.02980738,0.171,506.168,0.000863
2830,0.02668637,0.02986663,0.170,506.346,0.000863
2831,0.02674739,0.03017536,0.170,506.524,0.000863
2832,0.02723888,0.03038153,0.170,506.701,0.000863
2833,0.02729997,0.03008688,0.170,506.879,0.000862
2834,0.02709795,0.03014415,0.170,507.056,0.000862
2835,0.02700267,0.03009720,0.171,507.235,0.000862
2836,0.02689185,0.03011314,0.171,507.413,0.000862
2837,0.02694644,0.03015729,0.170,507.591,0.000862
2838,0.02676450,0.03006637,0.170,507.768,0.000861
2839,0.02690293,0.03035727,0.170,507.946,0.000861
2840,0.02733464,0.03028410,0.171,508.124,0.000861
2841,0.02704788,0.03023021,0.170,508.301,0.000861
2842,0.02695755,0.03014692,0.170,508.478,0.000860
2843,0.02690407,0.03025264,0.171,508.656,0.000860
2844,0.02713827,0.03024040,0.171,508.835,0.000860
2845,0.02715999,0.03019752,0.171,509.013,0.000860
2846,0.02712610,0.03034934,0.170,509.190,0.000859
2847,0.02725156,0.03044287,0.170,509.367,0.000859
2848,0.02713018,0.03034583,0.171,509.545,0.000859
2849,0.02690021,0.03006298,0.170,509.723,0.000859
2850,0.02682034,0.03009960,0.170,509.901,0.000858
2851,0.02681571,0.02998865,0.171,510.079,0.000858
2852,0.02675834,0.03005457,0.171,510.257,0.000858
2853,0.02686181,0.03004066,0.170,510.434,0.000858
2854,0.02686501,0.02986063,0.170,510.612,0.000858
2855,0.02671426,0.02993868,0.171,510.790,0.000857
2856,0.02656836,0.02993493,0.171,510.968,0.000857
2857,0.02662091,0.02973081,0.171,511.147,0.000857
2858,0.02669895,0.02980703,0.170,511.325,0.000857
2859,0.02670414,0.02990251,0.171,511.502,0.000856
2860,0.02674587,0.02980610,0.171,511.680,0.000856
2861,0.02657189,0.02985009,0.171,511.858,0.000856
2862,0.02668081,0.03019476,0.170,512.035,0.000856
2863,0.02673201,0.03003302,0.170,512.212,0.000855
2864,0.02666670,0.02997191,0.171,512.391,0.000855
2865,0.02668397,0.02988156,0.171,512.569,0.000855
2866,0.02656679,0.02981138,0.171,512.747,0.000855
2867,0.02652946,0.02978708,0.171,512.925,0.000854
2868,0.02665010,0.02997270,0.170,513.102,0.000854
2869,0.02668537,0.02994923,0.171,513.280,0.000854
2870,0.02669216,0.03000190,0.170,513.458,0.000854
2871,0.02686678,0.02987697,0.170,513.635,0.000853
2872,0.02671386,0.02984402,0.170,513.813,0.000853
2873,0.02675684,0.02989435,0.171,513.991,0.000853
2874,0.02657233,0.02987548,0.170,514.169,0.000853
2875,0.02660436,0.02992048,0.171,514.347,0.000852
2876,0.02665103,0.02998627,0.171,514.525,0.000852
2877,0.02652636,0.02980096,0.171,514.703,0.000852
2878,0.02648900,0.02986744,0.170,514.880,0.000852
2879,0.02652902,0.02982477,0.175,515.063,0.000851
2880,0.02659430,0.02979498,0.174,515.243,0.000851
2881,0.02653987,0.02988188,0.170,515.421,0.000851
2882,0.02666595,0.02975300,0.171,515.599,0.000851
2883,0.02664919,0.02995121,0.170,515.776,0.000850
2884,0.02662319,0.02999492,0.171,515.955,0.000850
2885,0.02662733,0.03000586,0.171,516.133,0.000850
2886,0.02657920,0.02986614,0.170,516.310,0.000850
2887,0.02649840,0.02993774,0.171,516.488,0.000849
2888,0.02670178,0.02991004,0.171,516.667,0.000849
2889,0.02674716,0.02982571,0.170,516.845,0.000849
2890,0.02662372,0.02977074,0.170,517.023,0.000849
2891,0.02649933,0.02989767,0.171,517.201,0.000848
2892,0.02663103,0.02984514,0.171,517.379,0.000848
2893,0.02643808,0.02981610,0.171,517.557,0.000848
2894,0.02636127,0.02975762,0.170,517.734,0.000848
2895,0.02628784,0.02995785,0.170,517.912,0.000847
2896,0.02648823,0.02986092,0.170,518.089,0.000847
2897,0.02668964,0.03005515,0.170,518.266,0.000847
2898,0.02677293,0.03000833,0.170,518.444,0.000846
2899,0.02660100,0.02984818,0.170,518.621,0.000846
2900,0.02647530,0.02984401,0.171,518.799,0.000846
2901,0.02663615,0.02999219,0.171,518.977,0.000846
2902,0.02671463,0.02981948,0.171,519.155,0.000845
2903,0.02656558,0.02975807,0.170,519.333,0.000845
2904,0.02649696,0.02970776,0.170,519.510,0.000845
2905,0.02647344,0.02975773,0.170,519.687,0.000845
2906,0.02638031,0.02978491,0.170,519.865,0.000844
2907,0.02634271,0.02980677,0.170,520.043,0.000844
2908,0.02648038,0.02981160,0.171,520.221,0.000844
2909,0.02633908,0.02972355,0.171,520.399,0.000843
2910,0.02634436,0.02968868,0.170,520.576,0.000843
2911,0.02633813,0.02977384,0.170,520.754,0.000843
2912,0.02633780,0.02965436,0.171,520.931,0.000843
2913,0.02625871,0.02973840,0.170,521.109,0.000842
2914,0.02623215,0.02983250,0.170,521.286,0.000842
2915,0.02622900,0.02961658,0.171,521.465,0.000842
2916,0.02615885,0.02967204,0.171,521.643,0.000842
2917,0.02618693,0.02968529,0.171,521.821,0.000841
2918,0.02620787,0.02971553,0.170,521.998,0.000841
2919,0.02611499,0.02972237,0.171,522.176,0.000841
2920,0.02626706,0.02966307,0.171,522.355,0.000840
2921,0.02613237,0.02980339,0.170,522.532,0.000840
2922,0.02626974,0.02978441,0.170,522.709,0.000840
2923,0.02617076,0.02959817,0.170,522.887,0.000840
2924,0.02609499,0.02971899,0.171,523.065,0.000839
2925,0.02611426,0.02968114,0.171,523.243,0.000839
2926,0.02618198,0.02969817,0.169,523.420,0.000839
2927,0.02617875,0.02972866,0.171,523.598,0.000838
2928,0.02618478,0.02972941,0.171,523.776,0.000838
2929,0.02630941,0.02979026,0.170,523.954,0.000838
2930,0.02619053,0.02972203,0.170,524.130,0.000838
2931,0.02615393,0.02964990,0.170,524.308,0.000837
2932,0.02606781,0.02971280,0.171,524.486,0.000837
2933,0.02602092,0.02978244,0.171,524.664,0.000837
2934,0.02600494,0.02963039,0.171,524.842,0.000836
2935,0.02611248,0.02973202,0.170,525.020,0.000836
2936,0.02602113,0.02963564,0.171,525.198,0.000836
2937,0.02623255,0.02966659,0.172,525.377,0.000836
2938,0.02608311,0.02957465,0.170,525.555,0.000835
2939,0.02596933,0.02966295,0.171,525.733,0.000835
2940,0.02603852,0.02958178,0.171,525.911,0.000835
2941,0.02600286,0.02967644,0.171,526.089,0.000834
2942,0.02611669,0.02968030,0.170,526.266,0.000834
2943,0.02608693,0.02981291,0.171,526.444,0.000834
2944,0.02597963,0.02972364,0.171,526.622,0.000834
2945,0.02595983,0.02962602,0.171,526.801,0.000833
2946,0.02623947,0.02977220,0.171,526.979,0.000833
2947,0.02615853,0.02968434,0.171,527.157,0.000833
2948,0.02614134,0.02974081,0.171,527.335,0.000832
2949,0.02614928,0.02967875,0.171,527.513,0.000832
2950,0.02607032,0.02976299,0.171,527.691,0.000832
2951,0.02613129,0.02975567,0.171,527.870,0.000831
2952,0.02598549,0.02971382,0.171,528.048,0.000831
2953,0.02606574,0.02978243,0.171,528.226,0.000831
2954,0.02621048,0.02971216,0.170,528.404,0.000831
2955,0.02619808,0.02962533,0.171,528.582,0.000830
2956,0.02608391,0.02974925,0.171,528.760,0.000830
2957,0.02619924,0.02977982,0.171,528.938,0.000830
2958,0.02618575,0.02979487,0.171,529.116,0.000829
2959,0.02617067,0.02971092,0.171,529.294,0.000829
2960,0.02626346,0.02983168,0.171,529.472,0.000829
2961,0.02631190,0.02992329,0.170,529.649,0.000828
2962,0.02658519,0.02994849,0.170,529.827,0.000828
2963,0.02640689,0.02994607,0.171,530.005,0.000828
2964,0.02653054,0.03001181,0.171,530.183,0.000828
2965,0.02638393,0.02989969,0.171,530.361,0.000827
2966,0.02622723,0.02973813,0.170,530.538,0.000827
2967,0.02615410,0.02982193,0.170,530.716,0.000827
2968,0.02612429,0.02964365,0.171,530.894,0.000826
2969,0.02609137,0.02971405,0.170,531.071,0.000826
2970,0.02624081,0.02971804,0.170,531.248,0.000826
2971,0.02620962,0.02956709,0.170,531.426,0.000825
2972,0.02610427,0.02964199,0.171,531.604,0.000825
2973,0.02621652,0.02964562,0.171,531.782,0.000825
2974,0.02609352,0.02957760,0.171,531.960,0.000824
2975,0.02615304,0.02977188,0.171,532.138,0.000824
2976,0.02596588,0.02966823,0.171,532.316,0.000824
2977,0.02586114,0.02963884,0.171,532.494,0.000824
2978,0.02584247,0.02961056,0.170,532.672,0.000823
2979,0.02584766,0.02964474,0.171,532.850,0.000823
2980,0.02613239,0.02988448,0.171,533.029,0.000823
2981,0.02652928,0.02976740,0.171,533.207,0.000822
2982,0.02629418,0.02966591,0.170,533.385,0.000822
2983,0.02617972,0.02977456,0.171,533.563,0.000822
2984,0.02623409,0.02967075,0.171,533.742,0.000821
2985,0.02610283,0.02963125,0.170,533.919,0.000821
2986,0.02596866,0.02964171,0.171,534.097,0.000821
2987,0.02612466,0.02967001,0.171,534.275,0.000820
2988,0.02598875,0.02967435,0.171,534.453,0.000820
2989,0.02600076,0.02974493,0.171,534.631,0.000820
2990,0.02600977,0.02970263,0.170,534.809,0.000819
2991,0.02599094,0.02983462,0.171,534.987,0.000819
2992,0.02617699,0.02989597,0.171,535.165,0.000819
2993,0.02620101,0.02981763,0.170,535.343,0.000818
2994,0.02613264,0.02970944,0.170,535.521,0.000818
2995,0.02593570,0.02972056,0.170,535.698,0.000818
2996,0.02584969,0.02968721,0.171,535.877,0.000817
2997,0.02587763,0.02973787,0.170,536.054,0.000817
2998,0.02608092,0.02982032,0.170,536.232,0.000817
2999,0.02607580,0.02990470,0.171,536.410,0.000816
3000,0.02594170,0.02968436,0.171,536.588,0.000816
3001,0.02593693,0.02977672,0.170,536.765,0.000816
3002,0.02591143,0.02975585,0.170,536.942,0.000816
3003,0.02594936,0.02973437,0.170,537.120,0.000815
3004,0.02604818,0.02983328,0.171,537.298,0.000815
3005,0.02612163,0.02986122,0.171,537.476,0.000815
3006,0.02617787,0.02995212,0.170,537.654,0.000814
3007,0.02625826,0.03003809,0.170,537.832,0.000814
3008,0.02626365,0.02987255,0.171,538.010,0.000814
3009,0.02627271,0.02991898,0.170,538.188,0.000813
3010,0.02623569,0.02985023,0.171,538.366,0.000813
3011,0.02601491,0.02985056,0.171,538.544,0.000813
3012,0.02612864,0.03002699,0.170,538.721,0.000812
3013,0.02635371,0.03003258,0.171,538.900,0.000812
3014,0.02675478,0.03035210,0.170,539.078,0.000812
3015,0.02685761,0.03047762,0.172,539.256,0.000811
3016,0.02730307,0.03135219,0.170,539.434,0.000811
3017,0.02785842,0.03068351,0.170,539.611,0.000811
3018,0.02710758,0.03016081,0.171,539.789,0.000810
3019,0.02655643,0.02999501,0.171,539.967,0.000810
3020,0.02648169,0.02998981,0.171,540.145,0.000810
3021,0.02661675,0.03019395,0.171,540.324,0.000809
3022,0.02637427,0.02987481,0.170,540.501,0.000809
3023,0.02619498,0.02987466,0.171,540.680,0.000808
3024,0.02612998,0.03000824,0.171,540.858,0.000808
3025,0.02634332,0.03019197,0.170,541.035,0.000808
3026,0.02662817,0.03013052,0.170,541.212,0.000807
3027,0.02678382,0.03028667,0.171,541.391,0.000807
3028,0.02677219,0.03016825,0.171,541.569,0.000807
3029,0.02668309,0.03028721,0.171,541.747,0.000806
3030,0.02652068,0.03018775,0.170,541.924,0.000806
3031,0.02646212,0.02998643,0.170,542.102,0.000806
3032,0.02636232,0.03015546,0.172,542.281,0.000805
3033,0.02639472,0.02991068,0.170,542.459,0.000805
3034,0.02625549,0.02997864,0.171,542.637,0.000805
3035,0.02620416,0.03001231,0.171,542.815,0.000804
3036,0.02630235,0.03007148,0.171,542.993,0.000804
3037,0.02616249,0.03010354,0.171,543.172,0.000804
3038,0.02643635,0.03035531,0.170,543.350,0.000803
3039,0.02657169,0.03029363,0.170,543.527,0.000803
3040,0.02684375,0.03025938,0.171,543.705,0.000803
3041,0.02660100,0.03027819,0.170,543.882,0.000802
3042,0.02655992,0.03026107,0.170,544.060,0.000802
3043,0.02652987,0.03022788,0.170,544.237,0.000802
3044,0.02663496,0.03017119,0.171,544.415,0.000801
3045,0.02686733,0.03050217,0.171,544.593,0.000801
3046,0.02701184,0.03040245,0.171,544.771,0.000801
3047,0.02707916,0.03044146,0.171,544.949,0.000800
3048,0.02716132,0.03040234,0.170,545.127,0.000800
3049,0.02702629,0.03020001,0.170,545.305,0.000799
3050,0.02715588,0.03032591,0.170,545.482,0.000799
3051,0.02687040,0.03014085,0.170,545.659,0.000799
3052,0.02664331,0.03009083,0.171,545.838,0.000798
3053,0.02654729,0.03000692,0.171,546.016,0.000798
3054,0.02650486,0.03006411,0.170,546.194,0.000798
3055,0.02638645,0.03008936,0.171,546.372,0.000797
3056,0.02634495,0.03005229,0.171,546.550,0.000797
3057,0.02649650,0.03025099,0.170,546.728,0.000797
3058,0.02657946,0.03009010,0.171,546.905,0.000796
3059,0.02663603,0.03000714,0.171,547.084,0.000796
3060,0.02660268,0.03023205,0.171,547.262,0.000796
3061,0.02657008,0.03011760,0.170,547.440,0.000795
3062,0.02651760,0.03009577,0.170,547.618,0.000795
3063,0.02638315,0.02996478,0.171,547.796,0.000794
3064,0.02632102,0.02994754,0.171,547.974,0.000794
3065,0.02642352,0.03008371,0.170,548.152,0.000794
3066,0.02659219,0.03034971,0.170,548.330,0.000793
3067,0.02680118,0.03041115,0.171,548.508,0.000793
3068,0.02672785,0.03027004,0.171,548.686,0.000793
3069,0.02675716,0.03041270,0.171,548.865,0.000792
3070,0.02665143,0.03022031,0.171,549.043,0.000792
3071,0.02647360,0.03005658,0.171,549.221,0.000792
3072,0.02636278,0.03005207,0.170,549.398,0.000791
3073,0.02638850,0.03012492,0.170,549.576,0.000791
3074,0.02652401,0.03014167,0.171,549.754,0.000790
3075,0.02640671,0.02993922,0.170,549.931,0.000790
3076,0.02620936,0.02978638,0.170,550.108,0.000790
3077,0.02614753,0.03007068,0.171,550.286,0.000789
3078,0.02639788,0.03020060,0.170,550.463,0.000789
3079,0.02631585,0.03002734,0.171,550.641,0.000789
3080,0.02630265,0.02990743,0.171,550.820,0.000788
3081,0.02639413,0.02990547,0.170,550.997,0.000788
3082,0.02621567,0.02984921,0.171,551.175,0.000787
3083,0.02608770,0.02988196,0.171,551.353,0.000787
3084,0.02601947,0.02989336,0.170,551.531,0.000787
3085,0.02595350,0.02984758,0.171,551.709,0.000786
3086,0.02602014,0.02990070,0.170,551.886,0.000786
3087,0.02604160,0.02983812,0.170,552.063,0.000786
3088,0.02605450,0.02992015,0.171,552.242,0.000785
3089,0.02598997,0.02990200,0.178,552.427,0.000785
3090,0.02603437,0.02992716,0.170,552.605,0.000785
3091,0.02594098,0.02981644,0.171,552.783,0.000784
3092,0.02585447,0.02995343,0.171,552.961,0.000784
3093,0.02582587,0.02976375,0.170,553.139,0.000783
3094,0.02587639,0.02989265,0.170,553.317,0.000783
3095,0.02584427,0.02977703,0.171,553.496,0.000783
3096,0.02595632,0.02984464,0.171,553.674,0.000782
3097,0.02596127,0.02990237,0.170,553.851,0.000782
3098,0.02592014,0.02989726,0.170,554.029,0.000781
3099,0.02579072,0.02993418,0.170,554.206,0.000781
3100,0.02583063,0.02974912,0.175,554.388,0.000781
3101,0.02578270,0.02974581,0.172,554.568,0.000780
3102,0.02578516,0.02965560,0.170,554.746,0.000780
3103,0.02567960,0.02965642,0.170,554.923,0.000780
3104,0.02568588,0.02972821,0.171,555.101,0.000779
3105,0.02564299,0.02966344,0.171,555.279,0.000779
3106,0.02573986,0.02985420,0.170,555.456,0.000778
3107,0.02569415,0.02976875,0.171,555.634,0.000778
3108,0.02572755,0.02980570,0.171,555.812,0.000778
3109,0.02579285,0.02970762,0.171,555.990,0.000777
3110,0.02561430,0.02985284,0.170,556.167,0.000777
3111,0.02564051,0.02972823,0.170,556.344,0.000776
3112,0.02561197,0.02976281,0.171,556.522,0.000776
3113,0.02558941,0.02985417,0.171,556.700,0.000776
3114,0.02566692,0.02979130,0.170,556.878,0.000775
3115,0.02575896,0.02982682,0.171,557.056,0.000775
3116,0.02563529,0.02978633,0.171,557.234,0.000775
3117,0.02555858,0.02967575,0.170,557.411,0.000774
3118,0.02550158,0.02976345,0.170,557.589,0.000774
3119,0.02543440,0.02976824,0.171,557.766,0.000773
3120,0.02552596,0.02967621,0.170,557.944,0.000773
3121,0.02556325,0.02996262,0.170,558.121,0.000773
3122,0.02550693,0.02979774,0.170,558.298,0.000772
3123,0.02553926,0.02980386,0.170,558.476,0.000772
3124,0.02560629,0.02993934,0.171,558.654,0.000771
3125,0.02549906,0.02986323,0.171,558.833,0.000771
3126,0.02569590,0.02991634,0.170,559.010,0.000771
3127,0.02574717,0.02996465,0.171,559.189,0.000770
3128,0.02575353,0.02984910,0.171,559.367,0.000770
3129,0.02567437,0.02988550,0.170,559.544,0.000769
3130,0.02568029,0.02995621,0.170,559.722,0.000769
3131,0.02569873,0.02984037,0.171,559.900,0.000769
3132,0.02573057,0.02994663,0.171,560.078,0.000768
3133,0.02574155,0.02985412,0.171,560.256,0.000768
3134,0.02563122,0.02981118,0.170,560.434,0.000767
3135,0.02562105,0.02979269,0.171,560.612,0.000767
3136,0.02570171,0.02986036,0.171,560.790,0.000767
3137,0.02569182,0.02979498,0.171,560.968,0.000766
3138,0.02557030,0.02976644,0.170,561.146,0.000766
3139,0.02568223,0.02989560,0.170,561.323,0.000765
3140,0.02569081,0.02979597,0.171,561.502,0.000765
3141,0.02551658,0.02980343,0.170,561.679,0.000765
3142,0.02559834,0.02984857,0.170,561.857,0.000764
3143,0.02567567,0.02978948,0.171,562.035,0.000764
3144,0.02562556,0.02983470,0.171,562.213,0.000763
3145,0.02571188,0.02965395,0.170,562.390,0.000763
3146,0.02579373,0.02991649,0.170,562.567,0.000763
3147,0.02585103,0.02984588,0.170,562.745,0.000762
3148,0.02583727,0.02980215,0.172,562.923,0.000762
3149,0.02580858,0.02983828,0.171,563.101,0.000761
3150,0.02569379,0.02971351,0.170,563.279,0.000761
3151,0.02566121,0.02984600,0.170,563.456,0.000761
3152,0.02567437,0.02973866,0.171,563.635,0.000760
3153,0.02566129,0.02976867,0.170,563.812,0.000760
3154,0.02564898,0.02980470,0.170,563.989,0.000759
3155,0.02552775,0.02971652,0.171,564.168,0.000759
3156,0.02548770,0.02980068,0.171,564.346,0.000759
3157,0.02575811,0.02998651,0.171,564.524,0.000758
3158,0.02580297,0.02985737,0.171,564.702,0.000758
3159,0.02561728,0.02981302,0.170,564.880,0.000757
3160,0.02547425,0.02964794,0.171,565.058,0.000757
3161,0.02545498,0.02972046,0.170,565.235,0.000757
3162,0.02541731,0.02963788,0.170,565.412,0.000756
3163,0.02532441,0.02975060,0.171,565.590,0.000756
3164,0.02533705,0.02967988,0.171,565.768,0.000755
3165,0.02533078,0.02975845,0.170,565.945,0.000755
3166,0.02533088,0.02978055,0.170,566.122,0.000754
3167,0.02544320,0.02976479,0.171,566.300,0.000754
3168,0.02545802,0.02979329,0.171,566.478,0.000754
3169,0.02545842,0.02973603,0.171,566.656,0.000753
3170,0.02538922,0.02985367,0.170,566.833,0.000753
3171,0.02555738,0.02981557,0.170,567.010,0.000752
3172,0.02548236,0.02972738,0.172,567.189,0.000752
3173,0.02541811,0.02978754,0.170,567.367,0.000752
3174,0.02554951,0.02973680,0.170,567.544,0.000751
3175,0.02563491,0.02990147,0.170,567.721,0.000751
3176,0.02577092,0.02998591,0.171,567.899,0.000750
3177,0.02566655,0.02999233,0.170,568.077,0.000750
3178,0.02566213,0.02991728,0.170,568.254,0.000749
3179,0.02556837,0.02982395,0.171,568.431,0.000749
3180,0.02557976,0.02985597,0.171,568.609,0.000749
3181,0.02550748,0.02991795,0.171,568.788,0.000748
3182,0.02541423,0.02998238,0.171,568.965,0.000748
3183,0.02546659,0.02986800,0.170,569.143,0.000747
3184,0.02549253,0.02996097,0.171,569.321,0.000747
3185,0.02556990,0.02992758,0.170,569.499,0.000747
3186,0.02551202,0.02994289,0.170,569.676,0.000746
3187,0.02557779,0.02997739,0.171,569.854,0.000746
3188,0.02560259,0.02992060,0.171,570.032,0.000745
3189,0.02560884,0.02982178,0.170,570.209,0.000745
3190,0.02559618,0.03003882,0.171,570.388,0.000744
3191,0.02586081,0.03002377,0.171,570.566,0.000744
3192,0.02568853,0.02987577,0.170,570.744,0.000744
3193,0.02560397,0.02987361,0.170,570.922,0.000743
3194,0.02557218,0.02988148,0.170,571.099,0.000743
3195,0.02550391,0.02989004,0.171,571.276,0.000742
3196,0.02540977,0.02983127,0.171,571.455,0.000742
3197,0.02544511,0.02967469,0.171,571.633,0.000741
3198,0.02540525,0.02976791,0.170,571.810,0.000741
3199,0.02549193,0.02976398,0.170,571.988,0.000741
3200,0.02541871,0.02978792,0.171,572.166,0.000740
3201,0.02534575,0.02981869,0.171,572.344,0.000740
3202,0.02543545,0.02979062,0.171,572.522,0.000739
3203,0.02543732,0.02983953,0.171,572.699,0.000739
3204,0.02555198,0.03000658,0.171,572.877,0.000738
3205,0.02551288,0.02986666,0.171,573.055,0.000738
3206,0.02539763,0.02971906,0.170,573.232,0.000738
3207,0.02536952,0.02974927,0.170,573.410,0.000737
3208,0.02532269,0.02982961,0.171,573.588,0.000737
3209,0.02538191,0.02976315,0.171,573.765,0.000736
3210,0.02539685,0.02988143,0.170,573.943,0.000736
3211,0.02569111,0.02981087,0.170,574.120,0.000735
3212,0.02550063,0.02985628,0.171,574.298,0.000735
3213,0.02585419,0.03003614,0.170,574.475,0.000734
3214,0.02565485,0.02988567,0.170,574.652,0.000734
3215,0.02548436,0.02978254,0.171,574.831,0.000734
3216,0.02545606,0.02990052,0.171,575.009,0.000733
3217,0.02570148,0.03002069,0.170,575.186,0.000733
3218,0.02562959,0.02994441,0.170,575.364,0.000732
3219,0.02546100,0.02978559,0.170,575.541,0.000732
3220,0.02538056,0.02986524,0.171,575.719,0.000731
3221,0.02559875,0.02987820,0.171,575.897,0.000731
3222,0.02543525,0.02987833,0.170,576.075,0.000731
3223,0.02542324,0.02980979,0.171,576.252,0.000730
3224,0.02536569,0.02981800,0.171,576.430,0.000730
3225,0.02535050,0.02982077,0.171,576.608,0.000729
3226,0.02529801,0.02989560,0.170,576.786,0.000729
3227,0.02527466,0.02992123,0.171,576.964,0.000728
3228,0.02534336,0.02997356,0.170,577.141,0.000728
3229,0.02543560,0.02984832,0.171,577.319,0.000727
3230,0.02522740,0.02996368,0.170,577.497,0.000727
3231,0.02535221,0.02995820,0.170,577.675,0.000727
3232,0.02540367,0.03001333,0.171,577.853,0.000726
3233,0.02562333,0.03015212,0.170,578.030,0.000726
3234,0.02592019,0.03024375,0.170,578.207,0.000725
3235,0.02580625,0.03025002,0.171,578.385,0.000725
3236,0.02576825,0.03037979,0.171,578.563,0.000724
3237,0.02636646,0.03071235,0.170,578.741,0.000724
3238,0.02632389,0.03036185,0.170,578.918,0.000723
3239,0.02609742,0.03047691,0.171,579.096,0.000723
3240,0.02606068,0.03049332,0.171,579.275,0.000723
3241,0.02601297,0.03041208,0.170,579.452,0.000722
3242,0.02605296,0.03028881,0.170,579.630,0.000722
3243,0.02595375,0.03052226,0.170,579.808,0.000721
3244,0.02609445,0.03032649,0.171,579.986,0.000721
3245,0.02584901,0.03031387,0.171,580.164,0.000720
3246,0.02590230,0.03019069,0.170,580.341,0.000720
3247,0.02593812,0.03026861,0.170,580.519,0.000719
3248,0.02595963,0.03045771,0.171,580.697,0.000719
3249,0.02593381,0.03044073,0.170,580.875,0.000719
3250,0.02586954,0.03044774,0.170,581.052,0.000718
3251,0.02627825,0.03074537,0.171,581.230,0.000718
3252,0.02682414,0.03175518,0.171,581.408,0.000717
3253,0.02744071,0.03102608,0.171,581.586,0.000717
3254,0.02708513,0.03101512,0.170,581.763,0.000716
3255,0.02697019,0.03056507,0.170,581.940,0.000716
3256,0.02663551,0.03097790,0.171,582.118,0.000715
3257,0.02666970,0.03059629,0.171,582.296,0.000715
3258,0.02616338,0.03022164,0.170,582.474,0.000714
3259,0.02621552,0.03035834,0.170,582.652,0.000714
3260,0.02620556,0.03017413,0.171,582.829,0.000714
3261,0.02623764,0.03038047,0.170,583.007,0.000713
3262,0.02611595,0.03035054,0.170,583.184,0.000713
3263,0.02612070,0.03026612,0.171,583.362,0.000712
3264,0.02607115,0.03029535,0.170,583.539,0.000712
3265,0.02611281,0.03017502,0.171,583.717,0.000711
3266,0.02602233,0.03043058,0.170,583.894,0.000711
3267,0.02599501,0.03031282,0.170,584.072,0.000710
3268,0.02604662,0.03039863,0.171,584.250,0.000710
3269,0.02603523,0.03046638,0.171,584.428,0.000709
3270,0.02614105,0.03072326,0.170,584.605,0.000709
3271,0.02650849,0.03045189,0.170,584.783,0.000709
3272,0.02606196,0.03016941,0.171,584.960,0.000708
3273,0.02581202,0.03003178,0.170,585.138,0.000708
3274,0.02570241,0.02987039,0.170,585.315,0.000707
3275,0.02553497,0.02990131,0.171,585.493,0.000707
3276,0.02549272,0.02994483,0.171,585.671,0.000706
3277,0.02542126,0.02982724,0.170,585.849,0.000706
3278,0.02534293,0.02987725,0.170,586.027,0.000705
3279,0.02536220,0.02985714,0.170,586.204,0.000705
3280,0.02521810,0.02991136,0.171,586.382,0.000704
3281,0.02523418,0.02991645,0.170,586.559,0.000704
3282,0.02536769,0.02993074,0.170,586.737,0.000703
3283,0.02536959,0.02997944,0.170,586.914,0.000703
3284,0.02529404,0.02983720,0.171,587.092,0.000703
3285,0.02525108,0.02985984,0.170,587.269,0.000702
3286,0.02529492,0.02985530,0.170,587.446,0.000702
3287,0.02525707,0.02990597,0.171,587.624,0.000701
3288,0.02529835,0.02988189,0.171,587.802,0.000701
3289,0.02533319,0.02987544,0.170,587.979,0.000700
3290,0.02538424,0.02997631,0.170,588.157,0.000700
3291,0.02522322,0.02985217,0.170,588.334,0.000699
3292,0.02512098,0.02982398,0.179,588.519,0.000699
3293,0.02506910,0.02995204,0.171,588.698,0.000698
3294,0.02509227,0.02992259,0.171,588.875,0.000698
3295,0.02512005,0.02996976,0.170,589.053,0.000697
3296,0.02511544,0.02997735,0.171,589.231,0.000697
3297,0.02527032,0.03017501,0.170,589.409,0.000696
3298,0.02540180,0.03015357,0.170,589.586,0.000696
3299,0.02544977,0.03017748,0.171,589.764,0.000695
3300,0.02566629,0.03028513,0.170,589.942,0.000695
3301,0.02552300,0.03011986,0.170,590.120,0.000695
3302,0.02537113,0.03022823,0.170,590.297,0.000694
3303,0.02548990,0.03015451,0.170,590.474,0.000694
3304,0.02543184,0.03013667,0.170,590.652,0.000693
3305,0.02535237,0.03006280,0.170,590.829,0.000693
3306,0.02539457,0.03023163,0.171,591.007,0.000692
3307,0.02542001,0.03018187,0.171,591.185,0.000692
3308,0.02543310,0.03013430,0.171,591.363,0.000691
3309,0.02526680,0.03005663,0.170,591.540,0.000691
3310,0.02520657,0.02996650,0.170,591.718,0.000690
3311,0.02524883,0.02994565,0.171,591.896,0.000690
3312,0.02514515,0.02993750,0.171,592.074,0.000689
3313,0.02515063,0.03000164,0.170,592.252,0.000689
3314,0.02538162,0.02993438,0.170,592.429,0.000688
3315,0.02524697,0.02993295,0.170,592.606,0.000688
3316,0.02525374,0.02995720,0.171,592.784,0.000687
3317,0.02546073,0.02989807,0.171,592.962,0.000687
3318,0.02544470,0.02985604,0.170,593.140,0.000686
3319,0.02530510,0.02997299,0.171,593.318,0.000686
3320,0.02525009,0.02997128,0.171,593.496,0.000686
3321,0.02529745,0.02996963,0.170,593.673,0.000685
3322,0.02533754,0.03001291,0.171,593.851,0.000685
3323,0.02525255,0.03000755,0.170,594.028,0.000684
3324,0.02534073,0.02993117,0.170,594.206,0.000684
3325,0.02525511,0.03000682,0.170,594.383,0.000683
3326,0.02523818,0.03003460,0.170,594.560,0.000683
3327,0.02519204,0.02988908,0.170,594.737,0.000682
3328,0.02509799,0.02994372,0.171,594.915,0.000682
3329,0.02504444,0.03009326,0.170,595.092,0.000681
3330,0.02504468,0.03001548,0.170,595.270,0.000681
3331,0.02507013,0.03002938,0.170,595.447,0.000680
3332,0.02498143,0.02994498,0.171,595.625,0.000680
3333,0.02498191,0.03012755,0.170,595.802,0.000679
3334,0.02499146,0.02996054,0.170,595.980,0.000679
3335,0.02497246,0.02994902,0.171,596.158,0.000678
3336,0.02502440,0.03001039,0.170,596.335,0.000678
3337,0.02511259,0.02991149,0.170,596.513,0.000677
3338,0.02499432,0.03002630,0.170,596.690,0.000677
3339,0.02503985,0.02999858,0.170,596.868,0.000676
3340,0.02499524,0.03002477,0.171,597.046,0.000676
3341,0.02502820,0.02992352,0.171,597.224,0.000675
3342,0.02497060,0.02998870,0.170,597.402,0.000675
3343,0.02499936,0.03002562,0.171,597.580,0.000674
3344,0.02494866,0.02994462,0.171,597.759,0.000674
3345,0.02493304,0.02983435,0.170,597.936,0.000673
3346,0.02493178,0.02982950,0.170,598.114,0.000673
3347,0.02494652,0.02985062,0.171,598.292,0.000672
3348,0.02482604,0.02990091,0.170,598.470,0.000672
3349,0.02485976,0.02988321,0.171,598.648,0.000672
3350,0.02487562,0.02983986,0.170,598.826,0.000671
3351,0.02479441,0.02989879,0.171,599.003,0.000671
3352,0.02485254,0.02986608,0.170,599.181,0.000670
3353,0.02476978,0.02984872,0.170,599.358,0.000670
3354,0.02470142,0.02991194,0.170,599.535,0.000669
3355,0.02476640,0.02979644,0.171,599.713,0.000669
3356,0.02471953,0.02989836,0.171,599.891,0.000668
3357,0.02480231,0.02989430,0.170,600.069,0.000668
3358,0.02477349,0.02998040,0.170,600.246,0.000667
3359,0.02477581,0.02985230,0.171,600.424,0.000667
3360,0.02488015,0.02995551,0.171,600.602,0.000666
3361,0.02482785,0.02989665,0.171,600.780,0.000666
3362,0.02478186,0.02988079,0.170,600.957,0.000665
3363,0.02482510,0.02993023,0.170,601.135,0.000665
3364,0.02509764,0.03006978,0.172,601.313,0.000664
3365,0.02508226,0.02996527,0.171,601.492,0.000664
3366,0.02506627,0.02997517,0.170,601.669,0.000663
3367,0.02505991,0.03002506,0.170,601.847,0.000663
3368,0.02512914,0.03011631,0.171,602.024,0.000662
3369,0.02525460,0.03007445,0.170,602.201,0.000662
3370,0.02510489,0.02994489,0.170,602.379,0.000661
3371,0.02507441,0.02997690,0.170,602.556,0.000661
3372,0.02510917,0.03001723,0.171,602.734,0.000660
3373,0.02505089,0.03004307,0.171,602.912,0.000660
3374,0.02499472,0.03006095,0.170,603.089,0.000659
3375,0.02505044,0.03013633,0.170,603.266,0.000659
3376,0.02503342,0.03004665,0.171,603.444,0.000658
3377,0.02495351,0.03008155,0.170,603.622,0.000658
3378,0.02499609,0.03006063,0.171,603.800,0.000657
3379,0.02501799,0.03020081,0.171,603.978,0.000657
3380,0.02492405,0.03013431,0.171,604.156,0.000656
3381,0.02498353,0.03004168,0.170,604.334,0.000656
3382,0.02490476,0.03007601,0.171,604.512,0.000655
3383,0.02513136,0.03009992,0.171,604.690,0.000655
3384,0.02508657,0.03021908,0.171,604.868,0.000654
3385,0.02530735,0.03010138,0.170,605.044,0.000654
3386,0.02510843,0.03012759,0.170,605.222,0.000653
3387,0.02507633,0.03020439,0.170,605.399,0.000653
3388,0.02541914,0.03047287,0.172,605.578,0.000652
3389,0.02536955,0.03022965,0.171,605.756,0.000652
3390,0.02515133,0.03034098,0.170,605.933,0.000651
3391,0.02521531,0.03022370,0.170,606.111,0.000651
3392,0.02515034,0.03016387,0.171,606.289,0.000650
3393,0.02514039,0.03029467,0.170,606.466,0.000650
3394,0.02521688,0.03011460,0.170,606.644,0.000649
3395,0.02518739,0.03015064,0.171,606.822,0.000649
3396,0.02510539,0.03025250,0.171,607.000,0.000648
3397,0.02518811,0.03027795,0.171,607.179,0.000648
3398,0.02500239,0.03014985,0.170,607.356,0.000647
3399,0.02490710,0.02996002,0.170,607.533,0.000647
3400,0.02490486,0.03007017,0.171,607.711,0.000646
3401,0.02496962,0.02999763,0.170,607.889,0.000646
3402,0.02487781,0.02998980,0.170,608.066,0.000645
3403,0.02480434,0.02994917,0.171,608.244,0.000645
3404,0.02470075,0.03000354,0.171,608.422,0.000644
3405,0.02478004,0.02985860,0.170,608.599,0.000644
3406,0.02464667,0.02983518,0.170,608.777,0.000643
3407,0.02466981,0.02981242,0.170,608.955,0.000643
3408,0.02463304,0.02986219,0.169,609.132,0.000642
3409,0.02462664,0.02981380,0.170,609.308,0.000642
3410,0.02465874,0.02981400,0.171,609.486,0.000641
3411,0.02465686,0.02973803,0.170,609.664,0.000641
3412,0.02466556,0.02983342,0.171,609.842,0.000640
3413,0.02463677,0.02981742,0.171,610.020,0.000640
3414,0.02471959,0.02983915,0.171,610.199,0.000639
3415,0.02458561,0.02986410,0.170,610.377,0.000639
3416,0.02461555,0.02985656,0.171,610.555,0.000638
3417,0.02470678,0.02992180,0.170,610.732,0.000638
3418,0.02461698,0.02991456,0.170,610.910,0.000637
3419,0.02460274,0.02986808,0.171,611.088,0.000636
3420,0.02458736,0.02982607,0.171,611.265,0.000636
3421,0.02455410,0.02990150,0.170,611.443,0.000635
3422,0.02461345,0.02982762,0.171,611.621,0.000635
3423,0.02471579,0.02987761,0.170,611.798,0.000634
3424,0.02461696,0.02990255,0.171,611.977,0.000634
3425,0.02463738,0.02993149,0.170,612.154,0.000633
3426,0.02461891,0.02984420,0.170,612.331,0.000633
3427,0.02474989,0.02987080,0.170,612.509,0.000632
3428,0.02489534,0.02996352,0.171,612.687,0.000632
3429,0.02532281,0.03003641,0.170,612.864,0.000631
3430,0.02537727,0.02996230,0.170,613.042,0.000631
3431,0.02561790,0.03037337,0.172,613.221,0.000630
3432,0.02583162,0.03047872,0.171,613.399,0.000630
3433,0.02599645,0.03052078,0.170,613.576,0.000629
3434,0.02574744,0.03012484,0.171,613.754,0.000629
3435,0.02550235,0.03006885,0.170,613.931,0.000628
3436,0.02529991,0.03018415,0.170,614.109,0.000628
3437,0.02533698,0.03007804,0.171,614.287,0.000627
3438,0.02517120,0.03001682,0.170,614.464,0.000627
3439,0.02514274,0.02987303,0.170,614.642,0.000626
3440,0.02502215,0.02996719,0.171,614.820,0.000626
3441,0.02502387,0.02990256,0.170,614.997,0.000625
3442,0.02493759,0.02999029,0.170,615.175,0.000625
3443,0.02485693,0.02989294,0.171,615.353,0.000624
3444,0.02480045,0.02984491,0.172,615.532,0.000624
3445,0.02470133,0.02991886,0.171,615.710,0.000623
3446,0.02478598,0.02991150,0.171,615.888,0.000623
3447,0.02471858,0.02998434,0.170,616.066,0.000622
3448,0.02471016,0.02988128,0.170,616.244,0.000622
3449,0.02470723,0.02986798,0.171,616.422,0.000621
3450,0.02468880,0.02991800,0.171,616.600,0.000621
3451,0.02482348,0.03004375,0.170,616.777,0.000620
3452,0.02490145,0.02994925,0.171,616.956,0.000619
3453,0.02493052,0.02986223,0.170,617.133,0.000619
3454,0.02490844,0.02997060,0.171,617.311,0.000618
3455,0.02490873,0.02990047,0.172,617.490,0.000618
3456,0.02493255,0.03008269,0.170,617.668,0.000617
3457,0.02487370,0.03001534,0.170,617.845,0.000617
3458,0.02485164,0.03007871,0.171,618.023,0.000616
3459,0.02483748,0.03008290,0.170,618.200,0.000616
3460,0.02478525,0.03000420,0.171,618.378,0.000615
3461,0.02476613,0.02994906,0.171,618.557,0.000615
3462,0.02468465,0.02999962,0.170,618.734,0.000614
3463,0.02460136,0.02999578,0.170,618.911,0.000614
3464,0.02466340,0.02996527,0.171,619.090,0.000613
3465,0.02464994,0.03004129,0.170,619.267,0.000613
3466,0.02472784,0.02999120,0.170,619.444,0.000612
3467,0.02468119,0.02996299,0.172,619.623,0.000612
3468,0.02460472,0.02994933,0.171,619.801,0.000611
3469,0.02454624,0.02989425,0.170,619.979,0.000611
3470,0.02444846,0.02984053,0.171,620.157,0.000610
3471,0.02450245,0.02995134,0.170,620.334,0.000610
3472,0.02452641,0.02991852,0.171,620.512,0.000609
3473,0.02454109,0.02996166,0.170,620.690,0.000609
3474,0.02456131,0.03001992,0.170,620.867,0.000608
3475,0.02446425,0.02984069,0.170,621.045,0.000607
3476,0.02461428,0.03002075,0.171,621.223,0.000607
3477,0.02471680,0.02990903,0.171,621.401,0.000606
3478,0.02467423,0.02996431,0.171,621.579,0.000606
3479,0.02464634,0.02992310,0.171,621.757,0.000605
3480,0.02461756,0.02992407,0.170,621.934,0.000605
3481,0.02464165,0.02985213,0.170,622.111,0.000604
3482,0.02465686,0.02998098,0.170,622.288,0.000604
3483,0.02478240,0.02992654,0.170,622.465,0.000603
3484,0.02482353,0.03015414,0.171,622.644,0.000603
3485,0.02483690,0.03001407,0.171,622.822,0.000602
3486,0.02498409,0.03005366,0.171,623.001,0.000602
3487,0.02509897,0.03001224,0.170,623.178,0.000601
3488,0.02506655,0.02997222,0.171,623.356,0.000601
3489,0.02512339,0.03005330,0.170,623.534,0.000600
3490,0.02516034,0.03008753,0.170,623.711,0.000600
3491,0.02510898,0.03017089,0.171,623.890,0.000599
3492,0.02502117,0.03008962,0.171,624.068,0.000598
3493,0.02516805,0.03019900,0.171,624.246,0.000598
3494,0.02505735,0.03007097,0.170,624.423,0.000597
3495,0.02494134,0.03001354,0.170,624.601,0.000597
3496,0.02489228,0.03006978,0.171,624.779,0.000596
3497,0.02484470,0.03010373,0.170,624.956,0.000596
3498,0.02474791,0.03013462,0.169,625.132,0.000595
3499,0.02471465,0.02996889,0.171,625.310,0.000595
3500,0.02475719,0.02996468,0.171,625.488,0.000594
3501,0.02466459,0.02997798,0.170,625.666,0.000594
3502,0.02463749,0.03005709,0.175,625.848,0.000593
3503,0.02462655,0.03005740,0.174,626.030,0.000593
3504,0.02475489,0.03007278,0.171,626.208,0.000592
3505,0.02463162,0.03005623,0.170,626.385,0.000592
3506,0.02462316,0.03015637,0.170,626.563,0.000591
3507,0.02490173,0.03007200,0.172,626.742,0.000591
3508,0.02481579,0.03014312,0.171,626.920,0.000590
3509,0.02483727,0.03008204,0.171,627.098,0.000589
3510,0.02464607,0.03007958,0.170,627.275,0.000589
3511,0.02454254,0.02993468,0.171,627.453,0.000588
3512,0.02452777,0.02997957,0.170,627.631,0.000588
3513,0.02451820,0.02991345,0.170,627.808,0.000587
3514,0.02456802,0.02987401,0.171,627.986,0.000587
3515,0.02455290,0.03002130,0.171,628.164,0.000586
3516,0.02455813,0.02999880,0.170,628.341,0.000586
3517,0.02455697,0.03005266,0.170,628.518,0.000585
3518,0.02462747,0.02996975,0.171,628.696,0.000585
3519,0.02475894,0.03010158,0.171,628.874,0.000584
3520,0.02485447,0.03000009,0.170,629.052,0.000584
3521,0.02474424,0.03001974,0.171,629.230,0.000583
3522,0.02470155,0.03009072,0.175,629.412,0.000583
3523,0.02469890,0.03018569,0.170,629.590,0.000582
3524,0.02468909,0.03022167,0.170,629.767,0.000581
3525,0.02477276,0.03018696,0.170,629.945,0.000581
3526,0.02498088,0.03029195,0.171,630.122,0.000580
3527,0.02495882,0.03017627,0.171,630.301,0.000580
3528,0.02491619,0.03026496,0.170,630.478,0.000579
3529,0.02494950,0.03017009,0.170,630.655,0.000579
3530,0.02486295,0.03015424,0.171,630.834,0.000578
3531,0.02478776,0.03012143,0.170,631.011,0.000578
3532,0.02479299,0.03015811,0.170,631.189,0.000577
3533,0.02472123,0.03015765,0.170,631.367,0.000577
3534,0.02469862,0.03018484,0.171,631.544,0.000576
3535,0.02463043,0.03010497,0.170,631.722,0.000576
3536,0.02444709,0.03012585,0.170,631.899,0.000575
3537,0.02445295,0.03011068,0.170,632.077,0.000574
3538,0.02446985,0.03013784,0.170,632.253,0.000574
3539,0.02441487,0.03002059,0.170,632.431,0.000573
3540,0.02434980,0.03000726,0.174,632.612,0.000573
3541,0.02441347,0.03000889,0.174,632.793,0.000572
3542,0.02439202,0.03009801,0.173,632.974,0.000572
3543,0.02441685,0.03007427,0.173,633.154,0.000571
3544,0.02435893,0.03001492,0.171,633.332,0.000571
3545,0.02425327,0.03011385,0.170,633.509,0.000570
3546,0.02431826,0.03014466,0.170,633.686,0.000570
3547,0.02433304,0.03002679,0.170,633.863,0.000569
3548,0.02434094,0.03011944,0.170,634.041,0.000569
3549,0.02440259,0.03010011,0.170,634.218,0.000568
3550,0.02440193,0.03021600,0.171,634.396,0.000567
3551,0.02455548,0.03014683,0.170,634.573,0.000567
3552,0.02461008,0.03019265,0.171,634.752,0.000566
3553,0.02451299,0.03012231,0.170,634.928,0.000566
3554,0.02444485,0.03010452,0.170,635.106,0.000565
3555,0.02450278,0.03014429,0.170,635.283,0.000565
3556,0.02455976,0.03021564,0.171,635.460,0.000564
3557,0.02473393,0.03024290,0.170,635.638,0.000564
3558,0.02484295,0.03023341,0.171,635.817,0.000563
3559,0.02472313,0.03018510,0.170,635.994,0.000563
3560,0.02457240,0.03018816,0.170,636.172,0.000562
3561,0.02449988,0.03024766,0.171,636.350,0.000561
3562,0.02447744,0.03016230,0.170,636.527,0.000561
3563,0.02441847,0.03011088,0.171,636.705,0.000560
3564,0.02435874,0.03016455,0.171,636.883,0.000560
3565,0.02448489,0.03012514,0.170,637.061,0.000559
3566,0.02447377,0.03015507,0.171,637.239,0.000559
3567,0.02437407,0.03015892,0.170,637.417,0.000558
3568,0.02431381,0.03019338,0.171,637.595,0.000558
3569,0.02435042,0.03022863,0.170,637.773,0.000557
3570,0.02435356,0.03021099,0.171,637.951,0.000557
3571,0.02439565,0.03021707,0.170,638.128,0.000556
3572,0.02449629,0.03021482,0.171,638.306,0.000555
3573,0.02441838,0.03021350,0.170,638.483,0.000555
3574,0.02436653,0.03019433,0.171,638.662,0.000554
3575,0.02432654,0.03021042,0.171,638.840,0.000554
3576,0.02433128,0.03021116,0.171,639.018,0.000553
3577,0.02432639,0.03017405,0.170,639.195,0.000553
3578,0.02437528,0.03014156,0.170,639.372,0.000552
3579,0.02424632,0.03017515,0.170,639.550,0.000552
3580,0.02438119,0.03014216,0.177,639.735,0.000551
3581,0.02432388,0.03017579,0.171,639.913,0.000551
3582,0.02426914,0.03019430,0.171,640.091,0.000550
3583,0.02452688,0.03034091,0.171,640.269,0.000549
3584,0.02458451,0.03020344,0.172,640.448,0.000549
3585,0.02456929,0.03021597,0.170,640.625,0.000548
3586,0.02461756,0.03033692,0.170,640.803,0.000548
3587,0.02449507,0.03019708,0.170,640.981,0.000547
3588,0.02442841,0.03017591,0.171,641.159,0.000547
3589,0.02429291,0.03024191,0.171,641.337,0.000546
3590,0.02428253,0.03018940,0.170,641.514,0.000546
3591,0.02447548,0.03022301,0.171,641.692,0.000545
3592,0.02449525,0.03027257,0.170,641.870,0.000545
3593,0.02445717,0.03026238,0.170,642.047,0.000544
3594,0.02444427,0.03037086,0.170,642.225,0.000543
3595,0.02445504,0.03030487,0.170,642.402,0.000543
3596,0.02442161,0.03033955,0.170,642.580,0.000542
3597,0.02456367,0.03037124,0.170,642.757,0.000542
3598,0.02448400,0.03027128,0.171,642.935,0.000541
3599,0.02435480,0.03022002,0.170,643.112,0.000541
3600,0.02433225,0.03037933,0.170,643.290,0.000540
3601,0.02450935,0.03042753,0.170,643.467,0.000540
3602,0.02455173,0.03032209,0.170,643.644,0.000539
3603,0.02451805,0.03028592,0.171,643.822,0.000539
3604,0.02439948,0.03024101,0.171,644.000,0.000538
3605,0.02435172,0.03026934,0.170,644.177,0.000537
3606,0.02428577,0.03019296,0.171,644.355,0.000537
3607,0.02417191,0.03026233,0.170,644.533,0.000536
3608,0.02420713,0.03021963,0.171,644.711,0.000536
3609,0.02420569,0.03017672,0.171,644.889,0.000535
3610,0.02422824,0.03021643,0.170,645.066,0.000535
3611,0.02430870,0.03019891,0.170,645.243,0.000534
3612,0.02426471,0.03010157,0.171,645.421,0.000534
3613,0.02413643,0.03026870,0.169,645.597,0.000533
3614,0.02432830,0.03027994,0.171,645.776,0.000532
3615,0.02428070,0.03016161,0.171,645.953,0.000532
3616,0.02421238,0.03017382,0.171,646.132,0.000531
3617,0.02425273,0.03022930,0.172,646.311,0.000531
3618,0.02427920,0.03012815,0.171,646.489,0.000530
3619,0.02422464,0.03010020,0.172,646.668,0.000530
3620,0.02425983,0.03018585,0.170,646.846,0.000529
3621,0.02419471,0.03016050,0.170,647.023,0.000529
3622,0.02426252,0.03026677,0.172,647.202,0.000528
3623,0.02424885,0.03020927,0.170,647.380,0.000527
3624,0.02443683,0.03024745,0.171,647.559,0.000527
3625,0.02435944,0.03026583,0.171,647.737,0.000526
3626,0.02419879,0.03021317,0.171,647.916,0.000526
3627,0.02408363,0.03024425,0.170,648.093,0.000525
3628,0.02404844,0.03030386,0.170,648.271,0.000525
3629,0.02403502,0.03019806,0.172,648.450,0.000524
3630,0.02413564,0.03036456,0.171,648.629,0.000524
3631,0.02429781,0.03037602,0.171,648.807,0.000523
3632,0.02428516,0.03022824,0.171,648.986,0.000523
3633,0.02416719,0.03032338,0.170,649.164,0.000522
3634,0.02419031,0.03040896,0.170,649.341,0.000521
3635,0.02414664,0.03023646,0.171,649.520,0.000521
3636,0.02426552,0.03026325,0.172,649.699,0.000520
3637,0.02416763,0.03022731,0.172,649.878,0.000520
3638,0.02407619,0.03024125,0.173,650.059,0.000519
3639,0.02409473,0.03019473,0.171,650.238,0.000519
3640,0.02413053,0.03026393,0.171,650.416,0.000518
3641,0.02419763,0.03020315,0.170,650.594,0.000518
3642,0.02411882,0.03015433,0.171,650.772,0.000517
3643,0.02418085,0.03022996,0.170,650.950,0.000516
3644,0.02416406,0.03029098,0.172,651.129,0.000516
3645,0.02408359,0.03020766,0.172,651.309,0.000515
3646,0.02401969,0.03024341,0.173,651.489,0.000515
3647,0.02406088,0.03017771,0.171,651.668,0.000514
3648,0.02406005,0.03024082,0.170,651.845,0.000514
3649,0.02397119,0.03018498,0.170,652.023,0.000513
3650,0.02398793,0.03024316,0.171,652.202,0.000513
3651,0.02404540,0.03025540,0.171,652.380,0.000512
3652,0.02395124,0.03025684,0.172,652.559,0.000511
3653,0.02390781,0.03023638,0.171,652.738,0.000511
3654,0.02421385,0.03030947,0.171,652.917,0.000510
3655,0.02414449,0.03012594,0.170,653.094,0.000510
3656,0.02410816,0.03012786,0.172,653.274,0.000509
3657,0.02409392,0.03009235,0.171,653.452,0.000509
3658,0.02401394,0.03010132,0.173,653.632,0.000508
3659,0.02396440,0.03009471,0.171,653.810,0.000508
3660,0.02404073,0.03012378,0.171,653.989,0.000507
3661,0.02392144,0.03017091,0.171,654.167,0.000506
3662,0.02391598,0.03007555,0.171,654.345,0.000506
3663,0.02386187,0.03022205,0.170,654.523,0.000505
3664,0.02390584,0.03028977,0.173,654.703,0.000505
3665,0.02392806,0.03019696,0.170,654.881,0.000504
3666,0.02399742,0.03024195,0.179,655.066,0.000504
3667,0.02393292,0.03019462,0.173,655.247,0.000503
3668,0.02415094,0.03031805,0.172,655.426,0.000503
3669,0.02426058,0.03035225,0.172,655.605,0.000502
3670,0.02415868,0.03024921,0.171,655.783,0.000501
3671,0.02418924,0.03041356,0.171,655.962,0.000501
3672,0.02418894,0.03038094,0.170,656.140,0.000500
3673,0.02415169,0.03030810,0.170,656.317,0.000500
3674,0.02410637,0.03030052,0.171,656.495,0.000499
3675,0.02396839,0.03020610,0.171,656.673,0.000499
3676,0.02398670,0.03026676,0.172,656.853,0.000498
3677,0.02395195,0.03028387,0.171,657.031,0.000498
3678,0.02389262,0.03026389,0.175,657.213,0.000497
3679,0.02390986,0.03028713,0.172,657.393,0.000496
3680,0.02397051,0.03040862,0.172,657.572,0.000496
3681,0.02399906,0.03030270,0.172,657.751,0.000495
3682,0.02396354,0.03027991,0.180,657.939,0.000495
3683,0.02397742,0.03034112,0.171,658.117,0.000494
3684,0.02409800,0.03037847,0.172,658.296,0.000494
3685,0.02436615,0.03042402,0.170,658.474,0.000493
3686,0.02435178,0.03045468,0.172,658.653,0.000493
3687,0.02427183,0.03038441,0.171,658.831,0.000492
3688,0.02426271,0.03042628,0.178,659.017,0.000491
3689,0.02419509,0.03038862,0.174,659.197,0.000491
3690,0.02398205,0.03021976,0.173,659.378,0.000490
3691,0.02394279,0.03029234,0.171,659.556,0.000490
3692,0.02405950,0.03030767,0.172,659.736,0.000489
3693,0.02408349,0.03029521,0.171,659.914,0.000489
3694,0.02415232,0.03036044,0.173,660.094,0.000488
3695,0.02412554,0.03048177,0.174,660.275,0.000487
3696,0.02418451,0.03055603,0.173,660.456,0.000487
3697,0.02419453,0.03050695,0.174,660.638,0.000486
3698,0.02408021,0.03034022,0.173,660.818,0.000486
3699,0.02399378,0.03033823,0.172,660.998,0.000485
3700,0.02409969,0.03037244,0.173,661.178,0.000485
3701,0.02424879,0.03036570,0.179,661.364,0.000484
3702,0.02423611,0.03043996,0.172,661.544,0.000484
3703,0.02414428,0.03034064,0.173,661.725,0.000483
3704,0.02416365,0.03036574,0.173,661.906,0.000482
3705,0.02413375,0.03035413,0.173,662.086,0.000482
3706,0.02401176,0.03046548,0.173,662.267,0.000481
3707,0.02401052,0.03045523,0.174,662.447,0.000481
3708,0.02390780,0.03042755,0.173,662.628,0.000480
3709,0.02406408,0.03042488,0.173,662.808,0.000480
3710,0.02394186,0.03032207,0.173,662.989,0.000479
3711,0.02389317,0.03034045,0.173,663.169,0.000479
3712,0.02378899,0.03037615,0.173,663.350,0.000478
3713,0.02387068,0.03035954,0.172,663.529,0.000477
3714,0.02393601,0.03033490,0.172,663.708,0.000477
3715,0.02388788,0.03032448,0.172,663.888,0.000476
3716,0.02389100,0.03039668,0.172,664.068,0.000476
3717,0.02383249,0.03034042,0.176,664.251,0.000475
3718,0.02377351,0.03034589,0.174,664.433,0.000475
3719,0.02379991,0.03034068,0.173,664.613,0.000474
3720,0.02380767,0.03043860,0.173,664.793,0.000474
3721,0.02386121,0.03048760,0.173,664.973,0.000473
3722,0.02393147,0.03044041,0.173,665.153,0.000472
3723,0.02385658,0.03046448,0.173,665.334,0.000472
3724,0.02386036,0.03041898,0.172,665.514,0.000471
3725,0.02394929,0.03040114,0.173,665.694,0.000471
3726,0.02392081,0.03032017,0.173,665.874,0.000470
3727,0.02394797,0.03048775,0.172,666.054,0.000470
3728,0.02392751,0.03042687,0.173,666.234,0.000469
3729,0.02387009,0.03037236,0.172,666.414,0.000469
3730,0.02380370,0.03044593,0.172,666.594,0.000468
3731,0.02391695,0.03047677,0.173,666.774,0.000467
3732,0.02398467,0.03051585,0.173,666.954,0.000467
3733,0.02384910,0.03054643,0.176,667.138,0.000466
3734,0.02392499,0.03046938,0.171,667.317,0.000466
3735,0.02387614,0.03044459,0.172,667.497,0.000465
3736,0.02379367,0.03058621,0.173,667.677,0.000465
3737,0.02380606,0.03044954,0.171,667.855,0.000464
3738,0.02393707,0.03027042,0.171,668.034,0.000463
3739,0.02392323,0.03032846,0.170,668.211,0.000463
3740,0.02386610,0.03043167,0.171,668.389,0.000462
3741,0.02383501,0.03032009,0.172,668.569,0.000462
3742,0.02373013,0.03036358,0.172,668.748,0.000461
3743,0.02379718,0.03038795,0.171,668.927,0.000461
3744,0.02369743,0.03034506,0.171,669.105,0.000460
3745,0.02365575,0.03037142,0.171,669.284,0.000460
3746,0.02362754,0.03029908,0.171,669.462,0.000459
3747,0.02367817,0.03033507,0.171,669.641,0.000458
3748,0.02376223,0.03045348,0.170,669.818,0.000458
3749,0.02377221,0.03027300,0.170,669.995,0.000457
3750,0.02383347,0.03032361,0.171,670.174,0.000457
3751,0.02389942,0.03028651,0.172,670.352,0.000456
3752,0.02386677,0.03030061,0.171,670.531,0.000456
3753,0.02373361,0.03020847,0.171,670.709,0.000455
3754,0.02363386,0.03028815,0.171,670.888,0.000455
3755,0.02357875,0.03028294,0.171,671.066,0.000454
3756,0.02353314,0.03027969,0.171,671.244,0.000453
3757,0.02350649,0.03022680,0.170,671.421,0.000453
3758,0.02348020,0.03032085,0.170,671.598,0.000452
3759,0.02343858,0.03024099,0.170,671.776,0.000452
3760,0.02347083,0.03028188,0.171,671.954,0.000451
3761,0.02352385,0.03038462,0.170,672.131,0.000451
3762,0.02393611,0.03031603,0.171,672.309,0.000450
3763,0.02382959,0.03028624,0.171,672.488,0.000449
3764,0.02373863,0.03033077,0.171,672.666,0.000449
3765,0.02370288,0.03027416,0.171,672.845,0.000448
3766,0.02368481,0.03024298,0.171,673.023,0.000448
3767,0.02376641,0.03027519,0.170,673.200,0.000447
3768,0.02371811,0.03022837,0.171,673.378,0.000447
3769,0.02366704,0.03031665,0.170,673.555,0.000446
3770,0.02370044,0.03035799,0.171,673.733,0.000446
3771,0.02368505,0.03024106,0.178,673.918,0.000445
3772,0.02360399,0.03029891,0.171,674.096,0.000444
3773,0.02354617,0.03031059,0.172,674.276,0.000444
3774,0.02363233,0.03034749,0.170,674.454,0.000443
3775,0.02361809,0.03027493,0.171,674.632,0.000443
3776,0.02368234,0.03036869,0.170,674.809,0.000442
3777,0.02378809,0.03033707,0.172,674.989,0.000442
3778,0.02366967,0.03036129,0.172,675.168,0.000441
3779,0.02360856,0.03028888,0.171,675.346,0.000441
3780,0.02355706,0.03037304,0.170,675.523,0.000440
3781,0.02357998,0.03034388,0.171,675.701,0.000439
3782,0.02354590,0.03028538,0.170,675.878,0.000439
3783,0.02348546,0.03030758,0.170,676.055,0.000438
3784,0.02343200,0.03025482,0.170,676.232,0.000438
3785,0.02341478,0.03035596,0.171,676.410,0.000437
3786,0.02347353,0.03026704,0.171,676.588,0.000437
3787,0.02336018,0.03032920,0.170,676.766,0.000436
3788,0.02344772,0.03034498,0.171,676.945,0.000436
3789,0.02359474,0.03032691,0.172,677.123,0.000435
3790,0.02358392,0.03042136,0.170,677.301,0.000434
3791,0.02364111,0.03033412,0.179,677.488,0.000434
3792,0.02359568,0.03031281,0.172,677.666,0.000433
3793,0.02347444,0.03035598,0.171,677.844,0.000433
3794,0.02343065,0.03032090,0.171,678.022,0.000432
3795,0.02338654,0.03034113,0.173,678.202,0.000432
3796,0.02333019,0.03036851,0.171,678.380,0.000431
3797,0.02336815,0.03038888,0.171,678.559,0.000430
3798,0.02347990,0.03044907,0.171,678.737,0.000430
3799,0.02354109,0.03035257,0.172,678.916,0.000429
3800,0.02346912,0.03038084,0.171,679.094,0.000429
3801,0.02346637,0.03035156,0.170,679.272,0.000428
3802,0.02353387,0.03035439,0.177,679.456,0.000428
3803,0.02360390,0.03030099,0.172,679.635,0.000427
3804,0.02356855,0.03044601,0.172,679.814,0.000427
3805,0.02354159,0.03039194,0.173,679.994,0.000426
3806,0.02352636,0.03044060,0.170,680.172,0.000425
3807,0.02351973,0.03040274,0.171,680.350,0.000425
3808,0.02346848,0.03037856,0.172,680.529,0.000424
3809,0.02343980,0.03030763,0.172,680.708,0.000424
3810,0.02341555,0.03039533,0.170,680.885,0.000423
3811,0.02338790,0.03039930,0.171,681.063,0.000423
3812,0.02330145,0.03030601,0.170,681.240,0.000422
3813,0.02329440,0.03031300,0.170,681.418,0.000422
3814,0.02332964,0.03032564,0.174,681.599,0.000421
3815,0.02333657,0.03042350,0.171,681.777,0.000420
3816,0.02352016,0.03045203,0.171,681.955,0.000420
3817,0.02341165,0.03039853,0.174,682.137,0.000419
3818,0.02336370,0.03034668,0.175,682.319,0.000419
3819,0.02329641,0.03034988,0.173,682.499,0.000418
3820,0.02328825,0.03025516,0.174,682.680,0.000418
3821,0.02323032,0.03025546,0.173,682.861,0.000417
3822,0.02321608,0.03028109,0.170,683.038,0.000417
3823,0.02325019,0.03033216,0.172,683.218,0.000416
3824,0.02324627,0.03030569,0.170,683.395,0.000415
3825,0.02325964,0.03036536,0.171,683.573,0.000415
3826,0.02325257,0.03036252,0.171,683.751,0.000414
3827,0.02324148,0.03028790,0.171,683.929,0.000414
3828,0.02328217,0.03034081,0.170,684.107,0.000413
3829,0.02323517,0.03033386,0.171,684.285,0.000413
3830,0.02324317,0.03034381,0.170,684.462,0.000412
3831,0.02338516,0.03036879,0.170,684.640,0.000412
3832,0.02334917,0.03040381,0.171,684.818,0.000411
3833,0.02333410,0.03046818,0.178,685.004,0.000410
3834,0.02330224,0.03044444,0.176,685.187,0.000410
3835,0.02326719,0.03048204,0.173,685.367,0.000409
3836,0.02325023,0.03051338,0.179,685.554,0.000409
3837,0.02328677,0.03046392,0.179,685.741,0.000408
3838,0.02320547,0.03037524,0.170,685.919,0.000408
3839,0.02319744,0.03043686,0.179,686.105,0.000407
3840,0.02344821,0.03044107,0.175,686.288,0.000406
3841,0.02350645,0.03041490,0.176,686.471,0.000406
3842,0.02345288,0.03035469,0.171,686.650,0.000405
3843,0.02350772,0.03045802,0.176,686.833,0.000405
3844,0.02348193,0.03047117,0.177,687.017,0.000404
3845,0.02333225,0.03047238,0.171,687.195,0.000404
3846,0.02329958,0.03041787,0.173,687.376,0.000403
3847,0.02328081,0.03039853,0.171,687.554,0.000403
3848,0.02330880,0.03044215,0.169,687.731,0.000402
3849,0.02347504,0.03050326,0.170,687.909,0.000401
3850,0.02344190,0.03043084,0.173,688.089,0.000401
3851,0.02337174,0.03050500,0.171,688.268,0.000400
3852,0.02340229,0.03041072,0.172,688.447,0.000400
3853,0.02332212,0.03050920,0.171,688.625,0.000399
3854,0.02332729,0.03049437,0.170,688.803,0.000399
3855,0.02336495,0.03057688,0.171,688.981,0.000398
3856,0.02335176,0.03048414,0.172,689.160,0.000398
3857,0.02324574,0.03046429,0.171,689.339,0.000397
3858,0.02325115,0.03051519,0.174,689.520,0.000396
3859,0.02322228,0.03045921,0.170,689.697,0.000396
3860,0.02331400,0.03051779,0.170,689.874,0.000395
3861,0.02340031,0.03055391,0.170,690.052,0.000395
3862,0.02330797,0.03051439,0.170,690.229,0.000394
3863,0.02332915,0.03050630,0.170,690.406,0.000394
3864,0.02331578,0.03049468,0.171,690.585,0.000393
3865,0.02332411,0.03041376,0.172,690.764,0.000393
3866,0.02327331,0.03053190,0.170,690.942,0.000392
3867,0.02319849,0.03053579,0.187,691.136,0.000392
3868,0.02326431,0.03048267,0.170,691.313,0.000391
3869,0.02324112,0.03054251,0.170,691.491,0.000390
3870,0.02326373,0.03040166,0.170,691.668,0.000390
3871,0.02321893,0.03039263,0.177,691.852,0.000389
3872,0.02328556,0.03054422,0.182,692.041,0.000389
3873,0.02335239,0.03054398,0.172,692.221,0.000388
3874,0.02331967,0.03051030,0.178,692.406,0.000388
3875,0.02336476,0.03046987,0.178,692.592,0.000387
3876,0.02332204,0.03052717,0.177,692.776,0.000387
3877,0.02334567,0.03055595,0.175,692.958,0.000386
3878,0.02330173,0.03046360,0.171,693.137,0.000385
3879,0.02322405,0.03055724,0.182,693.327,0.000385
3880,0.02327244,0.03049694,0.199,693.534,0.000384
3881,0.02327910,0.03050269,0.181,693.723,0.000384
3882,0.02322728,0.03055683,0.172,693.902,0.000383
3883,0.02322039,0.03051361,0.170,694.079,0.000383
3884,0.02320248,0.03052670,0.177,694.264,0.000382
3885,0.02323216,0.03053438,0.176,694.448,0.000382
3886,0.02325976,0.03057063,0.173,694.628,0.000381
3887,0.02321507,0.03060291,0.171,694.807,0.000380
3888,0.02318308,0.03053900,0.172,694.986,0.000380
3889,0.02321629,0.03056066,0.181,695.174,0.000379
3890,0.02313813,0.03059687,0.180,695.362,0.000379
3891,0.02310889,0.03054143,0.177,695.547,0.000378
3892,0.02321328,0.03062443,0.178,695.732,0.000378
3893,0.02325333,0.03055753,0.171,695.910,0.000377
3894,0.02323589,0.03057320,0.170,696.087,0.000377
3895,0.02312334,0.03056827,0.170,696.265,0.000376
3896,0.02308019,0.03051681,0.171,696.443,0.000375
3897,0.02304155,0.03054417,0.170,696.621,0.000375
3898,0.02303637,0.03052830,0.171,696.799,0.000374
3899,0.02301626,0.03055380,0.171,696.978,0.000374
3900,0.02303488,0.03056888,0.184,697.170,0.000373
3901,0.02303538,0.03058205,0.175,697.352,0.000373
3902,0.02310839,0.03053785,0.172,697.532,0.000372
3903,0.02302563,0.03060805,0.171,697.710,0.000372
3904,0.02308616,0.03056754,0.171,697.889,0.000371
3905,0.02318996,0.03061232,0.171,698.067,0.000371
3906,0.02314419,0.03059917,0.171,698.245,0.000370
3907,0.02308123,0.03059260,0.170,698.422,0.000369
3908,0.02315356,0.03066340,0.171,698.601,0.000369
3909,0.02315033,0.03065723,0.170,698.778,0.000368
3910,0.02311188,0.03065324,0.171,698.957,0.000368
3911,0.02306747,0.03060531,0.171,699.135,0.000367
3912,0.02318226,0.03066758,0.170,699.313,0.000367
3913,0.02314001,0.03066857,0.177,699.497,0.000366
3914,0.02310035,0.03066215,0.171,699.675,0.000366
3915,0.02317337,0.03058455,0.171,699.853,0.000365
3916,0.02316586,0.03063586,0.171,700.032,0.000365
3917,0.02338386,0.03069233,0.171,700.210,0.000364
3918,0.02335695,0.03072079,0.170,700.388,0.000363
3919,0.02330475,0.03068699,0.173,700.568,0.000363
3920,0.02321912,0.03075674,0.175,700.750,0.000362
3921,0.02316983,0.03065228,0.171,700.928,0.000362
3922,0.02309737,0.03071449,0.174,701.110,0.000361
3923,0.02312153,0.03071309,0.171,701.288,0.000361
3924,0.02335183,0.03073091,0.172,701.467,0.000360
3925,0.02323125,0.03068084,0.188,701.662,0.000360
3926,0.02318785,0.03067150,0.174,701.843,0.000359
3927,0.02317205,0.03064370,0.173,702.024,0.000358
3928,0.02306902,0.03064690,0.170,702.201,0.000358
3929,0.02302037,0.03061357,0.170,702.378,0.000357
3930,0.02301880,0.03064531,0.170,702.556,0.000357
3931,0.02311009,0.03073646,0.180,702.744,0.000356
3932,0.02305335,0.03068070,0.171,702.922,0.000356
3933,0.02302129,0.03068784,0.170,703.100,0.000355
3934,0.02303561,0.03075079,0.172,703.280,0.000355
3935,0.02299207,0.03081048,0.177,703.465,0.000354
3936,0.02304443,0.03079591,0.176,703.648,0.000354
3937,0.02312774,0.03067372,0.172,703.828,0.000353
3938,0.02317334,0.03066885,0.172,704.007,0.000353
3939,0.02327803,0.03077307,0.172,704.186,0.000352
3940,0.02325189,0.03073511,0.172,704.365,0.000351
3941,0.02318117,0.03074509,0.176,704.549,0.000351
3942,0.02307766,0.03072087,0.174,704.731,0.000350
3943,0.02304490,0.03068210,0.171,704.909,0.000350
3944,0.02306112,0.03066819,0.187,705.104,0.000349
3945,0.02303713,0.03073704,0.172,705.283,0.000349
3946,0.02310919,0.03070407,0.172,705.463,0.000348
3947,0.02314410,0.03067757,0.176,705.646,0.000348
3948,0.02311878,0.03072055,0.175,705.828,0.000347
3949,0.02314156,0.03063322,0.178,706.013,0.000347
3950,0.02308110,0.03066003,0.173,706.194,0.000346
3951,0.02303827,0.03073191,0.175,706.375,0.000345
3952,0.02304024,0.03071002,0.175,706.557,0.000345
3953,0.02302331,0.03070579,0.172,706.737,0.000344
3954,0.02305135,0.03079269,0.177,706.921,0.000344
3955,0.02310740,0.03066535,0.174,707.103,0.000343
3956,0.02305111,0.03078016,0.173,707.283,0.000343
3957,0.02304818,0.03076868,0.177,707.468,0.000342
3958,0.02297669,0.03071249,0.178,707.653,0.000342
3959,0.02298358,0.03069042,0.178,707.839,0.000341
3960,0.02295800,0.03076020,0.171,708.017,0.000341
3961,0.02300441,0.03080585,0.170,708.194,0.000340
3962,0.02305047,0.03070286,0.171,708.372,0.000339
3963,0.02300328,0.03077185,0.171,708.550,0.000339
3964,0.02303922,0.03073748,0.171,708.728,0.000338
3965,0.02294268,0.03071128,0.170,708.906,0.000338
3966,0.02294857,0.03068050,0.170,709.084,0.000337
3967,0.02300409,0.03076955,0.177,709.268,0.000337
3968,0.02304205,0.03073065,0.182,709.458,0.000336
3969,0.02314139,0.03082951,0.181,709.646,0.000336
3970,0.02320593,0.03088660,0.187,709.840,0.000335
3971,0.02313404,0.03079575,0.175,710.023,0.000335
3972,0.02307226,0.03079435,0.170,710.201,0.000334
3973,0.02299250,0.03075954,0.174,710.382,0.000334
3974,0.02299186,0.03077496,0.177,710.566,0.000333
3975,0.02307504,0.03085510,0.173,710.746,0.000332
3976,0.02307232,0.03078577,0.171,710.924,0.000332
3977,0.02303820,0.03077768,0.177,711.109,0.000331
3978,0.02301899,0.03078698,0.172,711.287,0.000331
3979,0.02307792,0.03084529,0.172,711.467,0.000330
3980,0.02308479,0.03084341,0.172,711.646,0.000330
3981,0.02300167,0.03081493,0.173,711.826,0.000329
3982,0.02295729,0.03077147,0.170,712.003,0.000329
3983,0.02303368,0.03082270,0.170,712.181,0.000328
3984,0.02315743,0.03080228,0.170,712.359,0.000328
3985,0.02312965,0.03084132,0.171,712.537,0.000327
3986,0.02306005,0.03082843,0.172,712.716,0.000327
3987,0.02297555,0.03080004,0.176,712.899,0.000326
3988,0.02298013,0.03083096,0.172,713.079,0.000325
3989,0.02299845,0.03094765,0.171,713.257,0.000325
3990,0.02299419,0.03086576,0.171,713.435,0.000324
3991,0.02291236,0.03082950,0.171,713.613,0.000324
3992,0.02290163,0.03079012,0.170,713.790,0.000323
3993,0.02290054,0.03087548,0.170,713.968,0.000323
3994,0.02287216,0.03087486,0.170,714.145,0.000322
3995,0.02291413,0.03094508,0.170,714.323,0.000322
3996,0.02292556,0.03091549,0.170,714.499,0.000321
3997,0.02289214,0.03093206,0.171,714.677,0.000321
3998,0.02295520,0.03085369,0.173,714.858,0.000320
3999,0.02287239,0.03084961,0.172,715.037,0.000320
4000,0.02289307,0.03088517,0.174,715.218,0.000319
4001,0.02295765,0.03085850,0.171,715.396,0.000319
4002,0.02304474,0.03083590,0.170,715.574,0.000318
4003,0.02298262,0.03083410,0.171,715.752,0.000317
4004,0.02302705,0.03085863,0.170,715.928,0.000317
4005,0.02295094,0.03087335,0.170,716.105,0.000316
4006,0.02297141,0.03085478,0.172,716.284,0.000316
4007,0.02296575,0.03091514,0.171,716.462,0.000315
4008,0.02313566,0.03085223,0.171,716.640,0.000315
4009,0.02316985,0.03085349,0.171,716.818,0.000314
4010,0.02320838,0.03087740,0.171,716.996,0.000314
4011,0.02312867,0.03088279,0.173,717.177,0.000313
4012,0.02306260,0.03084285,0.170,717.354,0.000313
4013,0.02304019,0.03091733,0.170,717.531,0.000312
4014,0.02302487,0.03092167,0.170,717.709,0.000312
4015,0.02299369,0.03092748,0.174,717.890,0.000311
4016,0.02293062,0.03085388,0.171,718.069,0.000311
4017,0.02292050,0.03090458,0.175,718.252,0.000310
4018,0.02289457,0.03089152,0.184,718.444,0.000310
4019,0.02284283,0.03085356,0.184,718.635,0.000309
4020,0.02282315,0.03086719,0.180,718.823,0.000308
4021,0.02285396,0.03085316,0.185,719.016,0.000308
4022,0.02283983,0.03082286,0.185,719.208,0.000307
4023,0.02293846,0.03086447,0.177,719.393,0.000307
4024,0.02291937,0.03093264,0.176,719.577,0.000306
4025,0.02301468,0.03100877,0.173,719.757,0.000306
4026,0.02303209,0.03088904,0.171,719.935,0.000305
4027,0.02299000,0.03096736,0.174,720.116,0.000305
4028,0.02296650,0.03104205,0.170,720.293,0.000304
4029,0.02295099,0.03098216,0.176,720.476,0.000304
4030,0.02285932,0.03096912,0.171,720.655,0.000303
4031,0.02283065,0.03099376,0.171,720.833,0.000303
4032,0.02277044,0.03098953,0.174,721.015,0.000302
4033,0.02277735,0.03101788,0.175,721.198,0.000302
4034,0.02280703,0.03106551,0.171,721.376,0.000301
4035,0.02283755,0.03109183,0.173,721.556,0.000301
4036,0.02287448,0.03106525,0.173,721.736,0.000300
4037,0.02291624,0.03101543,0.171,721.915,0.000300
4038,0.02288607,0.03096261,0.173,722.095,0.000299
4039,0.02288275,0.03105046,0.170,722.273,0.000298
4040,0.02282437,0.03099774,0.189,722.469,0.000298
4041,0.02281774,0.03098012,0.171,722.648,0.000297
4042,0.02275388,0.03098180,0.171,722.826,0.000297
4043,0.02280339,0.03101727,0.171,723.005,0.000296
4044,0.02282475,0.03096997,0.179,723.191,0.000296
4045,0.02277640,0.03098558,0.184,723.382,0.000295
4046,0.02279109,0.03102305,0.178,723.568,0.000295
4047,0.02287583,0.03096896,0.178,723.753,0.000294
4048,0.02283542,0.03096365,0.175,723.935,0.000294
4049,0.02286206,0.03095060,0.177,724.120,0.000293
4050,0.02303857,0.03092330,0.181,724.309,0.000293
4051,0.02294525,0.03093936,0.175,724.491,0.000292
4052,0.02287473,0.03090671,0.174,724.673,0.000292
4053,0.02287995,0.03087996,0.177,724.857,0.000291
4054,0.02284262,0.03096563,0.179,725.044,0.000291
4055,0.02281912,0.03092095,0.172,725.224,0.000290
4056,0.02282292,0.03094130,0.179,725.410,0.000290
4057,0.02280396,0.03090912,0.187,725.604,0.000289
4058,0.02281174,0.03091628,0.190,725.801,0.000289
4059,0.02272969,0.03096732,0.174,725.983,0.000288
4060,0.02274584,0.03101530,0.171,726.161,0.000288
4061,0.02272869,0.03098887,0.171,726.338,0.000287
4062,0.02274449,0.03094978,0.171,726.516,0.000287
4063,0.02276951,0.03102571,0.172,726.695,0.000286
4064,0.02270992,0.03103657,0.171,726.874,0.000285
4065,0.02282460,0.03098878,0.172,727.053,0.000285
4066,0.02283794,0.03101668,0.170,727.230,0.000284
4067,0.02276639,0.03092335,0.172,727.409,0.000284
4068,0.02271472,0.03096738,0.183,727.600,0.000283
4069,0.02272617,0.03095657,0.178,727.786,0.000283
4070,0.02267287,0.03092047,0.173,727.966,0.000282
4071,0.02267871,0.03089927,0.177,728.151,0.000282
4072,0.02266563,0.03095192,0.177,728.335,0.000281
4073,0.02266247,0.03101008,0.170,728.513,0.000281
4074,0.02268040,0.03097077,0.179,728.700,0.000280
4075,0.02266533,0.03092141,0.180,728.887,0.000280
4076,0.02262306,0.03096034,0.176,729.071,0.000279
4077,0.02267381,0.03095363,0.179,729.257,0.000279
4078,0.02268778,0.03102672,0.176,729.440,0.000278
4079,0.02266410,0.03090397,0.171,729.619,0.000278
4080,0.02260105,0.03091302,0.176,729.802,0.000277
4081,0.02259105,0.03091880,0.171,729.981,0.000277
4082,0.02254649,0.03093074,0.170,730.159,0.000276
4083,0.02254328,0.03097033,0.177,730.344,0.000276
4084,0.02251065,0.03096474,0.171,730.522,0.000275
4085,0.02248026,0.03099134,0.173,730.702,0.000275
4086,0.02247292,0.03097259,0.171,730.880,0.000274
4087,0.02252793,0.03096919,0.170,731.058,0.000274
4088,0.02251600,0.03097248,0.173,731.238,0.000273
4089,0.02250103,0.03090365,0.173,731.419,0.000273
4090,0.02248277,0.03099451,0.177,731.603,0.000272
4091,0.02247916,0.03101370,0.174,731.785,0.000272
4092,0.02245440,0.03100090,0.173,731.965,0.000271
4093,0.02243378,0.03096507,0.176,732.148,0.000271
4094,0.02249623,0.03096772,0.184,732.341,0.000270
4095,0.02249837,0.03099579,0.188,732.537,0.000270
4096,0.02245690,0.03094794,0.181,732.725,0.000269
4097,0.02248161,0.03102754,0.179,732.912,0.000269
4098,0.02246016,0.03096907,0.175,733.094,0.000268
4099,0.02248456,0.03098251,0.171,733.273,0.000268
4100,0.02251388,0.03107984,0.173,733.453,0.000267
4101,0.02256203,0.03109429,0.176,733.637,0.000267
4102,0.02251647,0.03105999,0.176,733.820,0.000266
4103,0.02258512,0.03104749,0.173,734.001,0.000266
4104,0.02260870,0.03101313,0.175,734.184,0.000265
4105,0.02263014,0.03104801,0.176,734.368,0.000264
4106,0.02256732,0.03104042,0.172,734.547,0.000264
4107,0.02263939,0.03105693,0.188,734.743,0.000263
4108,0.02264342,0.03106459,0.171,734.922,0.000263
4109,0.02261517,0.03104905,0.171,735.101,0.000262
4110,0.02261259,0.03111770,0.172,735.280,0.000262
4111,0.02263256,0.03112135,0.172,735.460,0.000261
4112,0.02259542,0.03110851,0.173,735.640,0.000261
4113,0.02271981,0.03099484,0.171,735.819,0.000260
4114,0.02276266,0.03101870,0.170,735.996,0.000260
4115,0.02273698,0.03094025,0.170,736.174,0.000259
4116,0.02278971,0.03098210,0.173,736.354,0.000259
4117,0.02274932,0.03104470,0.171,736.532,0.000258
4118,0.02279276,0.03105970,0.174,736.714,0.000258
4119,0.02271808,0.03100295,0.173,736.894,0.000257
4120,0.02272512,0.03101792,0.174,737.076,0.000257
4121,0.02269719,0.03099224,0.172,737.255,0.000256
4122,0.02271150,0.03106998,0.171,737.434,0.000256
4123,0.02270665,0.03098732,0.171,737.612,0.000255
4124,0.02262417,0.03104368,0.172,737.792,0.000255
4125,0.02259083,0.03099878,0.171,737.970,0.000254
4126,0.02259224,0.03108469,0.171,738.148,0.000254
4127,0.02261267,0.03110438,0.171,738.327,0.000253
4128,0.02256476,0.03109467,0.171,738.505,0.000253
4129,0.02255888,0.03116565,0.171,738.683,0.000252
4130,0.02248532,0.03113551,0.171,738.861,0.000252
4131,0.02255962,0.03114514,0.171,739.040,0.000251
4132,0.02265986,0.03127616,0.171,739.218,0.000251
4133,0.02260224,0.03125604,0.170,739.396,0.000250
4134,0.02259537,0.03121495,0.172,739.575,0.000250
4135,0.02258999,0.03120798,0.171,739.754,0.000249
4136,0.02261153,0.03118378,0.171,739.932,0.000249
4137,0.02265801,0.03119932,0.170,740.110,0.000248
4138,0.02273927,0.03118977,0.170,740.287,0.000248
4139,0.02268703,0.03122538,0.171,740.466,0.000247
4140,0.02260271,0.03113428,0.171,740.644,0.000247
4141,0.02259763,0.03117459,0.171,740.822,0.000246
4142,0.02259400,0.03124093,0.171,741.001,0.000246
4143,0.02264492,0.03128149,0.172,741.180,0.000246
4144,0.02259124,0.03110845,0.171,741.358,0.000245
4145,0.02258967,0.03114608,0.171,741.536,0.000245
4146,0.02261828,0.03120860,0.170,741.714,0.000244
4147,0.02258001,0.03120671,0.171,741.892,0.000244
4148,0.02254942,0.03120952,0.171,742.070,0.000243
4149,0.02251632,0.03115190,0.171,742.249,0.000243
4150,0.02252351,0.03113767,0.171,742.427,0.000242
4151,0.02252312,0.03111796,0.171,742.606,0.000242
4152,0.02248337,0.03112976,0.171,742.784,0.000241
4153,0.02247449,0.03113164,0.180,742.972,0.000241
4154,0.02250968,0.03111888,0.172,743.151,0.000240
4155,0.02249252,0.03109890,0.171,743.330,0.000240
4156,0.02253540,0.03112888,0.177,743.513,0.000239
4157,0.02247521,0.03116260,0.173,743.694,0.000239
4158,0.02244166,0.03113795,0.171,743.872,0.000238
4159,0.02247260,0.03111918,0.171,744.050,0.000238
4160,0.02245811,0.03110743,0.171,744.228,0.000237
4161,0.02258620,0.03108116,0.171,744.407,0.000237
4162,0.02257444,0.03103262,0.171,744.585,0.000236
4163,0.02255945,0.03106244,0.170,744.762,0.000236
4164,0.02256336,0.03106316,0.171,744.941,0.000235
4165,0.02255800,0.03101358,0.170,745.118,0.000235
4166,0.02252677,0.03096406,0.172,745.297,0.000234
4167,0.02248397,0.03104384,0.171,745.475,0.000234
4168,0.02246736,0.03104083,0.171,745.654,0.000233
4169,0.02247361,0.03102857,0.171,745.832,0.000233
4170,0.02241074,0.03103977,0.171,746.010,0.000232
4171,0.02237870,0.03108346,0.171,746.188,0.000232
4172,0.02245742,0.03107904,0.171,746.366,0.000231
4173,0.02248581,0.03106983,0.171,746.545,0.000231
4174,0.02241515,0.03111659,0.171,746.723,0.000230
4175,0.02245443,0.03110204,0.171,746.901,0.000230
4176,0.02243331,0.03112230,0.171,747.079,0.000229
4177,0.02243880,0.03103859,0.171,747.257,0.000229
4178,0.02236478,0.03106026,0.171,747.435,0.000228
4179,0.02235190,0.03109539,0.171,747.613,0.000228
4180,0.02235684,0.03104655,0.171,747.791,0.000227
4181,0.02233758,0.03105488,0.171,747.969,0.000227
4182,0.02232703,0.03103514,0.171,748.148,0.000227
4183,0.02236153,0.03107446,0.172,748.327,0.000226
4184,0.02243448,0.03113483,0.171,748.505,0.000226
4185,0.02239545,0.03108180,0.174,748.687,0.000225
4186,0.02236382,0.03112693,0.173,748.867,0.000225
4187,0.02239663,0.03110601,0.174,749.048,0.000224
4188,0.02235973,0.03106883,0.173,749.228,0.000224
4189,0.02233509,0.03112769,0.171,749.406,0.000223
4190,0.02238416,0.03119360,0.178,749.591,0.000223
4191,0.02237317,0.03122548,0.183,749.782,0.000222
4192,0.02232119,0.03116806,0.178,749.967,0.000222
4193,0.02237632,0.03112858,0.173,750.147,0.000221
4194,0.02231102,0.03115395,0.172,750.327,0.000221
4195,0.02226280,0.03119811,0.172,750.506,0.000220
4196,0.02225341,0.03113535,0.173,750.687,0.000220
4197,0.02224098,0.03113979,0.174,750.867,0.000219
4198,0.02228805,0.03111199,0.173,751.048,0.000219
4199,0.02229603,0.03124794,0.172,751.228,0.000218
4200,0.02235024,0.03109891,0.172,751.407,0.000218
4201,0.02229098,0.03111498,0.172,751.587,0.000217
4202,0.02232549,0.03112488,0.175,751.769,0.000217
4203,0.02230403,0.03120137,0.181,751.958,0.000217
4204,0.02228792,0.03115191,0.180,752.144,0.000216
4205,0.02230562,0.03108264,0.173,752.325,0.000216
4206,0.02227760,0.03106250,0.173,752.505,0.000215
4207,0.02233536,0.03107918,0.176,752.689,0.000215
4208,0.02235056,0.03118213,0.173,752.869,0.000214
4209,0.02235748,0.03111138,0.175,753.051,0.000214
4210,0.02237149,0.03118258,0.172,753.231,0.000213
4211,0.02249783,0.03127921,0.173,753.412,0.000213
4212,0.02250355,0.03115986,0.175,753.594,0.000212
4213,0.02241678,0.03121004,0.172,753.773,0.000212
4214,0.02234704,0.03121498,0.175,753.956,0.000211
4215,0.02233990,0.03118395,0.172,754.135,0.000211
4216,0.02230464,0.03119361,0.204,754.347,0.000210
4217,0.02230242,0.03116133,0.181,754.535,0.000210
4218,0.02232435,0.03119430,0.176,754.718,0.000209
4219,0.02227663,0.03118604,0.183,754.909,0.000209
4220,0.02228963,0.03129337,0.179,755.096,0.000209
4221,0.02228353,0.03117785,0.177,755.280,0.000208
4222,0.02222282,0.03123204,0.173,755.461,0.000208
4223,0.02222509,0.03118478,0.173,755.641,0.000207
4224,0.02220315,0.03108346,0.171,755.820,0.000207
4225,0.02228675,0.03118315,0.184,756.011,0.000206
4226,0.02222737,0.03115519,0.186,756.206,0.000206
4227,0.02219701,0.03111137,0.187,756.401,0.000205
4228,0.02220270,0.03115341,0.189,756.598,0.000205
4229,0.02219690,0.03116597,0.191,756.796,0.000204
4230,0.02221693,0.03111036,0.191,756.995,0.000204
4231,0.02219269,0.03117820,0.190,757.193,0.000203
4232,0.02220159,0.03121613,0.190,757.392,0.000203
4233,0.02225557,0.03123172,0.190,757.590,0.000203
4234,0.02220507,0.03118712,0.189,757.786,0.000202
4235,0.02219034,0.03124785,0.189,757.983,0.000202
4236,0.02216924,0.03123924,0.194,758.185,0.000201
4237,0.02215774,0.03123183,0.195,758.388,0.000201
4238,0.02213173,0.03121998,0.180,758.575,0.000200
4239,0.02212624,0.03121232,0.178,758.761,0.000200
4240,0.02211488,0.03121562,0.183,758.951,0.000199
4241,0.02213547,0.03114518,0.175,759.133,0.000199
4242,0.02217330,0.03126625,0.173,759.314,0.000198
4243,0.02226041,0.03124422,0.172,759.493,0.000198
4244,0.02217354,0.03126830,0.172,759.673,0.000197
4245,0.02222511,0.03122087,0.174,759.855,0.000197
4246,0.02220109,0.03116768,0.178,760.040,0.000197
4247,0.02220902,0.03129919,0.177,760.224,0.000196
4248,0.02224451,0.03127716,0.173,760.404,0.000196
4249,0.02235568,0.03124991,0.173,760.584,0.000195
4250,0.02239529,0.03120751,0.172,760.764,0.000195
4251,0.02244247,0.03130514,0.180,760.951,0.000194
4252,0.02234790,0.03120643,0.176,761.135,0.000194
4253,0.02226543,0.03124448,0.173,761.315,0.000193
4254,0.02221928,0.03124381,0.175,761.498,0.000193
4255,0.02229872,0.03133835,0.174,761.680,0.000192
4256,0.02229085,0.03127036,0.177,761.865,0.000192
4257,0.02230614,0.03124654,0.182,762.054,0.000192
4258,0.02226229,0.03127565,0.180,762.241,0.000191
4259,0.02220902,0.03121517,0.186,762.434,0.000191
4260,0.02217966,0.03122088,0.175,762.617,0.000190
4261,0.02216626,0.03121960,0.171,762.796,0.000190
4262,0.02215311,0.03121047,0.172,762.975,0.000189
4263,0.02215954,0.03120186,0.173,763.155,0.000189
4264,0.02218855,0.03124660,0.175,763.338,0.000188
4265,0.02218929,0.03122936,0.172,763.518,0.000188
4266,0.02223201,0.03123856,0.173,763.698,0.000188
4267,0.02215851,0.03121956,0.173,763.878,0.000187
4268,0.02212701,0.03129983,0.172,764.057,0.000187
4269,0.02210055,0.03127693,0.177,764.242,0.000186
4270,0.02210530,0.03127052,0.200,764.450,0.000186
4271,0.02208229,0.03131831,0.256,764.713,0.000185
4272,0.02207844,0.03125521,0.221,764.942,0.000185
4273,0.02208150,0.03119838,0.220,765.170,0.000184
4274,0.02207247,0.03119797,0.199,765.376,0.000184
4275,0.02205936,0.03124914,0.198,765.582,0.000184
4276,0.02214181,0.03128777,0.205,765.795,0.000183
4277,0.02213233,0.03127268,0.204,766.006,0.000183
4278,0.02208430,0.03123902,0.206,766.220,0.000182
4279,0.02209878,0.03123379,0.214,766.442,0.000182
4280,0.02208924,0.03125352,0.213,766.664,0.000181
4281,0.02203767,0.03121810,0.209,766.882,0.000181
4282,0.02205341,0.03123782,0.209,767.099,0.000180
4283,0.02205743,0.03118990,0.211,767.318,0.000180
4284,0.02202711,0.03121407,0.211,767.536,0.000180
4285,0.02201279,0.03128665,0.218,767.761,0.000179
4286,0.02200246,0.03118842,0.207,767.977,0.000179
4287,0.02200137,0.03125740,0.215,768.200,0.000178
4288,0.02200470,0.03118169,0.211,768.419,0.000178
4289,0.02201244,0.03118704,0.222,768.650,0.000177
4290,0.02196731,0.03120936,0.221,768.879,0.000177
4291,0.02197447,0.03122766,0.206,769.093,0.000176
4292,0.02203718,0.03130210,0.210,769.310,0.000176
4293,0.02208039,0.03125724,0.207,769.525,0.000176
4294,0.02213725,0.03123807,0.210,769.744,0.000175
4295,0.02206226,0.03124913,0.215,769.969,0.000175
4296,0.02201030,0.03127554,0.216,770.193,0.000174
4297,0.02199379,0.03124073,0.210,770.411,0.000174
4298,0.02198169,0.03124582,0.214,770.632,0.000173
4299,0.02197554,0.03122340,0.218,770.858,0.000173
4300,0.02194250,0.03123088,0.214,771.080,0.000173
4301,0.02196904,0.03126327,0.215,771.303,0.000172
4302,0.02202014,0.03126487,0.217,771.528,0.000172
4303,0.02206923,0.03125661,0.211,771.747,0.000171
4304,0.02207096,0.03124141,0.211,771.966,0.000171
4305,0.02202759,0.03129537,0.219,772.193,0.000170
4306,0.02199354,0.03125935,0.216,772.418,0.000170
4307,0.02197987,0.03123034,0.217,772.643,0.000170
4308,0.02198881,0.03125922,0.218,772.870,0.000169
4309,0.02197272,0.03125521,0.211,773.088,0.000169
4310,0.02201878,0.03124972,0.216,773.312,0.000168
4311,0.02197155,0.03122555,0.216,773.536,0.000168
4312,0.02193667,0.03128166,0.208,773.753,0.000167
4313,0.02191454,0.03129995,0.211,773.972,0.000167
4314,0.02192433,0.03128105,0.212,774.192,0.000167
4315,0.02193548,0.03127363,0.210,774.410,0.000166
4316,0.02192572,0.03131396,0.212,774.631,0.000166
4317,0.02195334,0.03124299,0.211,774.851,0.000165
4318,0.02191947,0.03133891,0.209,775.068,0.000165
4319,0.02197740,0.03129835,0.211,775.287,0.000164
4320,0.02197593,0.03128209,0.227,775.524,0.000164
4321,0.02201193,0.03132064,0.262,775.794,0.000164
4322,0.02206188,0.03140498,0.244,776.047,0.000163
4323,0.02208789,0.03145778,0.216,776.271,0.000163
4324,0.02205275,0.03129939,0.215,776.494,0.000162
4325,0.02198797,0.03127394,0.252,776.756,0.000162
4326,0.02195092,0.03127823,0.316,777.086,0.000161
4327,0.02192924,0.03127440,0.368,777.465,0.000161
4328,0.02190800,0.03130956,0.275,777.749,0.000161
4329,0.02193629,0.03135099,0.222,777.979,0.000160
4330,0.02194401,0.03130239,0.214,778.201,0.000160
4331,0.02188086,0.03132740,0.216,778.425,0.000159
4332,0.02193596,0.03130986,0.207,778.646,0.000159
4333,0.02204816,0.03135026,0.216,778.870,0.000159
4334,0.02201183,0.03133905,0.214,779.092,0.000158
4335,0.02191892,0.03133315,0.222,779.324,0.000158
4336,0.02191864,0.03130946,0.231,779.563,0.000157
4337,0.02188826,0.03133416,0.229,779.801,0.000157
4338,0.02188532,0.03131778,0.583,780.405,0.000156
4339,0.02190501,0.03136225,1.020,781.448,0.000156
4340,0.02190629,0.03133108,0.711,782.179,0.000156
4341,0.02191090,0.03136440,0.363,782.550,0.000155
4342,0.02187698,0.03129479,0.321,782.881,0.000155
4343,0.02185218,0.03130657,0.353,783.247,0.000154
4344,0.02184137,0.03130511,0.308,783.567,0.000154
4345,0.02180078,0.03136041,0.408,783.988,0.000154
4346,0.02179348,0.03138396,0.323,784.323,0.000153
4347,0.02180396,0.03128332,0.294,784.625,0.000153
4348,0.02182083,0.03131420,0.238,784.871,0.000152
4349,0.02179147,0.03132388,0.229,785.108,0.000152
4350,0.02179290,0.03130843,0.233,785.350,0.000152
4351,0.02180481,0.03129308,0.327,785.689,0.000151
4352,0.02179122,0.03132425,0.439,786.142,0.000151
4353,0.02190649,0.03137737,0.288,786.438,0.000150
4354,0.02193233,0.03130315,0.245,786.690,0.000150
4355,0.02186461,0.03132226,0.222,786.921,0.000149
4356,0.02181144,0.03135614,0.228,787.157,0.000149
4357,0.02182280,0.03132034,0.262,787.428,0.000149
4358,0.02181183,0.03137650,0.350,787.793,0.000148
4359,0.02178812,0.03138146,0.301,788.103,0.000148
4360,0.02179061,0.03128659,0.258,788.371,0.000147
4361,0.02179265,0.03130444,0.425,788.808,0.000147
4362,0.02178402,0.03132537,0.247,789.063,0.000147
4363,0.02179925,0.03133129,0.328,789.400,0.000146
4364,0.02181293,0.03134958,0.284,789.697,0.000146
4365,0.02179514,0.03138226,0.347,790.055,0.000145
4366,0.02181721,0.03135060,0.323,790.388,0.000145
4367,0.02179868,0.03137803,0.297,790.696,0.000145
4368,0.02177632,0.03134184,0.386,791.093,0.000144
4369,0.02175143,0.03135905,0.266,791.368,0.000144
4370,0.02176240,0.03131831,0.253,791.631,0.000143
4371,0.02174022,0.03132707,0.227,791.866,0.000143
4372,0.02173111,0.03133437,0.209,792.083,0.000143
4373,0.02171274,0.03135358,0.213,792.304,0.000142
4374,0.02170006,0.03137780,0.200,792.513,0.000142
4375,0.02174924,0.03140721,0.239,792.761,0.000141
4376,0.02175688,0.03133687,0.254,793.024,0.000141
4377,0.02174418,0.03134510,0.263,793.296,0.000141
4378,0.02175514,0.03133015,0.260,793.564,0.000140
4379,0.02175450,0.03139184,0.278,793.851,0.000140
4380,0.02175684,0.03141378,0.238,794.099,0.000139
4381,0.02176260,0.03137609,0.232,794.339,0.000139
4382,0.02173378,0.03134625,0.240,794.588,0.000139
4383,0.02172668,0.03134297,0.224,794.820,0.000138
4384,0.02169398,0.03135345,0.214,795.043,0.000138
4385,0.02171967,0.03142264,0.210,795.261,0.000138
4386,0.02170263,0.03139851,0.211,795.479,0.000137
4387,0.02168091,0.03143254,0.211,795.699,0.000137
4388,0.02170392,0.03143441,0.246,795.954,0.000136
4389,0.02166966,0.03141035,0.261,796.224,0.000136
4390,0.02165715,0.03138250,0.216,796.448,0.000136
4391,0.02167469,0.03139828,0.206,796.663,0.000135
4392,0.02166078,0.03136452,0.209,796.881,0.000135
4393,0.02166572,0.03139174,0.218,797.107,0.000134
4394,0.02164567,0.03140734,0.229,797.345,0.000134
4395,0.02166849,0.03139641,0.273,797.627,0.000134
4396,0.02166021,0.03139679,0.251,797.886,0.000133
4397,0.02170023,0.03142947,0.258,798.152,0.000133
4398,0.02175449,0.03144767,0.217,798.378,0.000132
4399,0.02183551,0.03145448,0.209,798.595,0.000132
4400,0.02178813,0.03141708,0.208,798.811,0.000132
4401,0.02175222,0.03138644,0.207,799.027,0.000131
4402,0.02171963,0.03141737,0.202,799.236,0.000131
4403,0.02169981,0.03141382,0.307,799.552,0.000131
4404,0.02168573,0.03144998,0.306,799.871,0.000130
4405,0.02168150,0.03137265,0.347,800.234,0.000130
4406,0.02168614,0.03140292,0.289,800.532,0.000129
4407,0.02173720,0.03139495,0.187,800.726,0.000129
4408,0.02175844,0.03142369,0.182,800.915,0.000129
4409,0.02173273,0.03142578,0.232,801.157,0.000128
4410,0.02169090,0.03140666,0.265,801.434,0.000128
4411,0.02169040,0.03142829,0.377,801.823,0.000127
4412,0.02170168,0.03140566,0.373,802.210,0.000127
4413,0.02177594,0.03137378,0.357,802.579,0.000127
4414,0.02180389,0.03142504,0.491,803.088,0.000126
4415,0.02174245,0.03139828,0.247,803.342,0.000126
4416,0.02170502,0.03143342,0.185,803.534,0.000126
4417,0.02169510,0.03142057,0.185,803.727,0.000125
4418,0.02171945,0.03139536,0.188,803.922,0.000125
4419,0.02169939,0.03143736,0.184,804.114,0.000124
4420,0.02166734,0.03138081,0.185,804.307,0.000124
4421,0.02166460,0.03139545,0.184,804.499,0.000124
4422,0.02166047,0.03145904,0.185,804.691,0.000123
4423,0.02166936,0.03139045,0.185,804.884,0.000123
4424,0.02170710,0.03142238,0.185,805.076,0.000123
4425,0.02171299,0.03147924,0.202,805.286,0.000122
4426,0.02172929,0.03145829,0.214,805.508,0.000122
4427,0.02175495,0.03146476,0.186,805.701,0.000121
4428,0.02176198,0.03146553,0.186,805.894,0.000121
4429,0.02176887,0.03141943,0.194,806.097,0.000121
4430,0.02185110,0.03144681,0.243,806.348,0.000120
4431,0.02189445,0.03149781,0.203,806.559,0.000120
4432,0.02182144,0.03139304,0.230,806.797,0.000120
4433,0.02177166,0.03142343,0.201,807.006,0.000119
4434,0.02178233,0.03146245,0.231,807.244,0.000119
4435,0.02176987,0.03147939,0.196,807.449,0.000119
4436,0.02173308,0.03147605,0.221,807.678,0.000118
4437,0.02172157,0.03144985,0.206,807.891,0.000118
4438,0.02174567,0.03146541,0.203,808.103,0.000117
4439,0.02177203,0.03147066,0.192,808.302,0.000117
4440,0.02173958,0.03148031,0.224,808.534,0.000117
4441,0.02172519,0.03152654,0.203,808.744,0.000116
4442,0.02171262,0.03148945,0.206,808.958,0.000116
4443,0.02169207,0.03150138,0.234,809.200,0.000116
4444,0.02169747,0.03153783,0.441,809.653,0.000115
4445,0.02175304,0.03155336,0.276,809.937,0.000115
4446,0.02178689,0.03149376,0.253,810.199,0.000115
4447,0.02174018,0.03153383,0.223,810.430,0.000114
4448,0.02171121,0.03148513,0.242,810.681,0.000114
4449,0.02169947,0.03147416,0.194,810.883,0.000113
4450,0.02166137,0.03151727,0.188,811.078,0.000113
4451,0.02165869,0.03155746,0.189,811.274,0.000113
4452,0.02168070,0.03152417,0.190,811.472,0.000112
4453,0.02166509,0.03149433,0.195,811.676,0.000112
4454,0.02167452,0.03154289,0.214,811.900,0.000112
4455,0.02164955,0.03151214,0.234,812.143,0.000111
4456,0.02164607,0.03150162,0.196,812.347,0.000111
4457,0.02167153,0.03153964,0.188,812.542,0.000111
4458,0.02167277,0.03153703,0.187,812.738,0.000110
4459,0.02163079,0.03152618,0.185,812.931,0.000110
4460,0.02161805,0.03158839,0.185,813.123,0.000110
4461,0.02162074,0.03154253,0.184,813.315,0.000109
4462,0.02164181,0.03156235,0.182,813.505,0.000109
4463,0.02160382,0.03154422,0.184,813.697,0.000109
4464,0.02162127,0.03147724,0.182,813.886,0.000108
4465,0.02161686,0.03148114,0.181,814.075,0.000108
4466,0.02164030,0.03149194,0.181,814.263,0.000107
4467,0.02163825,0.03153924,0.179,814.450,0.000107
4468,0.02165761,0.03149928,0.180,814.637,0.000107
4469,0.02163644,0.03143757,0.179,814.824,0.000106
4470,0.02160192,0.03147124,0.178,815.009,0.000106
4471,0.02158194,0.03148325,0.177,815.194,0.000106
4472,0.02159441,0.03148003,0.177,815.378,0.000105
4473,0.02157605,0.03148677,0.176,815.561,0.000105
4474,0.02159585,0.03148629,0.177,815.746,0.000105
4475,0.02157472,0.03145287,0.176,815.930,0.000104
4476,0.02156984,0.03149129,0.174,816.111,0.000104
4477,0.02155479,0.03151859,0.175,816.293,0.000104
4478,0.02153563,0.03149544,0.174,816.475,0.000103
4479,0.02152704,0.03147062,0.174,816.657,0.000103
4480,0.02152595,0.03146684,0.174,816.838,0.000103
4481,0.02151813,0.03145486,0.174,817.020,0.000102
4482,0.02154221,0.03150366,0.181,817.208,0.000102
4483,0.02154838,0.03146235,0.179,817.394,0.000102
4484,0.02155701,0.03150927,0.180,817.581,0.000101
4485,0.02157091,0.03148081,0.174,817.763,0.000101
4486,0.02154993,0.03152652,0.175,817.945,0.000101
4487,0.02157511,0.03154989,0.176,818.128,0.000100
4488,0.02155533,0.03155572,0.176,818.311,0.000100
4489,0.02154948,0.03152754,0.176,818.495,0.000100
4490,0.02153851,0.03151562,0.177,818.679,0.000099
4491,0.02152765,0.03151173,0.177,818.863,0.000099
4492,0.02151523,0.03154402,0.176,819.047,0.000099
4493,0.02151046,0.03152423,0.175,819.230,0.000098
4494,0.02151065,0.03151908,0.185,819.422,0.000098
4495,0.02150342,0.03151153,0.185,819.615,0.000098
4496,0.02148871,0.03148974,0.196,819.819,0.000097
4497,0.02149050,0.03151252,0.207,820.033,0.000097
4498,0.02149497,0.03157386,0.206,820.248,0.000097
4499,0.02149630,0.03155776,0.223,820.479,0.000096
4500,0.02151373,0.03153815,0.229,820.717,0.000096
4501,0.02155275,0.03153992,0.210,820.935,0.000096
4502,0.02154931,0.03156257,0.211,821.154,0.000095
4503,0.02155167,0.03152536,0.193,821.354,0.000095
4504,0.02153974,0.03155618,0.188,821.550,0.000095
4505,0.02154612,0.03157661,0.197,821.756,0.000094
4506,0.02151581,0.03157946,0.188,821.952,0.000094
4507,0.02152713,0.03162999,0.185,822.144,0.000094
4508,0.02150605,0.03155246,0.184,822.337,0.000093
4509,0.02149965,0.03155699,0.185,822.529,0.000093
4510,0.02150334,0.03155419,0.184,822.721,0.000093
4511,0.02150305,0.03153415,0.183,822.912,0.000092
4512,0.02147099,0.03156171,0.183,823.103,0.000092
4513,0.02148054,0.03156739,0.182,823.292,0.000092
4514,0.02148834,0.03157513,0.183,823.483,0.000091
4515,0.02144628,0.03156163,0.183,823.673,0.000091
4516,0.02145026,0.03158808,0.181,823.862,0.000091
4517,0.02148149,0.03156065,0.181,824.050,0.000090
4518,0.02145467,0.03156132,0.180,824.238,0.000090
4519,0.02145865,0.03153608,0.182,824.427,0.000090
4520,0.02148093,0.03154682,0.179,824.614,0.000089
4521,0.02147203,0.03155736,0.179,824.801,0.000089
4522,0.02144698,0.03157704,0.179,824.987,0.000089
4523,0.02147922,0.03161368,0.179,825.173,0.000088
4524,0.02149652,0.03157751,0.176,825.357,0.000088
4525,0.02150322,0.03165665,0.179,825.543,0.000088
4526,0.02150617,0.03164214,0.176,825.727,0.000087
4527,0.02146610,0.03160882,0.176,825.911,0.000087
4528,0.02143941,0.03157705,0.174,826.093,0.000087
4529,0.02143822,0.03158667,0.173,826.273,0.000087
4530,0.02145139,0.03157579,0.177,826.457,0.000086
4531,0.02143645,0.03157796,0.177,826.642,0.000086
4532,0.02145210,0.03158852,0.175,826.825,0.000086
4533,0.02144299,0.03159422,0.175,827.007,0.000085
4534,0.02142959,0.03158645,0.177,827.191,0.000085
4535,0.02142336,0.03159338,0.175,827.373,0.000085
4536,0.02140692,0.03158150,0.175,827.555,0.000084
4537,0.02138788,0.03156277,0.177,827.740,0.000084
4538,0.02139764,0.03159805,0.173,827.920,0.000084
4539,0.02139955,0.03161807,0.173,828.100,0.000083
4540,0.02138544,0.03161709,0.173,828.281,0.000083
4541,0.02140079,0.03159405,0.175,828.464,0.000083
4542,0.02139771,0.03160504,0.176,828.647,0.000083
4543,0.02138151,0.03161083,0.176,828.830,0.000082
4544,0.02137666,0.03159072,0.174,829.012,0.000082
4545,0.02137789,0.03160571,0.172,829.191,0.000082
4546,0.02140392,0.03159388,0.175,829.373,0.000081
4547,0.02141701,0.03161046,0.174,829.555,0.000081
4548,0.02141805,0.03159748,0.175,829.737,0.000081
4549,0.02140047,0.03162239,0.175,829.920,0.000080
4550,0.02137544,0.03161280,0.177,830.104,0.000080
4551,0.02136396,0.03160556,0.177,830.288,0.000080
4552,0.02137908,0.03160873,0.177,830.472,0.000079
4553,0.02138229,0.03161792,0.177,830.658,0.000079
4554,0.02138340,0.03162364,0.184,830.850,0.000079
4555,0.02138319,0.03162226,0.176,831.033,0.000079
4556,0.02135907,0.03161420,0.177,831.218,0.000078
4557,0.02136371,0.03162176,0.175,831.400,0.000078
4558,0.02138130,0.03162129,0.175,831.582,0.000078
4559,0.02138068,0.03160517,0.177,831.766,0.000077
4560,0.02136486,0.03163147,0.183,831.957,0.000077
4561,0.02138311,0.03155344,0.187,832.151,0.000077
4562,0.02138894,0.03158164,0.194,832.353,0.000077
4563,0.02139291,0.03157082,0.188,832.548,0.000076
4564,0.02139573,0.03154832,0.195,832.751,0.000076
4565,0.02137160,0.03152769,0.199,832.958,0.000076
4566,0.02137195,0.03157971,0.206,833.172,0.000075
4567,0.02136718,0.03156452,0.207,833.387,0.000075
4568,0.02139904,0.03158437,0.201,833.595,0.000075
4569,0.02140351,0.03159305,0.201,833.804,0.000074
4570,0.02139443,0.03157269,0.208,834.020,0.000074
4571,0.02136677,0.03158838,0.218,834.246,0.000074
4572,0.02136707,0.03160089,0.208,834.463,0.000074
4573,0.02135160,0.03160184,0.205,834.676,0.000073
4574,0.02137371,0.03158006,0.203,834.887,0.000073
4575,0.02137562,0.03158016,0.201,835.096,0.000073
4576,0.02136655,0.03154546,0.199,835.302,0.000072
4577,0.02136674,0.03154933,0.202,835.512,0.000072
4578,0.02134704,0.03156582,0.200,835.720,0.000072
4579,0.02133701,0.03155217,0.199,835.928,0.000072
4580,0.02135467,0.03159242,0.204,836.140,0.000071
4581,0.02132560,0.03156232,0.220,836.368,0.000071
4582,0.02133685,0.03156936,0.222,836.599,0.000071
4583,0.02132439,0.03158020,0.216,836.823,0.000070
4584,0.02131118,0.03156720,0.212,837.044,0.000070
4585,0.02132612,0.03157409,0.213,837.266,0.000070
4586,0.02130476,0.03158580,0.215,837.490,0.000070
4587,0.02130725,0.03157470,0.214,837.712,0.000069
4588,0.02131591,0.03158600,0.205,837.926,0.000069
4589,0.02133542,0.03161912,0.199,838.133,0.000069
4590,0.02131130,0.03162686,0.248,838.389,0.000069
4591,0.02132299,0.03160111,0.284,838.684,0.000068
4592,0.02133950,0.03161637,0.240,838.933,0.000068
4593,0.02133739,0.03160756,0.310,839.252,0.000068
4594,0.02132963,0.03163943,0.339,839.608,0.000067
4595,0.02132466,0.03163116,0.258,839.876,0.000067
4596,0.02134309,0.03161975,0.234,840.121,0.000067
4597,0.02133539,0.03159224,0.479,840.610,0.000067
4598,0.02133436,0.03163694,0.341,840.964,0.000066
4599,0.02131998,0.03163494,0.510,841.483,0.000066
4600,0.02134322,0.03163488,0.223,841.714,0.000066
4601,0.02139117,0.03160636,0.311,842.033,0.000066
4602,0.02135974,0.03160069,0.336,842.380,0.000065
4603,0.02137900,0.03160231,0.440,842.831,0.000065
4604,0.02141867,0.03162583,0.230,843.069,0.000065
4605,0.02139216,0.03162765,0.387,843.469,0.000064
4606,0.02141061,0.03163097,0.484,843.966,0.000064
4607,0.02140072,0.03161258,0.285,844.260,0.000064
4608,0.02138200,0.03165005,0.380,844.651,0.000064
4609,0.02135955,0.03161092,0.275,844.935,0.000063
4610,0.02135123,0.03161534,0.371,845.322,0.000063
4611,0.02134925,0.03158153,0.305,845.636,0.000063
4612,0.02132995,0.03160663,0.235,845.881,0.000063
4613,0.02132492,0.03161692,0.395,846.286,0.000062
4614,0.02132769,0.03162440,0.337,846.633,0.000062
4615,0.02131627,0.03162086,0.594,847.262,0.000062
4616,0.02132121,0.03160897,0.409,847.680,0.000062
4617,0.02131298,0.03161507,0.310,847.998,0.000061
4618,0.02131928,0.03161781,0.237,848.246,0.000061
4619,0.02131202,0.03162651,0.259,848.519,0.000061
4620,0.02131127,0.03161093,0.373,848.902,0.000060
4621,0.02132267,0.03160822,0.236,849.146,0.000060
4622,0.02131105,0.03163550,0.259,849.417,0.000060
4623,0.02130609,0.03160515,0.314,849.744,0.000060
4624,0.02128943,0.03161837,0.648,850.412,0.000059
4625,0.02128397,0.03161561,0.531,850.960,0.000059
4626,0.02129122,0.03163769,0.323,851.294,0.000059
4627,0.02131172,0.03162735,0.393,851.698,0.000059
4628,0.02129829,0.03161383,0.224,851.930,0.000058
4629,0.02129171,0.03161344,0.253,852.191,0.000058
4630,0.02131136,0.03161704,0.223,852.423,0.000058
4631,0.02129093,0.03161729,0.232,852.664,0.000058
4632,0.02129305,0.03162675,0.377,853.065,0.000057
4633,0.02128103,0.03165664,0.346,853.425,0.000057
4634,0.02127077,0.03164713,0.292,853.728,0.000057
4635,0.02127160,0.03162585,0.270,854.008,0.000057
4636,0.02127467,0.03164646,0.269,854.287,0.000056
4637,0.02127330,0.03164156,0.508,854.812,0.000056
4638,0.02125900,0.03165477,0.316,855.138,0.000056
4639,0.02127197,0.03164804,0.400,855.552,0.000056
4640,0.02126099,0.03169551,0.436,856.005,0.000055
4641,0.02128025,0.03166011,0.567,856.579,0.000055
4642,0.02127534,0.03165702,0.241,856.828,0.000055
4643,0.02126821,0.03166825,0.179,857.014,0.000055
4644,0.02125099,0.03164600,0.179,857.200,0.000054
4645,0.02126039,0.03168623,0.181,857.389,0.000054
4646,0.02125132,0.03166035,0.185,857.582,0.000054
4647,0.02125222,0.03165943,0.191,857.780,0.000054
4648,0.02124294,0.03166524,0.187,857.974,0.000053
4649,0.02125752,0.03167054,0.187,858.170,0.000053
4650,0.02124982,0.03167429,0.187,858.364,0.000053
4651,0.02125149,0.03166068,0.188,858.559,0.000053
4652,0.02125966,0.03167066,0.183,858.750,0.000053
4653,0.02123722,0.03167312,0.186,858.943,0.000052
4654,0.02124253,0.03165689,0.183,859.133,0.000052
4655,0.02124549,0.03166315,0.186,859.326,0.000052
4656,0.02126486,0.03162460,0.186,859.520,0.000052
4657,0.02129042,0.03162472,0.181,859.709,0.000051
4658,0.02134653,0.03167088,0.184,859.901,0.000051
4659,0.02133521,0.03168486,0.180,860.089,0.000051
4660,0.02132593,0.03169973,0.177,860.273,0.000051
4661,0.02131100,0.03171510,0.189,860.470,0.000050
4662,0.02129146,0.03170690,0.191,860.669,0.000050
4663,0.02129261,0.03170444,0.179,860.855,0.000050
4664,0.02128990,0.03167413,0.182,861.044,0.000050
4665,0.02128747,0.03169743,0.180,861.231,0.000049
4666,0.02128699,0.03172351,0.183,861.421,0.000049
4667,0.02129603,0.03168095,0.182,861.611,0.000049
4668,0.02128633,0.03168971,0.185,861.804,0.000049
4669,0.02126671,0.03166394,0.179,861.990,0.000049
4670,0.02127066,0.03167188,0.178,862.176,0.000048
4671,0.02126107,0.03169095,0.178,862.361,0.000048
4672,0.02126645,0.03169773,0.178,862.547,0.000048
4673,0.02126362,0.03169728,0.176,862.730,0.000048
4674,0.02124753,0.03170065,0.175,862.913,0.000047
4675,0.02126201,0.03170765,0.177,863.097,0.000047
4676,0.02125624,0.03171966,0.177,863.282,0.000047
4677,0.02126401,0.03168125,0.177,863.466,0.000047
4678,0.02124633,0.03171357,0.177,863.651,0.000047
4679,0.02125631,0.03171544,0.173,863.831,0.000046
4680,0.02124943,0.03173647,0.173,864.011,0.000046
4681,0.02125724,0.03172376,0.173,864.191,0.000046
4682,0.02124287,0.03171017,0.174,864.373,0.000046
4683,0.02123657,0.03173516,0.175,864.555,0.000045
4684,0.02125021,0.03172394,0.182,864.745,0.000045
4685,0.02123500,0.03171188,0.179,864.932,0.000045
4686,0.02123373,0.03170945,0.179,865.119,0.000045
4687,0.02123876,0.03171914,0.182,865.308,0.000045
4688,0.02124655,0.03172805,0.178,865.495,0.000044
4689,0.02123911,0.03174905,0.179,865.680,0.000044
4690,0.02123244,0.03175485,0.180,865.868,0.000044
4691,0.02123133,0.03172536,0.180,866.055,0.000044
4692,0.02121675,0.03171379,0.185,866.247,0.000043
4693,0.02122251,0.03173478,0.189,866.444,0.000043
4694,0.02122784,0.03173998,0.195,866.646,0.000043
4695,0.02123609,0.03173696,0.200,866.855,0.000043
4696,0.02122914,0.03171373,0.198,867.060,0.000043
4697,0.02121262,0.03174270,0.197,867.265,0.000042
4698,0.02120930,0.03171633,0.195,867.468,0.000042
4699,0.02122347,0.03171415,0.200,867.676,0.000042
4700,0.02121399,0.03173265,0.206,867.890,0.000042
4701,0.02121640,0.03174507,0.206,868.103,0.000042
4702,0.02121421,0.03169760,0.211,868.322,0.000041
4703,0.02120684,0.03170617,0.208,868.539,0.000041
4704,0.02120882,0.03173773,0.208,868.755,0.000041
4705,0.02121208,0.03172306,0.213,868.976,0.000041
4706,0.02121240,0.03174634,0.227,869.212,0.000041
4707,0.02121802,0.03171510,0.267,869.488,0.000040
4708,0.02121038,0.03172945,0.305,869.805,0.000040
4709,0.02121423,0.03173359,0.370,870.188,0.000040
4710,0.02120989,0.03173134,0.299,870.497,0.000040
4711,0.02120598,0.03172000,0.281,870.788,0.000040
4712,0.02120946,0.03174247,0.276,871.073,0.000039
4713,0.02119887,0.03171360,0.251,871.333,0.000039
4714,0.02119377,0.03173061,0.240,871.583,0.000039
4715,0.02120572,0.03172909,0.227,871.819,0.000039
4716,0.02119054,0.03173558,0.208,872.035,0.000039
4717,0.02121218,0.03175326,0.210,872.254,0.000038
4718,0.02119621,0.03173420,0.323,872.586,0.000038
4719,0.02119760,0.03175203,0.276,872.870,0.000038
4720,0.02119844,0.03174373,0.222,873.100,0.000038
4721,0.02119120,0.03173100,0.225,873.335,0.000038
4722,0.02120971,0.03173591,0.229,873.572,0.000037
4723,0.02119091,0.03173106,0.231,873.812,0.000037
4724,0.02118536,0.03175047,0.228,874.049,0.000037
4725,0.02120187,0.03172841,0.220,874.278,0.000037
4726,0.02119682,0.03170558,0.213,874.500,0.000037
4727,0.02119640,0.03173099,0.208,874.716,0.000036
4728,0.02119943,0.03170361,0.205,874.929,0.000036
4729,0.02118463,0.03170254,0.201,875.138,0.000036
4730,0.02118450,0.03171594,0.202,875.348,0.000036
4731,0.02118989,0.03172957,0.196,875.553,0.000036
4732,0.02120042,0.03170001,0.194,875.754,0.000035
4733,0.02118105,0.03170629,0.191,875.953,0.000035
4734,0.02119785,0.03172189,0.188,876.149,0.000035
4735,0.02118421,0.03171334,0.185,876.342,0.000035
4736,0.02117701,0.03171890,0.184,876.533,0.000035
4737,0.02118756,0.03172269,0.289,876.830,0.000035
4738,0.02118183,0.03169527,0.295,877.138,0.000034
4739,0.02117141,0.03170238,0.386,877.534,0.000034
4740,0.02117773,0.03171497,0.248,877.791,0.000034
4741,0.02117985,0.03170248,0.308,878.111,0.000034
4742,0.02116765,0.03172926,0.244,878.364,0.000034
4743,0.02118741,0.03173035,0.246,878.619,0.000033
4744,0.02116960,0.03171706,0.228,878.856,0.000033
4745,0.02118610,0.03173693,0.227,879.092,0.000033
4746,0.02117247,0.03171317,0.224,879.324,0.000033
4747,0.02118335,0.03172465,0.304,879.637,0.000033
4748,0.02116779,0.03173187,0.326,879.975,0.000033
4749,0.02116250,0.03170784,0.243,880.227,0.000032
4750,0.02116854,0.03172822,0.380,880.622,0.000032
4751,0.02117539,0.03171426,0.250,880.880,0.000032
4752,0.02115957,0.03172375,0.237,881.130,0.000032
4753,0.02115917,0.03173738,0.349,881.499,0.000032
4754,0.02117124,0.03172759,0.298,881.805,0.000032
4755,0.02115624,0.03171236,0.384,882.204,0.000031
4756,0.02117207,0.03169740,0.260,882.474,0.000031
4757,0.02116205,0.03170115,0.226,882.708,0.000031
4758,0.02115438,0.03171073,0.225,882.940,0.000031
4759,0.02114939,0.03170488,0.226,883.176,0.000031
4760,0.02115638,0.03171568,0.223,883.407,0.000031
4761,0.02114070,0.03172258,0.230,883.646,0.000030
4762,0.02115623,0.03172132,0.237,883.892,0.000030
4763,0.02115504,0.03172743,0.315,884.218,0.000030
4764,0.02116071,0.03172672,0.347,884.574,0.000030
4765,0.02115024,0.03172429,0.232,884.815,0.000030
4766,0.02116073,0.03172883,0.223,885.047,0.000030
4767,0.02116155,0.03170986,0.230,885.285,0.000029
4768,0.02116500,0.03173362,0.324,885.620,0.000029
4769,0.02114916,0.03171605,0.247,885.877,0.000029
4770,0.02115051,0.03170879,0.244,886.130,0.000029
4771,0.02115483,0.03174249,0.244,886.383,0.000029
4772,0.02114468,0.03171305,0.255,886.648,0.000029
4773,0.02115611,0.03172789,0.350,887.007,0.000028
4774,0.02115725,0.03172783,0.328,887.345,0.000028
4775,0.02115085,0.03172709,0.237,887.591,0.000028
4776,0.02114097,0.03171380,0.237,887.836,0.000028
4777,0.02114072,0.03173143,0.236,888.081,0.000028
4778,0.02114737,0.03173085,0.266,888.357,0.000028
4779,0.02115023,0.03173427,0.264,888.632,0.000027
4780,0.02114568,0.03173538,0.265,888.908,0.000027
4781,0.02113328,0.03173598,0.247,889.165,0.000027
4782,0.02114446,0.03175019,0.240,889.413,0.000027
4783,0.02114372,0.03173239,0.328,889.752,0.000027
4784,0.02112127,0.03171788,0.300,890.061,0.000027
4785,0.02112581,0.03172447,0.228,890.298,0.000027
4786,0.02113413,0.03171875,0.322,890.632,0.000026
4787,0.02114526,0.03174485,0.275,890.916,0.000026
4788,0.02112950,0.03173529,0.244,891.169,0.000026
4789,0.02113357,0.03172417,0.226,891.403,0.000026
4790,0.02112686,0.03175090,0.224,891.635,0.000026
4791,0.02113708,0.03173902,0.314,891.959,0.000026
4792,0.02114766,0.03175050,0.265,892.234,0.000025
4793,0.02112961,0.03174213,0.362,892.604,0.000025
4794,0.02111939,0.03174585,0.225,892.838,0.000025
4795,0.02113223,0.03174207,0.224,893.071,0.000025
4796,0.02112226,0.03172770,0.230,893.309,0.000025
4797,0.02113481,0.03172437,0.235,893.553,0.000025
4798,0.02112527,0.03173638,0.237,893.798,0.000025
4799,0.02112777,0.03173066,0.238,894.045,0.000024
4800,0.02112306,0.03174465,0.341,894.398,0.000024
4801,0.02112508,0.03175280,0.372,894.783,0.000024
4802,0.02113119,0.03173207,0.307,895.102,0.000024
4803,0.02112881,0.03172098,0.228,895.340,0.000024
4804,0.02112640,0.03173581,0.231,895.579,0.000024
4805,0.02112543,0.03172215,0.254,895.843,0.000024
4806,0.02113368,0.03173253,0.410,896.267,0.000024
4807,0.02113498,0.03175389,0.240,896.517,0.000023
4808,0.02112058,0.03174071,0.397,896.925,0.000023
4809,0.02112066,0.03174214,0.243,897.177,0.000023
4810,0.02112431,0.03173509,0.250,897.436,0.000023
4811,0.02113327,0.03174580,0.369,897.815,0.000023
4812,0.02111948,0.03174435,0.227,898.050,0.000023
4813,0.02111778,0.03174241,0.223,898.281,0.000023
4814,0.02112191,0.03174076,0.422,898.726,0.000022
4815,0.02110875,0.03173337,0.258,898.993,0.000022
4816,0.02111060,0.03172417,0.429,899.433,0.000022
4817,0.02112987,0.03173253,0.259,899.701,0.000022
4818,0.02112152,0.03174874,0.356,900.066,0.000022
4819,0.02111569,0.03173726,0.238,900.314,0.000022
4820,0.02112710,0.03175319,0.518,900.842,0.000022
4821,0.02111855,0.03172452,0.337,901.187,0.000022
4822,0.02110110,0.03173986,0.367,901.575,0.000021
4823,0.02110709,0.03173472,0.245,901.828,0.000021
4824,0.02110044,0.03175146,0.333,902.178,0.000021
4825,0.02110607,0.03174318,0.493,902.680,0.000021
4826,0.02110601,0.03175987,0.260,902.948,0.000021
4827,0.02112114,0.03173809,0.514,903.480,0.000021
4828,0.02111461,0.03172668,0.420,903.912,0.000021
4829,0.02110934,0.03172589,0.321,904.244,0.000021
4830,0.02111839,0.03172978,0.571,904.832,0.000020
4831,0.02111737,0.03175096,0.382,905.222,0.000020
4832,0.02111439,0.03174127,0.565,905.800,0.000020
4833,0.02111217,0.03172460,0.544,906.355,0.000020
4834,0.02111221,0.03171701,0.662,907.032,0.000020
4835,0.02111391,0.03172391,0.231,907.272,0.000020
4836,0.02109417,0.03172635,0.179,907.458,0.000020
4837,0.02109911,0.03172828,0.177,907.643,0.000020
4838,0.02110868,0.03173706,0.182,907.832,0.000019
4839,0.02110648,0.03173810,0.185,908.025,0.000019
4840,0.02110945,0.03172254,0.185,908.218,0.000019
4841,0.02110760,0.03173376,0.185,908.411,0.000019
4842,0.02109205,0.03173680,0.186,908.605,0.000019
4843,0.02110690,0.03174189,0.186,908.798,0.000019
4844,0.02110013,0.03173101,0.184,908.990,0.000019
4845,0.02109324,0.03175116,0.185,909.183,0.000019
4846,0.02110092,0.03175927,0.179,909.369,0.000019
4847,0.02109616,0.03173129,0.178,909.555,0.000018
4848,0.02109549,0.03173047,0.179,909.741,0.000018
4849,0.02110274,0.03174212,0.182,909.931,0.000018
4850,0.02109538,0.03172991,0.182,910.120,0.000018
4851,0.02110343,0.03173852,0.182,910.310,0.000018
4852,0.02108843,0.03174140,0.181,910.499,0.000018
4853,0.02109200,0.03174613,0.181,910.687,0.000018
4854,0.02109729,0.03175847,0.179,910.873,0.000018
4855,0.02109880,0.03173343,0.180,911.060,0.000018
4856,0.02109636,0.03173765,0.183,911.251,0.000018
4857,0.02109505,0.03174352,0.180,911.438,0.000017
4858,0.02108755,0.03175197,0.180,911.625,0.000017
4859,0.02109795,0.03175441,0.180,911.813,0.000017
4860,0.02109865,0.03175524,0.181,912.001,0.000017
4861,0.02108404,0.03174509,0.180,912.188,0.000017
4862,0.02109039,0.03174846,0.178,912.373,0.000017
4863,0.02109395,0.03171938,0.178,912.558,0.000017
4864,0.02107828,0.03172193,0.179,912.745,0.000017
4865,0.02108565,0.03174917,0.181,912.933,0.000017
4866,0.02108837,0.03175027,0.178,913.118,0.000017
4867,0.02108264,0.03174357,0.182,913.308,0.000016
4868,0.02108014,0.03172582,0.183,913.498,0.000016
4869,0.02109913,0.03172827,0.183,913.689,0.000016
4870,0.02108625,0.03174197,0.183,913.880,0.000016
4871,0.02107839,0.03173509,0.182,914.070,0.000016
4872,0.02108611,0.03174306,0.181,914.258,0.000016
4873,0.02108807,0.03174911,0.182,914.447,0.000016
4874,0.02108228,0.03174102,0.181,914.636,0.000016
4875,0.02108439,0.03173971,0.182,914.826,0.000016
4876,0.02107632,0.03172574,0.183,915.016,0.000016
4877,0.02107447,0.03175358,0.182,915.205,0.000016
4878,0.02106819,0.03172646,0.182,915.395,0.000015
4879,0.02108420,0.03172436,0.184,915.586,0.000015
4880,0.02109411,0.03173932,0.183,915.776,0.000015
4881,0.02108211,0.03174842,0.180,915.964,0.000015
4882,0.02107913,0.03173749,0.182,916.153,0.000015
4883,0.02107315,0.03173146,0.181,916.342,0.000015
4884,0.02107438,0.03174674,0.183,916.532,0.000015
4885,0.02108408,0.03173679,0.183,916.722,0.000015
4886,0.02107763,0.03174470,0.182,916.912,0.000015
4887,0.02107188,0.03176575,0.182,917.101,0.000015
4888,0.02107203,0.03175622,0.184,917.292,0.000015
4889,0.02107845,0.03176599,0.183,917.483,0.000015
4890,0.02108316,0.03175178,0.253,917.743,0.000014
4891,0.02107724,0.03175675,0.181,917.932,0.000014
4892,0.02107790,0.03174064,0.180,918.120,0.000014
4893,0.02107559,0.03174694,0.190,918.317,0.000014
4894,0.02107280,0.03175833,0.184,918.508,0.000014
4895,0.02107708,0.03174734,0.185,918.701,0.000014
4896,0.02107169,0.03174837,0.182,918.891,0.000014
4897,0.02107472,0.03174709,0.183,919.082,0.000014
4898,0.02107587,0.03173787,0.190,919.279,0.000014
4899,0.02106698,0.03177094,0.179,919.466,0.000014
4900,0.02107346,0.03173987,0.179,919.653,0.000014
4901,0.02107944,0.03175453,0.179,919.840,0.000014
4902,0.02107374,0.03173295,0.181,920.028,0.000014
4903,0.02106686,0.03174453,0.177,920.213,0.000013
4904,0.02107212,0.03174883,0.176,920.396,0.000013
4905,0.02106707,0.03174404,0.182,920.586,0.000013
4906,0.02105334,0.03173905,0.180,920.774,0.000013
4907,0.02107534,0.03173720,0.181,920.962,0.000013
4908,0.02107985,0.03174597,0.178,921.147,0.000013
4909,0.02108216,0.03174819,0.180,921.335,0.000013
4910,0.02107746,0.03175004,0.181,921.524,0.000013
4911,0.02107309,0.03173495,0.180,921.711,0.000013
4912,0.02106500,0.03173785,0.179,921.897,0.000013
4913,0.02107299,0.03175576,0.179,922.084,0.000013
4914,0.02107849,0.03175458,0.178,922.269,0.000013
4915,0.02108056,0.03176449,0.180,922.457,0.000013
4916,0.02107729,0.03176644,0.178,922.643,0.000013
4917,0.02107681,0.03175671,0.178,922.828,0.000013
4918,0.02106015,0.03176192,0.179,923.014,0.000013
4919,0.02106663,0.03176285,0.176,923.197,0.000012
4920,0.02108422,0.03177417,0.174,923.379,0.000012
4921,0.02106739,0.03176943,0.172,923.559,0.000012
4922,0.02106684,0.03178162,0.172,923.738,0.000012
4923,0.02106809,0.03175051,0.176,923.922,0.000012
4924,0.02107096,0.03176335,0.176,924.105,0.000012
4925,0.02104945,0.03174870,0.178,924.290,0.000012
4926,0.02106160,0.03174742,0.177,924.475,0.000012
4927,0.02106892,0.03175075,0.178,924.660,0.000012
4928,0.02107377,0.03176667,0.178,924.845,0.000012
4929,0.02107101,0.03176633,0.177,925.029,0.000012
4930,0.02106357,0.03177012,0.177,925.214,0.000012
4931,0.02106188,0.03176379,0.175,925.396,0.000012
4932,0.02106534,0.03178047,0.176,925.580,0.000012
4933,0.02105845,0.03176944,0.178,925.766,0.000012
4934,0.02105441,0.03176735,0.174,925.947,0.000012
4935,0.02105820,0.03177118,0.175,926.130,0.000012
4936,0.02106309,0.03176690,0.174,926.312,0.000012
4937,0.02107080,0.03175668,0.174,926.493,0.000012
4938,0.02106141,0.03176266,0.175,926.676,0.000011
4939,0.02105717,0.03177416,0.175,926.859,0.000011
4940,0.02106158,0.03176068,0.174,927.040,0.000011
4941,0.02106464,0.03175950,0.174,927.221,0.000011
4942,0.02106367,0.03177716,0.174,927.402,0.000011
4943,0.02106133,0.03178793,0.174,927.583,0.000011
4944,0.02105909,0.03176730,0.175,927.766,0.000011
4945,0.02105718,0.03176030,0.175,927.947,0.000011
4946,0.02105650,0.03177161,0.174,928.129,0.000011
4947,0.02106083,0.03174451,0.175,928.311,0.000011
4948,0.02106082,0.03175839,0.174,928.492,0.000011
4949,0.02105869,0.03176735,0.175,928.675,0.000011
4950,0.02106562,0.03178148,0.173,928.855,0.000011
4951,0.02106744,0.03178045,0.171,929.033,0.000011
4952,0.02104590,0.03178376,0.170,929.210,0.000011
4953,0.02106198,0.03177272,0.171,929.388,0.000011
4954,0.02105709,0.03177634,0.175,929.571,0.000011
4955,0.02106407,0.03178701,0.175,929.753,0.000011
4956,0.02105130,0.03177991,0.175,929.935,0.000011
4957,0.02106262,0.03174878,0.175,930.117,0.000011
4958,0.02106825,0.03177908,0.175,930.299,0.000011
4959,0.02105894,0.03176543,0.176,930.482,0.000011
4960,0.02105216,0.03177045,0.176,930.664,0.000011
4961,0.02106236,0.03177888,0.174,930.846,0.000011
4962,0.02105939,0.03176756,0.175,931.028,0.000011
4963,0.02104560,0.03178028,0.174,931.209,0.000011
4964,0.02106204,0.03175470,0.175,931.392,0.000011
4965,0.02105546,0.03178155,0.176,931.575,0.000010
4966,0.02104440,0.03176786,0.176,931.758,0.000010
4967,0.02106175,0.03177521,0.174,931.940,0.000010
4968,0.02104178,0.03176680,0.174,932.121,0.000010
4969,0.02104837,0.03177016,0.175,932.304,0.000010
4970,0.02105878,0.03177195,0.174,932.485,0.000010
4971,0.02105625,0.03176608,0.175,932.668,0.000010
4972,0.02105310,0.03176885,0.175,932.850,0.000010
4973,0.02104891,0.03177752,0.174,933.031,0.000010
4974,0.02105495,0.03178016,0.173,933.212,0.000010
4975,0.02105635,0.03177676,0.173,933.393,0.000010
4976,0.02105325,0.03177548,0.175,933.575,0.000010
4977,0.02105869,0.03177159,0.175,933.758,0.000010
4978,0.02105618,0.03176764,0.175,933.940,0.000010
4979,0.02106290,0.03176210,0.184,934.132,0.000010
4980,0.02103784,0.03176622,0.175,934.314,0.000010
4981,0.02104626,0.03177591,0.174,934.495,0.000010
4982,0.02105103,0.03178037,0.176,934.678,0.000010
4983,0.02105238,0.03177625,0.174,934.859,0.000010
4984,0.02105123,0.03177569,0.175,935.041,0.000010
4985,0.02106319,0.03177277,0.176,935.224,0.000010
4986,0.02104559,0.03177188,0.175,935.406,0.000010
4987,0.02104739,0.03177106,0.173,935.587,0.000010
4988,0.02105288,0.03178048,0.171,935.766,0.000010
4989,0.02105022,0.03177221,0.173,935.946,0.000010
4990,0.02105480,0.03176621,0.175,936.129,0.000010
4991,0.02105762,0.03177309,0.174,936.310,0.000010
4992,0.02105409,0.03177410,0.174,936.491,0.000010
4993,0.02104967,0.03176888,0.175,936.674,0.000010
4994,0.02105789,0.03178483,0.174,936.855,0.000010
4995,0.02104514,0.03178065,0.174,937.037,0.000010
4996,0.02105481,0.03177434,0.175,937.219,0.000010
4997,0.02105768,0.03177244,0.174,937.400,0.000010
4998,0.02105545,0.03177853,0.175,937.582,0.000010
4999,0.02105888,0.03178098,0.176,937.765,0.000010
5000,0.02105010,0.03176783,0.175,937.948,0.000010
5001,0.02105170,0.03177313,0.175,938.130,0.000010
5002,0.02104750,0.03178800,0.174,938.311,0.000010
5003,0.02172341,0.03209732,0.174,938.493,0.000540
5004,0.02455385,0.03267120,0.175,938.676,0.000540
5005,0.02696910,0.03251474,0.175,938.858,0.000540
5006,0.02690276,0.03188660,0.174,939.039,0.000540
5007,0.02603549,0.03221121,0.174,939.220,0.000540
5008,0.02597128,0.03170115,0.175,939.403,0.000540
5009,0.02513820,0.03151750,0.174,939.584,0.000540
5010,0.02474841,0.03149172,0.174,939.765,0.000540
5011,0.02448958,0.03141203,0.175,939.947,0.000540
5012,0.02450337,0.03152140,0.175,940.130,0.000540
5013,0.02460468,0.03139347,0.173,940.310,0.000540
5014,0.02439019,0.03146123,0.175,940.492,0.000540
5015,0.02435829,0.03131472,0.176,940.675,0.000540
5016,0.02411658,0.03120704,0.175,940.857,0.000540
5017,0.02436597,0.03130556,0.175,941.039,0.000540
5018,0.02414317,0.03122177,0.175,941.221,0.000540
5019,0.02412485,0.03124554,0.174,941.403,0.000540
5020,0.02411727,0.03129741,0.175,941.585,0.000540
5021,0.02400621,0.03129011,0.173,941.766,0.000540
5022,0.02405248,0.03126628,0.174,941.947,0.000540
5023,0.02381760,0.03133207,0.175,942.129,0.000540
5024,0.02439969,0.03141535,0.174,942.311,0.000540
5025,0.02451347,0.03148459,0.174,942.493,0.000540
5026,0.02430709,0.03148000,0.173,942.674,0.000540
5027,0.02410622,0.03139289,0.174,942.855,0.000540
5028,0.02400345,0.03145949,0.175,943.037,0.000540
5029,0.02388809,0.03152961,0.174,943.219,0.000540
5030,0.02388024,0.03133839,0.174,943.400,0.000540
5031,0.02384052,0.03138483,0.175,943.583,0.000540
5032,0.02379115,0.03142413,0.175,943.765,0.000540
5033,0.02371805,0.03128430,0.175,943.947,0.000540
5034,0.02382279,0.03129163,0.175,944.129,0.000540
5035,0.02373964,0.03130956,0.174,944.311,0.000540
5036,0.02364952,0.03120713,0.179,944.497,0.000540
5037,0.02354505,0.03132383,0.175,944.680,0.000540
5038,0.02357206,0.03134275,0.175,944.862,0.000540
5039,0.02347607,0.03128583,0.175,945.045,0.000540
5040,0.02360191,0.03132104,0.175,945.226,0.000540
5041,0.02358289,0.03111725,0.175,945.409,0.000540
5042,0.02368600,0.03128937,0.175,945.591,0.000540
5043,0.02366573,0.03122608,0.175,945.774,0.000540
5044,0.02346905,0.03114427,0.175,945.956,0.000540
5045,0.02350653,0.03127986,0.174,946.138,0.000540
5046,0.02336365,0.03124169,0.174,946.319,0.000540
5047,0.02342559,0.03124930,0.176,946.502,0.000540
5048,0.02338495,0.03117648,0.175,946.685,0.000540
5049,0.02341666,0.03122702,0.175,946.867,0.000540
5050,0.02340939,0.03132132,0.174,947.049,0.000540
5051,0.02357614,0.03128759,0.173,947.229,0.000540
5052,0.02357980,0.03120018,0.175,947.411,0.000539
5053,0.02351270,0.03128071,0.174,947.593,0.000539
5054,0.02342232,0.03138159,0.172,947.772,0.000539
5055,0.02332551,0.03119736,0.171,947.950,0.000539
5056,0.02330709,0.03127576,0.170,948.128,0.000539
5057,0.02339603,0.03124966,0.170,948.306,0.000539
5058,0.02343929,0.03129791,0.171,948.484,0.000539
5059,0.02338500,0.03124464,0.175,948.666,0.000539
5060,0.02341457,0.03126934,0.176,948.850,0.000539
5061,0.02347636,0.03133152,0.174,949.031,0.000539
5062,0.02337116,0.03124916,0.175,949.214,0.000539
5063,0.02322594,0.03121878,0.176,949.397,0.000539
5064,0.02319983,0.03132006,0.175,949.579,0.000539
5065,0.02335422,0.03118926,0.175,949.761,0.000539
5066,0.02343535,0.03119912,0.175,949.943,0.000539
5067,0.02338662,0.03121236,0.174,950.125,0.000539
5068,0.02328238,0.03117479,0.175,950.308,0.000539
5069,0.02321573,0.03113555,0.175,950.490,0.000539
5070,0.02312518,0.03118820,0.176,950.674,0.000539
5071,0.02343230,0.03135128,0.175,950.856,0.000539
5072,0.02353625,0.03135721,0.174,951.038,0.000539
5073,0.02342095,0.03132514,0.174,951.219,0.000539
5074,0.02330913,0.03127845,0.175,951.401,0.000539
5075,0.02323300,0.03133190,0.176,951.585,0.000539
5076,0.02328932,0.03131575,0.175,951.768,0.000539
5077,0.02337814,0.03136642,0.175,951.949,0.000539
5078,0.02333285,0.03122747,0.174,952.130,0.000539
5079,0.02334712,0.03119641,0.175,952.313,0.000539
5080,0.02358476,0.03121870,0.174,952.495,0.000539
5081,0.02347899,0.03111606,0.176,952.678,0.000539
5082,0.02332680,0.03123691,0.175,952.860,0.000539
5083,0.02334804,0.03118663,0.175,953.042,0.000539
5084,0.02338811,0.03131592,0.175,953.224,0.000539
5085,0.02344251,0.03124808,0.174,953.405,0.000539
5086,0.02335015,0.03132573,0.173,953.586,0.000539
5087,0.02335715,0.03126160,0.174,953.767,0.000539
5088,0.02331447,0.03132453,0.173,953.948,0.000538
5089,0.02339303,0.03129268,0.172,954.128,0.000538
5090,0.02339561,0.03138189,0.171,954.306,0.000538
5091,0.02350817,0.03124938,0.171,954.485,0.000538
5092,0.02345069,0.03135993,0.171,954.663,0.000538
5093,0.02341270,0.03135740,0.171,954.841,0.000538
5094,0.02360874,0.03125178,0.173,955.022,0.000538
5095,0.02341674,0.03115589,0.174,955.203,0.000538
5096,0.02340092,0.03100047,0.175,955.386,0.000538
5097,0.02334762,0.03110556,0.174,955.567,0.000538
5098,0.02331554,0.03111282,0.176,955.750,0.000538
5099,0.02341869,0.03108045,0.177,955.934,0.000538
5100,0.02361482,0.03117989,0.175,956.117,0.000538
5101,0.02359555,0.03116634,0.175,956.299,0.000538
5102,0.02346852,0.03100246,0.173,956.480,0.000538
5103,0.02342688,0.03105671,0.176,956.663,0.000538
5104,0.02334091,0.03115282,0.175,956.846,0.000538
5105,0.02325244,0.03109580,0.173,957.026,0.000538
5106,0.02326920,0.03114892,0.175,957.208,0.000538
5107,0.02333753,0.03119922,0.176,957.391,0.000538
5108,0.02345953,0.03123620,0.176,957.574,0.000538
5109,0.02345813,0.03120861,0.175,957.756,0.000538
5110,0.02324005,0.03111425,0.175,957.939,0.000538
5111,0.02318360,0.03107730,0.174,958.120,0.000538
5112,0.02318251,0.03112455,0.173,958.300,0.000537
5113,0.02322169,0.03110149,0.176,958.484,0.000537
5114,0.02354424,0.03116176,0.177,958.668,0.000537
5115,0.02339332,0.03116059,0.175,958.850,0.000537
5116,0.02344736,0.03121987,0.175,959.033,0.000537
5117,0.02351361,0.03107442,0.174,959.214,0.000537
5118,0.02347094,0.03105363,0.175,959.397,0.000537
5119,0.02345475,0.03122053,0.179,959.583,0.000537
5120,0.02340573,0.03108114,0.176,959.767,0.000537
5121,0.02334119,0.03105992,0.174,959.949,0.000537
5122,0.02327142,0.03103465,0.175,960.131,0.000537
5123,0.02335303,0.03121910,0.175,960.314,0.000537
5124,0.02340163,0.03107442,0.179,960.500,0.000537
5125,0.02330581,0.03111408,0.184,960.691,0.000537
5126,0.02330178,0.03114013,0.175,960.874,0.000537
5127,0.02326671,0.03120662,0.175,961.056,0.000537
5128,0.02324674,0.03114176,0.175,961.239,0.000537
5129,0.02316346,0.03115604,0.174,961.421,0.000537
5130,0.02325620,0.03101984,0.179,961.607,0.000537
5131,0.02313234,0.03108161,0.176,961.791,0.000537
5132,0.02307457,0.03099731,0.175,961.973,0.000536
5133,0.02321986,0.03109915,0.177,962.158,0.000536
5134,0.02310914,0.03106204,0.176,962.341,0.000536
5135,0.02299387,0.03105519,0.175,962.523,0.000536
5136,0.02297396,0.03098969,0.176,962.707,0.000536
5137,0.02307744,0.03101729,0.174,962.889,0.000536
5138,0.02317159,0.03109165,0.175,963.071,0.000536
5139,0.02314048,0.03108038,0.182,963.261,0.000536
5140,0.02329077,0.03111803,0.176,963.444,0.000536
5141,0.02320197,0.03104739,0.174,963.626,0.000536
5142,0.02320592,0.03105826,0.175,963.808,0.000536
5143,0.02335932,0.03112096,0.175,963.990,0.000536
5144,0.02329748,0.03114776,0.175,964.173,0.000536
5145,0.02311262,0.03110750,0.174,964.354,0.000536
5146,0.02323390,0.03110149,0.175,964.537,0.000536
5147,0.02320086,0.03107257,0.174,964.719,0.000536
5148,0.02319407,0.03118094,0.175,964.900,0.000536
5149,0.02311886,0.03118803,0.174,965.082,0.000536
5150,0.02310128,0.03097145,0.175,965.264,0.000535
5151,0.02316258,0.03094487,0.175,965.446,0.000535
5152,0.02325669,0.03104259,0.176,965.630,0.000535
5153,0.02326105,0.03110264,0.175,965.813,0.000535
5154,0.02321829,0.03108758,0.175,965.995,0.000535
5155,0.02307203,0.03097244,0.175,966.178,0.000535
5156,0.02288152,0.03113434,0.175,966.360,0.000535
5157,0.02290339,0.03095408,0.176,966.543,0.000535
5158,0.02289163,0.03111870,0.176,966.726,0.000535
5159,0.02304296,0.03104173,0.174,966.908,0.000535
5160,0.02318197,0.03104301,0.175,967.090,0.000535
5161,0.02339138,0.03117382,0.173,967.271,0.000535
5162,0.02335027,0.03112076,0.175,967.453,0.000535
5163,0.02326274,0.03109089,0.176,967.637,0.000535
5164,0.02325434,0.03100990,0.175,967.820,0.000535
5165,0.02315738,0.03117960,0.175,968.002,0.000534
5166,0.02309702,0.03126531,0.175,968.185,0.000534
5167,0.02314734,0.03117850,0.174,968.366,0.000534
5168,0.02317068,0.03113798,0.174,968.547,0.000534
5169,0.02320412,0.03116433,0.177,968.731,0.000534
5170,0.02317316,0.03111101,0.175,968.913,0.000534
5171,0.02310584,0.03123072,0.175,969.095,0.000534
5172,0.02294454,0.03109818,0.175,969.277,0.000534
5173,0.02308545,0.03113551,0.174,969.459,0.000534
5174,0.02320751,0.03116006,0.175,969.641,0.000534
5175,0.02315021,0.03109852,0.177,969.826,0.000534
5176,0.02310133,0.03101031,0.174,970.007,0.000534
5177,0.02316456,0.03112374,0.175,970.189,0.000534
5178,0.02304988,0.03095946,0.174,970.371,0.000534
5179,0.02313315,0.03115543,0.175,970.554,0.000534
5180,0.02322757,0.03115738,0.175,970.736,0.000533
5181,0.02329063,0.03123071,0.176,970.919,0.000533
5182,0.02325661,0.03111994,0.175,971.102,0.000533
5183,0.02322495,0.03112983,0.175,971.285,0.000533
5184,0.02311758,0.03099226,0.175,971.467,0.000533
5185,0.02303330,0.03108457,0.173,971.647,0.000533
5186,0.02309826,0.03106191,0.175,971.829,0.000533
5187,0.02322236,0.03113535,0.175,972.011,0.000533
5188,0.02330752,0.03111798,0.175,972.194,0.000533
5189,0.02314841,0.03115861,0.175,972.376,0.000533
5190,0.02303362,0.03111255,0.174,972.558,0.000533
5191,0.02307201,0.03117493,0.175,972.740,0.000533
5192,0.02308728,0.03111952,0.175,972.922,0.000533
5193,0.02301910,0.03116135,0.174,973.104,0.000532
5194,0.02304581,0.03111919,0.175,973.287,0.000532
5195,0.02305010,0.03107118,0.175,973.469,0.000532
5196,0.02297387,0.03101844,0.175,973.652,0.000532
5197,0.02308781,0.03106426,0.175,973.834,0.000532
5198,0.02306356,0.03104888,0.175,974.016,0.000532
5199,0.02303395,0.03109026,0.175,974.198,0.000532
5200,0.02307228,0.03110760,0.174,974.380,0.000532
5201,0.02302938,0.03111123,0.175,974.562,0.000532
5202,0.02300165,0.03108438,0.174,974.744,0.000532
5203,0.02308123,0.03118350,0.175,974.925,0.000532
5204,0.02303477,0.03116222,0.175,975.108,0.000532
5205,0.02291938,0.03111232,0.175,975.290,0.000531
5206,0.02291476,0.03109537,0.173,975.470,0.000531
5207,0.02287520,0.03101593,0.173,975.651,0.000531
5208,0.02274496,0.03109312,0.174,975.832,0.000531
5209,0.02273847,0.03099064,0.171,976.011,0.000531
5210,0.02274115,0.03104341,0.172,976.190,0.000531
5211,0.02275552,0.03096718,0.173,976.370,0.000531
5212,0.02274157,0.03104661,0.174,976.552,0.000531
5213,0.02275373,0.03114771,0.173,976.732,0.000531
5214,0.02286444,0.03102359,0.174,976.914,0.000531
5215,0.02296947,0.03105969,0.175,977.096,0.000531
5216,0.02290964,0.03115244,0.174,977.277,0.000531
5217,0.02283615,0.03108503,0.174,977.459,0.000530
5218,0.02306248,0.03114568,0.174,977.641,0.000530
5219,0.02306525,0.03126339,0.173,977.821,0.000530
5220,0.02298310,0.03115323,0.174,978.003,0.000530
5221,0.02294587,0.03122525,0.174,978.183,0.000530
5222,0.02295673,0.03114058,0.174,978.365,0.000530
5223,0.02302698,0.03118929,0.174,978.546,0.000530
5224,0.02322756,0.03110273,0.175,978.729,0.000530
5225,0.02301497,0.03112699,0.175,978.912,0.000530
5226,0.02294569,0.03113615,0.175,979.094,0.000530
5227,0.02311412,0.03109973,0.175,979.277,0.000530
5228,0.02322239,0.03115440,0.175,979.459,0.000529
5229,0.02304698,0.03120800,0.174,979.640,0.000529
5230,0.02316396,0.03109935,0.175,979.822,0.000529
5231,0.02322055,0.03112854,0.174,980.004,0.000529
5232,0.02326024,0.03108186,0.175,980.186,0.000529
5233,0.02327649,0.03105963,0.174,980.367,0.000529
5234,0.02317408,0.03103237,0.175,980.549,0.000529
5235,0.02309738,0.03095289,0.175,980.732,0.000529
5236,0.02307793,0.03115396,0.174,980.913,0.000529
5237,0.02300451,0.03108910,0.175,981.095,0.000529
5238,0.02302451,0.03114439,0.175,981.277,0.000528
5239,0.02311783,0.03107475,0.173,981.458,0.000528
5240,0.02296728,0.03112131,0.171,981.637,0.000528
5241,0.02300916,0.03118062,0.170,981.814,0.000528
5242,0.02339443,0.03112799,0.172,981.993,0.000528
5243,0.02326312,0.03119579,0.173,982.174,0.000528
5244,0.02308359,0.03111112,0.171,982.353,0.000528
5245,0.02299367,0.03106816,0.172,982.532,0.000528
5246,0.02295683,0.03102320,0.170,982.709,0.000528
5247,0.02298519,0.03110356,0.171,982.888,0.000528
5248,0.02300616,0.03110288,0.175,983.070,0.000527
5249,0.02311877,0.03114687,0.176,983.253,0.000527
5250,0.02305036,0.03108416,0.175,983.436,0.000527
5251,0.02310410,0.03110654,0.175,983.618,0.000527
5252,0.02295791,0.03107606,0.175,983.801,0.000527
5253,0.02299634,0.03105967,0.176,983.984,0.000527
5254,0.02297444,0.03101134,0.175,984.166,0.000527
5255,0.02316254,0.03108531,0.174,984.347,0.000527
5256,0.02325733,0.03114487,0.176,984.530,0.000527
5257,0.02308934,0.03123417,0.175,984.713,0.000527
5258,0.02324310,0.03121708,0.174,984.895,0.000526
5259,0.02317359,0.03126139,0.175,985.077,0.000526
5260,0.02313259,0.03119628,0.176,985.260,0.000526
5261,0.02298448,0.03112177,0.175,985.443,0.000526
5262,0.02285393,0.03109170,0.174,985.624,0.000526
5263,0.02287524,0.03115661,0.175,985.807,0.000526
5264,0.02283820,0.03119930,0.175,985.989,0.000526
5265,0.02281507,0.03121057,0.174,986.170,0.000526
5266,0.02285929,0.03121757,0.175,986.352,0.000526
5267,0.02292990,0.03109241,0.174,986.533,0.000525
5268,0.02279845,0.03112096,0.176,986.717,0.000525
5269,0.02276069,0.03102855,0.174,986.899,0.000525
5270,0.02273455,0.03104333,0.174,987.081,0.000525
5271,0.02280284,0.03110751,0.175,987.264,0.000525
5272,0.02269300,0.03109655,0.175,987.446,0.000525
5273,0.02276368,0.03108974,0.174,987.628,0.000525
5274,0.02299136,0.03122749,0.177,987.812,0.000525
5275,0.02291491,0.03121240,0.174,987.994,0.000525
5276,0.02290768,0.03123371,0.175,988.176,0.000524
5277,0.02298867,0.03125568,0.174,988.357,0.000524
5278,0.02294433,0.03134342,0.175,988.539,0.000524
5279,0.02282542,0.03125242,0.175,988.722,0.000524
5280,0.02276814,0.03126445,0.174,988.903,0.000524
5281,0.02297561,0.03117496,0.174,989.085,0.000524
5282,0.02300615,0.03122220,0.177,989.269,0.000524
5283,0.02287637,0.03121294,0.174,989.450,0.000524
5284,0.02278379,0.03126995,0.175,989.633,0.000524
5285,0.02326233,0.03121691,0.175,989.815,0.000523
5286,0.02324751,0.03122774,0.175,989.997,0.000523
5287,0.02302269,0.03126733,0.175,990.179,0.000523
5288,0.02297074,0.03130082,0.175,990.361,0.000523
5289,0.02298265,0.03120758,0.174,990.543,0.000523
5290,0.02300090,0.03126622,0.175,990.725,0.000523
5291,0.02298564,0.03122340,0.176,990.909,0.000523
5292,0.02295070,0.03118529,0.174,991.090,0.000523
5293,0.02298548,0.03121407,0.174,991.271,0.000523
5294,0.02289684,0.03131960,0.175,991.453,0.000522
5295,0.02323136,0.03145803,0.176,991.636,0.000522
5296,0.02327357,0.03134605,0.176,991.819,0.000522
5297,0.02315836,0.03135468,0.174,992.000,0.000522
5298,0.02312427,0.03139109,0.175,992.182,0.000522
5299,0.02310563,0.03129463,0.174,992.363,0.000522
5300,0.02297369,0.03132627,0.175,992.546,0.000522
5301,0.02288020,0.03130739,0.176,992.729,0.000522
5302,0.02286113,0.03118720,0.175,992.911,0.000521
5303,0.02282369,0.03123506,0.174,993.093,0.000521
5304,0.02289590,0.03121038,0.174,993.275,0.000521
5305,0.02281099,0.03121085,0.175,993.456,0.000521
5306,0.02275034,0.03122057,0.175,993.638,0.000521
5307,0.02276175,0.03113187,0.175,993.821,0.000521
5308,0.02281279,0.03117930,0.175,994.003,0.000521
5309,0.02283874,0.03111171,0.175,994.185,0.000521
5310,0.02275179,0.03119428,0.174,994.366,0.000520
5311,0.02274352,0.03117131,0.175,994.548,0.000520
5312,0.02269892,0.03117321,0.175,994.730,0.000520
5313,0.02282769,0.03123585,0.182,994.920,0.000520
5314,0.02290968,0.03120920,0.175,995.102,0.000520
5315,0.02281649,0.03118606,0.174,995.283,0.000520
5316,0.02295129,0.03134121,0.175,995.466,0.000520
5317,0.02306511,0.03128384,0.175,995.648,0.000520
5318,0.02319455,0.03133843,0.177,995.833,0.000519
5319,0.02308947,0.03143640,0.176,996.016,0.000519
5320,0.02297308,0.03147008,0.174,996.198,0.000519
5321,0.02294625,0.03141432,0.175,996.380,0.000519
5322,0.02281801,0.03130550,0.175,996.562,0.000519
5323,0.02291549,0.03127665,0.175,996.744,0.000519
5324,0.02288369,0.03122910,0.175,996.926,0.000519
5325,0.02304746,0.03130138,0.175,997.109,0.000519
5326,0.02299925,0.03128369,0.175,997.292,0.000518
5327,0.02305681,0.03136842,0.176,997.475,0.000518
5328,0.02306907,0.03123812,0.175,997.657,0.000518
5329,0.02296159,0.03131166,0.178,997.842,0.000518
5330,0.02320917,0.03137734,0.176,998.026,0.000518
5331,0.02329567,0.03141554,0.174,998.207,0.000518
5332,0.02310602,0.03134589,0.175,998.390,0.000518
5333,0.02297895,0.03120660,0.176,998.573,0.000517
5334,0.02303807,0.03120166,0.176,998.756,0.000517
5335,0.02306242,0.03140057,0.175,998.938,0.000517
5336,0.02329696,0.03139275,0.175,999.121,0.000517
5337,0.02307266,0.03130922,0.175,999.304,0.000517
5338,0.02290214,0.03130095,0.174,999.485,0.000517
5339,0.02277531,0.03124788,0.175,999.668,0.000517
5340,0.02300119,0.03135787,0.175,999.851,0.000516
5341,0.02297188,0.03125523,0.175,1000.033,0.000516
5342,0.02282054,0.03125225,0.175,1000.216,0.000516
5343,0.02282451,0.03125480,0.175,1000.398,0.000516
5344,0.02300165,0.03127514,0.175,1000.580,0.000516
5345,0.02307526,0.03130678,0.175,1000.762,0.000516
5346,0.02304072,0.03125254,0.174,1000.944,0.000516
5347,0.02297132,0.03123106,0.175,1001.126,0.000516
5348,0.02303919,0.03128034,0.174,1001.308,0.000515
5349,0.02294301,0.03119774,0.176,1001.491,0.000515
5350,0.02283598,0.03126204,0.176,1001.674,0.000515
5351,0.02277554,0.03130572,0.176,1001.857,0.000515
5352,0.02287227,0.03117976,0.175,1002.039,0.000515
5353,0.02274748,0.03122066,0.175,1002.221,0.000515
5354,0.02280991,0.03117636,0.175,1002.403,0.000515
5355,0.02282417,0.03118711,0.175,1002.585,0.000514
5356,0.02288477,0.03120315,0.176,1002.769,0.000514
5357,0.02281110,0.03117189,0.174,1002.950,0.000514
5358,0.02276247,0.03114694,0.175,1003.132,0.000514
5359,0.02270138,0.03114399,0.174,1003.314,0.000514
5360,0.02273662,0.03109525,0.175,1003.496,0.000514
5361,0.02280208,0.03128657,0.175,1003.679,0.000514
5362,0.02287457,0.03120364,0.177,1003.862,0.000513
5363,0.02282401,0.03123248,0.176,1004.046,0.000513
5364,0.02280533,0.03124596,0.174,1004.227,0.000513
5365,0.02278970,0.03132216,0.175,1004.409,0.000513
5366,0.02270884,0.03115804,0.175,1004.591,0.000513
5367,0.02269907,0.03118103,0.175,1004.773,0.000513
5368,0.02262974,0.03121362,0.173,1004.954,0.000513
5369,0.02256831,0.03110686,0.174,1005.135,0.000512
5370,0.02264503,0.03117655,0.174,1005.317,0.000512
5371,0.02258791,0.03109952,0.174,1005.498,0.000512
5372,0.02271809,0.03115140,0.174,1005.679,0.000512
5373,0.02273093,0.03110432,0.175,1005.862,0.000512
5374,0.02266674,0.03119186,0.177,1006.046,0.000512
5375,0.02271211,0.03113184,0.174,1006.227,0.000511
5376,0.02270532,0.03125987,0.175,1006.410,0.000511
5377,0.02295585,0.03139080,0.175,1006.592,0.000511
5378,0.02301167,0.03131297,0.174,1006.773,0.000511
5379,0.02293599,0.03128398,0.173,1006.954,0.000511
5380,0.02286445,0.03126617,0.174,1007.135,0.000511
5381,0.02277349,0.03117855,0.174,1007.317,0.000511
5382,0.02278145,0.03123325,0.175,1007.499,0.000510
5383,0.02286870,0.03120947,0.176,1007.683,0.000510
5384,0.02277598,0.03123115,0.173,1007.863,0.000510
5385,0.02275485,0.03115079,0.175,1008.045,0.000510
5386,0.02266061,0.03116207,0.174,1008.227,0.000510
5387,0.02255239,0.03119992,0.174,1008.407,0.000510
5388,0.02260067,0.03130836,0.176,1008.590,0.000509
5389,0.02267533,0.03118842,0.175,1008.773,0.000509
5390,0.02268236,0.03121410,0.172,1008.953,0.000509
5391,0.02272710,0.03115969,0.171,1009.131,0.000509
5392,0.02270301,0.03123305,0.171,1009.309,0.000509
5393,0.02266156,0.03110454,0.170,1009.486,0.000509
5394,0.02265488,0.03111767,0.172,1009.665,0.000509
5395,0.02259239,0.03116347,0.175,1009.848,0.000508
5396,0.02268202,0.03120589,0.174,1010.029,0.000508
5397,0.02271610,0.03110736,0.175,1010.211,0.000508
5398,0.02258494,0.03106674,0.174,1010.392,0.000508
5399,0.02250098,0.03108600,0.174,1010.574,0.000508
5400,0.02256878,0.03116254,0.176,1010.758,0.000508
5401,0.02255421,0.03121079,0.173,1010.939,0.000507
5402,0.02269500,0.03122256,0.174,1011.120,0.000507
5403,0.02250161,0.03116872,0.175,1011.302,0.000507
5404,0.02246816,0.03122559,0.176,1011.486,0.000507
5405,0.02257163,0.03121758,0.176,1011.669,0.000507
5406,0.02257685,0.03117780,0.174,1011.851,0.000507
5407,0.02255989,0.03122090,0.175,1012.033,0.000506
5408,0.02249875,0.03114124,0.174,1012.215,0.000506
5409,0.02260320,0.03126194,0.175,1012.397,0.000506
5410,0.02263028,0.03121758,0.175,1012.580,0.000506
5411,0.02259095,0.03127527,0.170,1012.757,0.000506
5412,0.02254132,0.03123262,0.171,1012.935,0.000506
5413,0.02260231,0.03135127,0.170,1013.113,0.000505
5414,0.02269369,0.03130696,0.171,1013.291,0.000505
5415,0.02258066,0.03126805,0.171,1013.469,0.000505
5416,0.02266133,0.03125433,0.171,1013.647,0.000505
5417,0.02256596,0.03123119,0.171,1013.825,0.000505
5418,0.02261931,0.03136700,0.171,1014.004,0.000505
5419,0.02274130,0.03120525,0.170,1014.181,0.000504
5420,0.02261424,0.03119832,0.170,1014.359,0.000504
5421,0.02258125,0.03127102,0.173,1014.539,0.000504
5422,0.02257395,0.03133377,0.172,1014.718,0.000504
5423,0.02274177,0.03123452,0.174,1014.899,0.000504
5424,0.02269800,0.03131942,0.173,1015.079,0.000504
5425,0.02269315,0.03128920,0.171,1015.258,0.000503
5426,0.02273280,0.03128614,0.170,1015.435,0.000503
5427,0.02273106,0.03127106,0.171,1015.613,0.000503
5428,0.02282289,0.03124435,0.170,1015.791,0.000503
5429,0.02287187,0.03131295,0.170,1015.968,0.000503
5430,0.02291137,0.03131016,0.171,1016.146,0.000503
5431,0.02278921,0.03126752,0.171,1016.325,0.000502
5432,0.02275919,0.03127127,0.172,1016.504,0.000502
5433,0.02277999,0.03113898,0.175,1016.686,0.000502
5434,0.02274302,0.03133481,0.175,1016.868,0.000502
5435,0.02262516,0.03124170,0.173,1017.049,0.000502
5436,0.02261857,0.03127291,0.175,1017.231,0.000502
5437,0.02267102,0.03138610,0.174,1017.412,0.000501
5438,0.02267701,0.03119138,0.172,1017.591,0.000501
5439,0.02258818,0.03117644,0.171,1017.770,0.000501
5440,0.02262581,0.03135397,0.172,1017.950,0.000501
5441,0.02293596,0.03160394,0.174,1018.130,0.000501
5442,0.02308032,0.03167482,0.170,1018.308,0.000501
5443,0.02354599,0.03176646,0.170,1018.485,0.000500
5444,0.02365865,0.03212146,0.173,1018.666,0.000500
5445,0.02363836,0.03183402,0.171,1018.844,0.000500
5446,0.02376461,0.03235078,0.170,1019.022,0.000500
5447,0.02430861,0.03196631,0.170,1019.199,0.000500
5448,0.02421384,0.03200454,0.172,1019.379,0.000500
5449,0.02410222,0.03194402,0.174,1019.560,0.000499
5450,0.02393430,0.03191342,0.171,1019.739,0.000499
5451,0.02380280,0.03176625,0.171,1019.917,0.000499
5452,0.02369166,0.03159170,0.176,1020.100,0.000499
5453,0.02387517,0.03147518,0.175,1020.282,0.000499
5454,0.02391958,0.03160215,0.174,1020.463,0.000498
5455,0.02392130,0.03201063,0.171,1020.642,0.000498
5456,0.02416659,0.03181729,0.171,1020.819,0.000498
5457,0.02430484,0.03180910,0.171,1020.998,0.000498
5458,0.02454226,0.03198955,0.170,1021.175,0.000498
5459,0.02466290,0.03206105,0.170,1021.353,0.000498
5460,0.02460031,0.03183467,0.173,1021.533,0.000497
5461,0.02463779,0.03184129,0.171,1021.711,0.000497
5462,0.02439835,0.03188585,0.174,1021.892,0.000497
5463,0.02417460,0.03176114,0.175,1022.074,0.000497
5464,0.02411569,0.03147914,0.175,1022.256,0.000497
5465,0.02396696,0.03167325,0.174,1022.438,0.000496
5466,0.02394510,0.03162413,0.175,1022.620,0.000496
5467,0.02377102,0.03141955,0.175,1022.803,0.000496
5468,0.02376091,0.03159668,0.175,1022.985,0.000496
5469,0.02361596,0.03149069,0.175,1023.167,0.000496
5470,0.02357647,0.03158633,0.175,1023.350,0.000496
5471,0.02357810,0.03158917,0.174,1023.531,0.000495
5472,0.02355122,0.03160885,0.172,1023.711,0.000495
5473,0.02371637,0.03169894,0.173,1023.891,0.000495
5474,0.02369070,0.03167405,0.170,1024.068,0.000495
5475,0.02369349,0.03176825,0.170,1024.245,0.000495
5476,0.02374621,0.03181048,0.170,1024.423,0.000494
5477,0.02374538,0.03169655,0.172,1024.602,0.000494
5478,0.02403333,0.03165080,0.170,1024.779,0.000494
5479,0.02389294,0.03161540,0.171,1024.958,0.000494
5480,0.02370434,0.03162390,0.175,1025.140,0.000494
5481,0.02369919,0.03164198,0.174,1025.321,0.000493
5482,0.02386323,0.03167098,0.174,1025.502,0.000493
5483,0.02378135,0.03145119,0.175,1025.685,0.000493
5484,0.02378234,0.03155683,0.175,1025.867,0.000493
5485,0.02399818,0.03175772,0.176,1026.050,0.000493
5486,0.02430512,0.03183341,0.175,1026.232,0.000493
5487,0.02447039,0.03191171,0.175,1026.414,0.000492
5488,0.02438584,0.03160993,0.175,1026.597,0.000492
5489,0.02415798,0.03158390,0.175,1026.779,0.000492
5490,0.02400514,0.03166165,0.175,1026.962,0.000492
5491,0.02390840,0.03172462,0.173,1027.143,0.000492
5492,0.02399429,0.03169300,0.174,1027.324,0.000491
5493,0.02401092,0.03182992,0.175,1027.506,0.000491
5494,0.02446132,0.03181761,0.176,1027.689,0.000491
5495,0.02415979,0.03160481,0.173,1027.870,0.000491
5496,0.02397862,0.03162672,0.172,1028.049,0.000491
5497,0.02396051,0.03154538,0.171,1028.228,0.000490
5498,0.02370915,0.03142915,0.171,1028.406,0.000490
5499,0.02366165,0.03150961,0.171,1028.584,0.000490
5500,0.02362383,0.03149735,0.172,1028.763,0.000490
5501,0.02368844,0.03151717,0.171,1028.941,0.000490
5502,0.02363124,0.03149324,0.171,1029.120,0.000489
5503,0.02370314,0.03148304,0.174,1029.301,0.000489
5504,0.02365086,0.03149483,0.174,1029.483,0.000489
5505,0.02369405,0.03149091,0.175,1029.665,0.000489
5506,0.02373138,0.03146306,0.174,1029.847,0.000489
5507,0.02370023,0.03150464,0.174,1030.028,0.000488
5508,0.02367742,0.03138764,0.175,1030.210,0.000488
5509,0.02359521,0.03133353,0.175,1030.392,0.000488
5510,0.02354062,0.03127741,0.176,1030.575,0.000488
5511,0.02355151,0.03138592,0.177,1030.760,0.000488
5512,0.02353301,0.03137429,0.171,1030.938,0.000487
5513,0.02352702,0.03146477,0.173,1031.117,0.000487
5514,0.02344392,0.03143848,0.172,1031.297,0.000487
5515,0.02339037,0.03141684,0.175,1031.480,0.000487
5516,0.02341928,0.03145189,0.175,1031.662,0.000487
5517,0.02352145,0.03156469,0.171,1031.841,0.000486
5518,0.02344408,0.03143007,0.170,1032.018,0.000486
5519,0.02332080,0.03137529,0.170,1032.195,0.000486
5520,0.02325897,0.03137937,0.179,1032.382,0.000486
5521,0.02317471,0.03145756,0.185,1032.575,0.000486
5522,0.02325915,0.03163845,0.190,1032.772,0.000485
5523,0.02352047,0.03170280,0.178,1032.958,0.000485
5524,0.02358430,0.03161922,0.176,1033.141,0.000485
5525,0.02334968,0.03153480,0.176,1033.324,0.000485
5526,0.02331601,0.03153778,0.173,1033.505,0.000485
5527,0.02326667,0.03158343,0.174,1033.686,0.000484
5528,0.02333529,0.03149796,0.172,1033.865,0.000484
5529,0.02330025,0.03151859,0.172,1034.045,0.000484
5530,0.02325282,0.03143906,0.171,1034.223,0.000484
5531,0.02327108,0.03145702,0.170,1034.400,0.000484
5532,0.02332087,0.03148217,0.170,1034.577,0.000483
5533,0.02326569,0.03147196,0.171,1034.756,0.000483
5534,0.02320669,0.03152174,0.171,1034.934,0.000483
5535,0.02314728,0.03145811,0.171,1035.112,0.000483
5536,0.02317392,0.03149547,0.170,1035.290,0.000483
5537,0.02323450,0.03152688,0.171,1035.467,0.000482
5538,0.02319896,0.03169011,0.172,1035.647,0.000482
5539,0.02317094,0.03164062,0.172,1035.826,0.000482
5540,0.02359352,0.03170925,0.171,1036.004,0.000482
5541,0.02334065,0.03161845,0.172,1036.183,0.000482
5542,0.02341383,0.03150409,0.171,1036.362,0.000481
5543,0.02331451,0.03158931,0.173,1036.542,0.000481
5544,0.02323458,0.03148981,0.175,1036.725,0.000481
5545,0.02318263,0.03148831,0.171,1036.903,0.000481
5546,0.02315536,0.03150710,0.173,1037.083,0.000481
5547,0.02320409,0.03165072,0.170,1037.261,0.000480
5548,0.02344567,0.03161661,0.172,1037.440,0.000480
5549,0.02347051,0.03149391,0.171,1037.618,0.000480
5550,0.02334512,0.03153874,0.171,1037.797,0.000480
5551,0.02336392,0.03153675,0.172,1037.977,0.000479
5552,0.02334775,0.03149396,0.171,1038.155,0.000479
5553,0.02319541,0.03136853,0.178,1038.341,0.000479
5554,0.02322590,0.03137714,0.170,1038.518,0.000479
5555,0.02310674,0.03147680,0.173,1038.698,0.000479
5556,0.02311217,0.03157465,0.172,1038.878,0.000478
5557,0.02301389,0.03162313,0.172,1039.057,0.000478
5558,0.02306609,0.03156763,0.172,1039.237,0.000478
5559,0.02316333,0.03156356,0.171,1039.415,0.000478
5560,0.02315629,0.03146217,0.172,1039.595,0.000478
5561,0.02342469,0.03140543,0.171,1039.774,0.000477
5562,0.02334855,0.03139719,0.171,1039.952,0.000477
5563,0.02323461,0.03139435,0.172,1040.132,0.000477
5564,0.02332699,0.03127930,0.174,1040.313,0.000477
5565,0.02333307,0.03133688,0.171,1040.491,0.000476
5566,0.02330037,0.03130947,0.170,1040.669,0.000476
5567,0.02312669,0.03142409,0.171,1040.847,0.000476
5568,0.02301013,0.03130021,0.170,1041.025,0.000476
5569,0.02294782,0.03132659,0.172,1041.204,0.000476
5570,0.02300584,0.03134599,0.174,1041.386,0.000475
5571,0.02297792,0.03144689,0.185,1041.578,0.000475
5572,0.02311267,0.03140093,0.174,1041.760,0.000475
5573,0.02297125,0.03137629,0.171,1041.938,0.000475
5574,0.02294783,0.03142092,0.176,1042.121,0.000474
5575,0.02290445,0.03135510,0.174,1042.303,0.000474
5576,0.02297624,0.03140477,0.176,1042.486,0.000474
5577,0.02290852,0.03142877,0.178,1042.671,0.000474
5578,0.02286649,0.03142199,0.171,1042.850,0.000474
5579,0.02289493,0.03141610,0.171,1043.029,0.000473
5580,0.02281930,0.03129798,0.170,1043.207,0.000473
5581,0.02280124,0.03122179,0.170,1043.385,0.000473
5582,0.02274061,0.03132925,0.170,1043.562,0.000473
5583,0.02287021,0.03139861,0.171,1043.740,0.000473
5584,0.02306773,0.03140109,0.170,1043.917,0.000472
5585,0.02297096,0.03137368,0.172,1044.096,0.000472
5586,0.02305193,0.03148298,0.177,1044.280,0.000472
5587,0.02317565,0.03144002,0.174,1044.461,0.000472
5588,0.02298408,0.03140072,0.174,1044.643,0.000471
5589,0.02294893,0.03148939,0.175,1044.825,0.000471
5590,0.02282653,0.03144234,0.173,1045.005,0.000471
5591,0.02286260,0.03149627,0.171,1045.184,0.000471
5592,0.02293432,0.03139829,0.170,1045.362,0.000470
5593,0.02295751,0.03143428,0.171,1045.540,0.000470
5594,0.02289385,0.03143495,0.170,1045.717,0.000470
5595,0.02295236,0.03145608,0.171,1045.896,0.000470
5596,0.02304368,0.03153204,0.174,1046.077,0.000470
5597,0.02293471,0.03148493,0.175,1046.260,0.000469
5598,0.02303640,0.03149107,0.171,1046.438,0.000469
5599,0.02302662,0.03150746,0.171,1046.616,0.000469
5600,0.02309996,0.03154928,0.174,1046.798,0.000469
5601,0.02307936,0.03153770,0.174,1046.979,0.000468
5602,0.02308331,0.03148012,0.175,1047.161,0.000468
5603,0.02303489,0.03141758,0.174,1047.342,0.000468
5604,0.02306915,0.03154545,0.171,1047.521,0.000468
5605,0.02297398,0.03141115,0.177,1047.705,0.000468
5606,0.02283199,0.03139739,0.176,1047.888,0.000467
5607,0.02302847,0.03146424,0.172,1048.068,0.000467
5608,0.02296387,0.03149478,0.171,1048.246,0.000467
5609,0.02307020,0.03141461,0.170,1048.423,0.000467
5610,0.02300307,0.03149742,0.172,1048.602,0.000466
5611,0.02299556,0.03149618,0.171,1048.781,0.000466
5612,0.02297241,0.03153934,0.170,1048.958,0.000466
5613,0.02302367,0.03156233,0.171,1049.136,0.000466
5614,0.02290652,0.03147872,0.171,1049.315,0.000465
5615,0.02292982,0.03149303,0.171,1049.493,0.000465
5616,0.02299785,0.03133036,0.171,1049.671,0.000465
5617,0.02285824,0.03142826,0.171,1049.850,0.000465
5618,0.02300572,0.03144907,0.172,1050.029,0.000465
5619,0.02320877,0.03155564,0.171,1050.208,0.000464
5620,0.02312343,0.03151245,0.172,1050.387,0.000464
5621,0.02301814,0.03149146,0.172,1050.566,0.000464
5622,0.02300470,0.03141199,0.173,1050.747,0.000464
5623,0.02306805,0.03150335,0.173,1050.927,0.000463
5624,0.02305852,0.03144341,0.172,1051.106,0.000463
5625,0.02324376,0.03137838,0.171,1051.285,0.000463
5626,0.02303465,0.03147816,0.170,1051.462,0.000463
5627,0.02316584,0.03151799,0.170,1051.640,0.000462
5628,0.02315975,0.03141116,0.170,1051.817,0.000462
5629,0.02303908,0.03147945,0.172,1051.996,0.000462
5630,0.02299385,0.03149193,0.172,1052.175,0.000462
5631,0.02305282,0.03152192,0.172,1052.355,0.000461
5632,0.02301337,0.03148650,0.171,1052.533,0.000461
5633,0.02303514,0.03164311,0.172,1052.712,0.000461
5634,0.02313194,0.03161029,0.171,1052.890,0.000461
5635,0.02336734,0.03167859,0.171,1053.068,0.000461
5636,0.02324148,0.03152143,0.171,1053.246,0.000460
5637,0.02308050,0.03161627,0.171,1053.425,0.000460
5638,0.02302712,0.03159715,0.172,1053.604,0.000460
5639,0.02322947,0.03152907,0.172,1053.783,0.000460
5640,0.02310644,0.03156276,0.173,1053.963,0.000459
5641,0.02296586,0.03154928,0.172,1054.142,0.000459
5642,0.02292750,0.03153207,0.182,1054.332,0.000459
5643,0.02299600,0.03153639,0.172,1054.512,0.000459
5644,0.02297481,0.03163893,0.172,1054.691,0.000458
5645,0.02289829,0.03156751,0.172,1054.870,0.000458
5646,0.02296350,0.03148225,0.171,1055.049,0.000458
5647,0.02284937,0.03150366,0.171,1055.227,0.000458
5648,0.02284969,0.03155256,0.172,1055.407,0.000457
5649,0.02286040,0.03151360,0.172,1055.586,0.000457
5650,0.02278375,0.03150147,0.171,1055.764,0.000457
5651,0.02285006,0.03158238,0.171,1055.942,0.000457
5652,0.02289390,0.03155539,0.171,1056.120,0.000456
5653,0.02281418,0.03156390,0.172,1056.299,0.000456
5654,0.02291153,0.03154369,0.171,1056.477,0.000456
5655,0.02288604,0.03159480,0.172,1056.656,0.000456
5656,0.02284777,0.03158799,0.171,1056.835,0.000455
5657,0.02275664,0.03152557,0.171,1057.013,0.000455
5658,0.02274814,0.03153395,0.172,1057.192,0.000455
5659,0.02277137,0.03146779,0.171,1057.371,0.000455
5660,0.02286861,0.03152414,0.171,1057.549,0.000454
5661,0.02279338,0.03154196,0.171,1057.727,0.000454
5662,0.02279623,0.03150317,0.172,1057.906,0.000454
5663,0.02283822,0.03157993,0.177,1058.090,0.000454
5664,0.02291528,0.03153664,0.174,1058.271,0.000454
5665,0.02284490,0.03149232,0.172,1058.451,0.000453
5666,0.02268029,0.03156364,0.173,1058.631,0.000453
5667,0.02276927,0.03138394,0.172,1058.811,0.000453
5668,0.02272365,0.03142755,0.172,1058.990,0.000453
5669,0.02274798,0.03154123,0.173,1059.170,0.000452
5670,0.02271234,0.03141653,0.172,1059.350,0.000452
5671,0.02273014,0.03143646,0.171,1059.527,0.000452
5672,0.02272330,0.03149598,0.171,1059.706,0.000452
5673,0.02269229,0.03137650,0.170,1059.883,0.000451
5674,0.02284406,0.03137483,0.170,1060.061,0.000451
5675,0.02301444,0.03145144,0.172,1060.240,0.000451
5676,0.02290004,0.03140623,0.174,1060.421,0.000451
5677,0.02272152,0.03135712,0.170,1060.599,0.000450
5678,0.02287063,0.03133035,0.170,1060.776,0.000450
5679,0.02286682,0.03131875,0.170,1060.954,0.000450
5680,0.02279109,0.03129652,0.170,1061.131,0.000450
5681,0.02274429,0.03139012,0.173,1061.311,0.000449
5682,0.02282821,0.03139001,0.171,1061.490,0.000449
5683,0.02273945,0.03134164,0.173,1061.670,0.000449
5684,0.02301544,0.03135970,0.172,1061.849,0.000449
5685,0.02294761,0.03138806,0.171,1062.027,0.000448
5686,0.02281938,0.03137095,0.170,1062.205,0.000448
5687,0.02276277,0.03144891,0.171,1062.384,0.000448
5688,0.02281032,0.03140722,0.171,1062.563,0.000448
5689,0.02269116,0.03140536,0.172,1062.742,0.000447
5690,0.02267910,0.03151651,0.172,1062.921,0.000447
5691,0.02260727,0.03145691,0.172,1063.101,0.000447
5692,0.02262488,0.03145595,0.171,1063.279,0.000447
5693,0.02263505,0.03141507,0.172,1063.458,0.000446
5694,0.02261257,0.03156217,0.170,1063.636,0.000446
5695,0.02256736,0.03150949,0.173,1063.816,0.000446
5696,0.02252810,0.03146638,0.179,1064.002,0.000445
5697,0.02249898,0.03144837,0.178,1064.187,0.000445
5698,0.02253368,0.03143614,0.177,1064.372,0.000445
5699,0.02246313,0.03155380,0.175,1064.554,0.000445
5700,0.02261107,0.03159388,0.176,1064.737,0.000444
5701,0.02261610,0.03163751,0.177,1064.921,0.000444
5702,0.02267138,0.03150918,0.174,1065.103,0.000444
5703,0.02268876,0.03148564,0.172,1065.282,0.000444
5704,0.02288298,0.03147808,0.177,1065.467,0.000443
5705,0.02274562,0.03141578,0.177,1065.651,0.000443
5706,0.02270348,0.03149959,0.175,1065.833,0.000443
5707,0.02271787,0.03142592,0.173,1066.013,0.000443
5708,0.02270828,0.03151821,0.177,1066.198,0.000442
5709,0.02264532,0.03147404,0.173,1066.379,0.000442
5710,0.02264830,0.03143913,0.175,1066.561,0.000442
5711,0.02269748,0.03139881,0.173,1066.741,0.000442
5712,0.02261045,0.03143212,0.173,1066.922,0.000441
5713,0.02249840,0.03136234,0.173,1067.102,0.000441
5714,0.02250074,0.03151409,0.175,1067.285,0.000441
5715,0.02259992,0.03148464,0.173,1067.465,0.000441
5716,0.02254200,0.03139500,0.174,1067.646,0.000440
5717,0.02258036,0.03138111,0.173,1067.826,0.000440
5718,0.02255188,0.03152108,0.193,1068.026,0.000440
5719,0.02259618,0.03154523,0.179,1068.213,0.000440
5720,0.02272357,0.03150471,0.181,1068.401,0.000439
5721,0.02259682,0.03161801,0.178,1068.586,0.000439
5722,0.02258708,0.03148216,0.177,1068.771,0.000439
5723,0.02254276,0.03150212,0.173,1068.952,0.000439
5724,0.02280527,0.03152980,0.183,1069.142,0.000438
5725,0.02270676,0.03150462,0.171,1069.320,0.000438
5726,0.02266985,0.03153664,0.171,1069.499,0.000438
5727,0.02264256,0.03155278,0.176,1069.683,0.000437
5728,0.02256850,0.03157381,0.181,1069.871,0.000437
5729,0.02264482,0.03161268,0.181,1070.059,0.000437
5730,0.02276777,0.03159260,0.181,1070.248,0.000437
5731,0.02284429,0.03158355,0.175,1070.430,0.000436
5732,0.02286031,0.03150247,0.185,1070.623,0.000436
5733,0.02271041,0.03146975,0.175,1070.805,0.000436
5734,0.02270275,0.03149752,0.174,1070.987,0.000436
5735,0.02253476,0.03142840,0.175,1071.169,0.000435
5736,0.02255719,0.03143846,0.174,1071.351,0.000435
5737,0.02256724,0.03134167,0.173,1071.531,0.000435
5738,0.02247812,0.03133432,0.172,1071.710,0.000435
5739,0.02243156,0.03139509,0.193,1071.910,0.000434
5740,0.02243709,0.03138768,0.177,1072.095,0.000434
5741,0.02249627,0.03143995,0.173,1072.275,0.000434
5742,0.02247417,0.03138250,0.178,1072.461,0.000433
5743,0.02249432,0.03138702,0.179,1072.647,0.000433
5744,0.02240647,0.03140430,0.172,1072.827,0.000433
5745,0.02244395,0.03145257,0.173,1073.007,0.000433
5746,0.02248763,0.03149392,0.172,1073.187,0.000432
5747,0.02249270,0.03149644,0.171,1073.365,0.000432
5748,0.02258669,0.03147621,0.172,1073.544,0.000432
5749,0.02258719,0.03145064,0.173,1073.724,0.000432
5750,0.02238460,0.03143211,0.173,1073.905,0.000431
5751,0.02247902,0.03136749,0.172,1074.084,0.000431
5752,0.02240577,0.03150588,0.172,1074.264,0.000431
5753,0.02232228,0.03150691,0.174,1074.445,0.000431
5754,0.02221218,0.03144702,0.174,1074.626,0.000430
5755,0.02218953,0.03150106,0.172,1074.806,0.000430
5756,0.02216453,0.03144202,0.173,1074.986,0.000430
5757,0.02213402,0.03150832,0.171,1075.164,0.000429
5758,0.02214582,0.03163530,0.172,1075.344,0.000429
5759,0.02221759,0.03158689,0.173,1075.523,0.000429
5760,0.02228520,0.03153567,0.172,1075.703,0.000429
5761,0.02232660,0.03161353,0.172,1075.882,0.000428
5762,0.02228863,0.03154322,0.173,1076.062,0.000428
5763,0.02221044,0.03156534,0.173,1076.243,0.000428
5764,0.02231858,0.03159812,0.173,1076.423,0.000428
5765,0.02245140,0.03157789,0.172,1076.603,0.000427
5766,0.02273842,0.03171751,0.177,1076.787,0.000427
5767,0.02284290,0.03177494,0.173,1076.967,0.000427
5768,0.02314453,0.03163439,0.175,1077.150,0.000426
5769,0.02323180,0.03169381,0.172,1077.329,0.000426
5770,0.02307447,0.03177612,0.172,1077.508,0.000426
5771,0.02331330,0.03180822,0.178,1077.693,0.000426
5772,0.02330073,0.03175905,0.175,1077.875,0.000425
5773,0.02323657,0.03173767,0.179,1078.061,0.000425
5774,0.02305150,0.03170650,0.171,1078.240,0.000425
5775,0.02295504,0.03172691,0.171,1078.418,0.000425
5776,0.02284827,0.03168984,0.170,1078.595,0.000424
5777,0.02292296,0.03175854,0.171,1078.773,0.000424
5778,0.02287017,0.03153212,0.174,1078.955,0.000424
5779,0.02287115,0.03162616,0.171,1079.132,0.000423
5780,0.02286433,0.03153246,0.170,1079.310,0.000423
5781,0.02280812,0.03170730,0.171,1079.488,0.000423
5782,0.02299501,0.03169350,0.170,1079.665,0.000423
5783,0.02292905,0.03168748,0.171,1079.843,0.000422
5784,0.02292536,0.03168905,0.180,1080.031,0.000422
5785,0.02303817,0.03162373,0.172,1080.209,0.000422
5786,0.02290837,0.03165904,0.171,1080.388,0.000421
5787,0.02282327,0.03171717,0.171,1080.565,0.000421
5788,0.02284826,0.03166619,0.178,1080.751,0.000421
5789,0.02300958,0.03160364,0.170,1080.928,0.000421
5790,0.02283633,0.03165967,0.171,1081.106,0.000420
5791,0.02272297,0.03157462,0.171,1081.284,0.000420
5792,0.02291578,0.03162320,0.170,1081.462,0.000420
5793,0.02282526,0.03159614,0.171,1081.640,0.000420
5794,0.02272981,0.03155345,0.171,1081.819,0.000419
5795,0.02278719,0.03170488,0.171,1081.997,0.000419
5796,0.02276118,0.03163249,0.171,1082.175,0.000419
5797,0.02266652,0.03158245,0.171,1082.353,0.000418
5798,0.02271871,0.03171256,0.171,1082.531,0.000418
5799,0.02270265,0.03158601,0.172,1082.709,0.000418
5800,0.02283214,0.03148337,0.170,1082.887,0.000418
5801,0.02280791,0.03163261,0.172,1083.066,0.000417
5802,0.02317641,0.03159017,0.172,1083.246,0.000417
5803,0.02308693,0.03152823,0.171,1083.425,0.000417
5804,0.02323718,0.03142811,0.171,1083.603,0.000416
5805,0.02293771,0.03148966,0.171,1083.781,0.000416
5806,0.02310977,0.03148723,0.171,1083.959,0.000416
5807,0.02318381,0.03155171,0.171,1084.137,0.000416
5808,0.02295282,0.03152030,0.170,1084.314,0.000415
5809,0.02289172,0.03142170,0.170,1084.491,0.000415
5810,0.02292731,0.03144348,0.178,1084.676,0.000415
5811,0.02286806,0.03142310,0.171,1084.854,0.000414
5812,0.02277588,0.03138869,0.171,1085.032,0.000414
5813,0.02264647,0.03149396,0.181,1085.220,0.000414
5814,0.02261533,0.03150757,0.176,1085.404,0.000414
5815,0.02263421,0.03159373,0.174,1085.585,0.000413
5816,0.02268477,0.03149108,0.171,1085.763,0.000413
5817,0.02262146,0.03152367,0.171,1085.943,0.000413
5818,0.02260276,0.03149035,0.172,1086.123,0.000412
5819,0.02249930,0.03149212,0.171,1086.301,0.000412
5820,0.02250691,0.03155088,0.171,1086.480,0.000412
5821,0.02248790,0.03149903,0.173,1086.660,0.000412
5822,0.02254712,0.03145542,0.176,1086.843,0.000411
5823,0.02260376,0.03159472,0.176,1087.026,0.000411
5824,0.02297363,0.03155361,0.172,1087.206,0.000411
5825,0.02276144,0.03147834,0.172,1087.386,0.000410
5826,0.02261301,0.03153425,0.173,1087.566,0.000410
5827,0.02256434,0.03153536,0.173,1087.746,0.000410
5828,0.02260596,0.03158062,0.177,1087.930,0.000410
5829,0.02286227,0.03156211,0.177,1088.114,0.000409
5830,0.02290532,0.03155678,0.174,1088.295,0.000409
5831,0.02291820,0.03152060,0.178,1088.481,0.000409
5832,0.02277256,0.03143426,0.175,1088.662,0.000408
5833,0.02261640,0.03150359,0.176,1088.846,0.000408
5834,0.02248792,0.03147071,0.174,1089.027,0.000408
5835,0.02259105,0.03153783,0.173,1089.207,0.000408
5836,0.02255959,0.03148965,0.175,1089.389,0.000407
5837,0.02265431,0.03149866,0.172,1089.568,0.000407
5838,0.02254711,0.03155961,0.173,1089.749,0.000407
5839,0.02266267,0.03158803,0.177,1089.933,0.000406
5840,0.02295328,0.03156881,0.173,1090.114,0.000406
5841,0.02308231,0.03161397,0.172,1090.294,0.000406
5842,0.02283476,0.03159511,0.172,1090.473,0.000406
5843,0.02276540,0.03160874,0.172,1090.652,0.000405
5844,0.02287464,0.03158446,0.173,1090.832,0.000405
5845,0.02305149,0.03161119,0.172,1091.011,0.000405
5846,0.02296123,0.03153444,0.172,1091.191,0.000404
5847,0.02328958,0.03179338,0.173,1091.371,0.000404
5848,0.02338366,0.03162751,0.172,1091.550,0.000404
5849,0.02321474,0.03158463,0.173,1091.731,0.000404
5850,0.02316103,0.03156079,0.172,1091.910,0.000403
5851,0.02314189,0.03165609,0.172,1092.089,0.000403
5852,0.02298445,0.03152474,0.172,1092.269,0.000403
5853,0.02311058,0.03165057,0.173,1092.449,0.000402
5854,0.02307831,0.03155662,0.172,1092.627,0.000402
5855,0.02321538,0.03168204,0.173,1092.807,0.000402
5856,0.02347320,0.03168758,0.173,1092.988,0.000402
5857,0.02355083,0.03159786,0.173,1093.168,0.000401
5858,0.02343324,0.03159854,0.171,1093.347,0.000401
5859,0.02313772,0.03151203,0.172,1093.526,0.000401
5860,0.02301488,0.03155431,0.174,1093.707,0.000400
5861,0.02325102,0.03166092,0.173,1093.887,0.000400
5862,0.02356607,0.03165412,0.171,1094.066,0.000400
5863,0.02327201,0.03163089,0.172,1094.245,0.000399
5864,0.02309451,0.03162370,0.178,1094.430,0.000399
5865,0.02292553,0.03156134,0.172,1094.610,0.000399
5866,0.02295124,0.03149053,0.171,1094.789,0.000399
5867,0.02290644,0.03154788,0.172,1094.968,0.000398
5868,0.02285765,0.03159101,0.175,1095.150,0.000398
5869,0.02299623,0.03162142,0.179,1095.337,0.000398
5870,0.02345699,0.03198668,0.172,1095.516,0.000397
5871,0.02406216,0.03182916,0.173,1095.696,0.000397
5872,0.02360804,0.03178809,0.172,1095.876,0.000397
5873,0.02321052,0.03155210,0.172,1096.055,0.000397
5874,0.02310668,0.03167766,0.173,1096.235,0.000396
5875,0.02345896,0.03155388,0.172,1096.415,0.000396
5876,0.02322570,0.03162724,0.172,1096.594,0.000396
5877,0.02324460,0.03151964,0.172,1096.774,0.000395
5878,0.02325732,0.03171272,0.172,1096.954,0.000395
5879,0.02330369,0.03166512,0.172,1097.133,0.000395
5880,0.02313787,0.03158458,0.172,1097.312,0.000394
5881,0.02305805,0.03171872,0.173,1097.492,0.000394
5882,0.02294397,0.03159207,0.171,1097.670,0.000394
5883,0.02292813,0.03165023,0.172,1097.850,0.000394
5884,0.02299146,0.03162523,0.172,1098.029,0.000393
5885,0.02288377,0.03164891,0.173,1098.209,0.000393
5886,0.02290899,0.03159279,0.172,1098.388,0.000393
5887,0.02287058,0.03162780,0.172,1098.568,0.000392
5888,0.02283766,0.03154649,0.172,1098.747,0.000392
5889,0.02295133,0.03171897,0.174,1098.929,0.000392
5890,0.02290359,0.03165524,0.175,1099.110,0.000391
5891,0.02277824,0.03145523,0.172,1099.290,0.000391
5892,0.02261981,0.03148593,0.172,1099.470,0.000391
5893,0.02258505,0.03154882,0.173,1099.650,0.000391
5894,0.02268016,0.03170170,0.173,1099.830,0.000390
5895,0.02278515,0.03170058,0.172,1100.010,0.000390
5896,0.02272147,0.03166690,0.177,1100.194,0.000390
5897,0.02279835,0.03163926,0.171,1100.372,0.000389
5898,0.02270073,0.03168047,0.171,1100.551,0.000389
5899,0.02263448,0.03164021,0.173,1100.732,0.000389
5900,0.02264172,0.03168999,0.173,1100.912,0.000388
5901,0.02279721,0.03175049,0.173,1101.092,0.000388
5902,0.02296925,0.03175641,0.178,1101.277,0.000388
5903,0.02300770,0.03165824,0.173,1101.457,0.000388
5904,0.02304178,0.03178359,0.173,1101.638,0.000387
5905,0.02286087,0.03172973,0.175,1101.820,0.000387
5906,0.02292459,0.03162430,0.171,1101.999,0.000387
5907,0.02294314,0.03157036,0.173,1102.179,0.000386
5908,0.02281116,0.03168283,0.174,1102.360,0.000386
5909,0.02286486,0.03166947,0.173,1102.540,0.000386
5910,0.02285438,0.03164657,0.173,1102.721,0.000385
5911,0.02278177,0.03164802,0.173,1102.901,0.000385
5912,0.02271812,0.03157559,0.173,1103.081,0.000385
5913,0.02262948,0.03161456,0.172,1103.260,0.000385
5914,0.02264880,0.03163004,0.172,1103.440,0.000384
5915,0.02272904,0.03163595,0.172,1103.619,0.000384
5916,0.02280297,0.03163053,0.173,1103.799,0.000384
5917,0.02272080,0.03167301,0.172,1103.979,0.000383
5918,0.02270925,0.03170560,0.173,1104.160,0.000383
5919,0.02280844,0.03174778,0.180,1104.347,0.000383
5920,0.02269691,0.03170412,0.177,1104.531,0.000382
5921,0.02272598,0.03173231,0.173,1104.711,0.000382
5922,0.02280180,0.03174451,0.171,1104.890,0.000382
5923,0.02277814,0.03174594,0.171,1105.069,0.000381
5924,0.02286536,0.03188381,0.171,1105.247,0.000381
5925,0.02288456,0.03175628,0.175,1105.429,0.000381
5926,0.02294688,0.03178271,0.173,1105.609,0.000381
5927,0.02284839,0.03183128,0.173,1105.790,0.000380
5928,0.02282639,0.03180215,0.174,1105.972,0.000380
5929,0.02280717,0.03181056,0.173,1106.152,0.000380
5930,0.02280309,0.03165044,0.176,1106.335,0.000379
5931,0.02267647,0.03163077,0.173,1106.516,0.000379
5932,0.02261517,0.03165952,0.171,1106.694,0.000379
5933,0.02265949,0.03175597,0.171,1106.873,0.000378
5934,0.02277415,0.03167926,0.171,1107.051,0.000378
5935,0.02283313,0.03165320,0.174,1107.233,0.000378
5936,0.02270560,0.03168614,0.172,1107.413,0.000377
5937,0.02252831,0.03163274,0.174,1107.594,0.000377
5938,0.02243970,0.03156065,0.172,1107.773,0.000377
5939,0.02249051,0.03158476,0.171,1107.952,0.000377
5940,0.02255151,0.03175097,0.172,1108.131,0.000376
5941,0.02244202,0.03166195,0.172,1108.310,0.000376
5942,0.02233577,0.03163210,0.172,1108.489,0.000376
5943,0.02230669,0.03171475,0.173,1108.670,0.000375
5944,0.02237351,0.03166552,0.171,1108.848,0.000375
5945,0.02236640,0.03167129,0.171,1109.026,0.000375
5946,0.02238455,0.03171665,0.171,1109.204,0.000374
5947,0.02235529,0.03164216,0.171,1109.383,0.000374
5948,0.02231775,0.03172703,0.172,1109.562,0.000374
5949,0.02235933,0.03167154,0.173,1109.743,0.000373
5950,0.02236391,0.03159934,0.172,1109.922,0.000373
5951,0.02233557,0.03163117,0.170,1110.100,0.000373
5952,0.02228843,0.03162187,0.171,1110.278,0.000373
5953,0.02221689,0.03162683,0.180,1110.466,0.000372
5954,0.02224378,0.03169527,0.172,1110.645,0.000372
5955,0.02233698,0.03166978,0.178,1110.830,0.000372
5956,0.02249398,0.03177254,0.172,1111.010,0.000371
5957,0.02246690,0.03173983,0.173,1111.191,0.000371
5958,0.02236859,0.03161426,0.174,1111.371,0.000371
5959,0.02233697,0.03172588,0.172,1111.551,0.000370
5960,0.02238140,0.03167724,0.174,1111.732,0.000370
5961,0.02239461,0.03162066,0.174,1111.914,0.000370
5962,0.02239000,0.03156768,0.174,1112.094,0.000369
5963,0.02233606,0.03160838,0.178,1112.280,0.000369
5964,0.02247443,0.03172461,0.175,1112.462,0.000369
5965,0.02234188,0.03168913,0.173,1112.643,0.000369
5966,0.02225356,0.03174184,0.173,1112.823,0.000368
5967,0.02225631,0.03180081,0.177,1113.008,0.000368
5968,0.02221158,0.03178244,0.179,1113.194,0.000368
5969,0.02222903,0.03182151,0.178,1113.379,0.000367
5970,0.02222704,0.03164316,0.178,1113.564,0.000367
5971,0.02232672,0.03162163,0.174,1113.745,0.000367
5972,0.02239441,0.03157226,0.172,1113.925,0.000366
5973,0.02238697,0.03176384,0.171,1114.104,0.000366
5974,0.02234467,0.03168741,0.170,1114.281,0.000366
5975,0.02226236,0.03158524,0.173,1114.461,0.000365
5976,0.02217952,0.03167001,0.176,1114.644,0.000365
5977,0.02211677,0.03169975,0.174,1114.826,0.000365
5978,0.02212484,0.03164208,0.173,1115.006,0.000364
5979,0.02211710,0.03167598,0.175,1115.189,0.000364
5980,0.02222595,0.03170330,0.172,1115.368,0.000364
5981,0.02229797,0.03166042,0.172,1115.547,0.000364
5982,0.02228040,0.03170017,0.171,1115.726,0.000363
5983,0.02222626,0.03162659,0.172,1115.905,0.000363
5984,0.02223381,0.03165702,0.173,1116.085,0.000363
5985,0.02221927,0.03180477,0.175,1116.268,0.000362
5986,0.02226540,0.03175358,0.173,1116.448,0.000362
5987,0.02258021,0.03180424,0.174,1116.629,0.000362
5988,0.02292333,0.03184129,0.177,1116.813,0.000361
5989,0.02274663,0.03175155,0.172,1116.993,0.000361
5990,0.02253443,0.03164597,0.171,1117.171,0.000361
5991,0.02254339,0.03177404,0.171,1117.349,0.000360
5992,0.02264899,0.03187082,0.173,1117.529,0.000360
5993,0.02276662,0.03182722,0.175,1117.711,0.000360
5994,0.02258636,0.03179520,0.173,1117.891,0.000359
5995,0.02249573,0.03175501,0.173,1118.072,0.000359
5996,0.02244434,0.03175409,0.172,1118.251,0.000359
5997,0.02246061,0.03177311,0.172,1118.430,0.000358
5998,0.02251993,0.03175220,0.172,1118.609,0.000358
5999,0.02252844,0.03171103,0.172,1118.788,0.000358
6000,0.02249830,0.03176281,0.171,1118.967,0.000358
6001,0.02248079,0.03165536,0.174,1119.148,0.000357
6002,0.02242197,0.03166756,0.172,1119.328,0.000357
6003,0.02236056,0.03183059,0.173,1119.508,0.000357
6004,0.02230746,0.03177282,0.173,1119.689,0.000356
6005,0.02222279,0.03171185,0.172,1119.868,0.000356
6006,0.02222211,0.03177735,0.171,1120.046,0.000356
6007,0.02231964,0.03172999,0.171,1120.225,0.000355
6008,0.02230792,0.03172614,0.173,1120.406,0.000355
6009,0.02235362,0.03180267,0.176,1120.590,0.000355
6010,0.02225229,0.03176533,0.174,1120.771,0.000354
6011,0.02224090,0.03177764,0.173,1120.951,0.000354
6012,0.02224477,0.03182037,0.173,1121.132,0.000354
6013,0.02239597,0.03184431,0.173,1121.312,0.000353
6014,0.02230055,0.03182051,0.171,1121.490,0.000353
6015,0.02228786,0.03177482,0.172,1121.669,0.000353
6016,0.02245242,0.03181017,0.172,1121.849,0.000352
6017,0.02240973,0.03178021,0.173,1122.029,0.000352
6018,0.02237214,0.03171790,0.174,1122.210,0.000352
6019,0.02237052,0.03172434,0.173,1122.391,0.000351
6020,0.02240134,0.03183488,0.174,1122.572,0.000351
6021,0.02229623,0.03173528,0.172,1122.751,0.000351
6022,0.02225433,0.03181248,0.171,1122.930,0.000351
6023,0.02226331,0.03176277,0.172,1123.109,0.000350
6024,0.02222165,0.03175574,0.172,1123.289,0.000350
6025,0.02215848,0.03176117,0.171,1123.467,0.000350
6026,0.02211931,0.03170247,0.175,1123.649,0.000349
6027,0.02212899,0.03173145,0.173,1123.829,0.000349
6028,0.02215658,0.03176128,0.173,1124.010,0.000349
6029,0.02214238,0.03188133,0.171,1124.188,0.000348
6030,0.02208338,0.03177605,0.171,1124.367,0.000348
6031,0.02209737,0.03173337,0.172,1124.546,0.000348
6032,0.02211000,0.03173980,0.172,1124.726,0.000347
6033,0.02209752,0.03169009,0.172,1124.905,0.000347
6034,0.02211643,0.03169589,0.173,1125.085,0.000347
6035,0.02211984,0.03177022,0.173,1125.266,0.000346
6036,0.02209947,0.03175807,0.173,1125.446,0.000346
6037,0.02212106,0.03175339,0.172,1125.626,0.000346
6038,0.02209392,0.03173271,0.173,1125.807,0.000345
6039,0.02205964,0.03178667,0.173,1125.987,0.000345
6040,0.02200097,0.03174729,0.172,1126.166,0.000345
6041,0.02203766,0.03172927,0.173,1126.347,0.000344
6042,0.02201467,0.03177873,0.174,1126.528,0.000344
6043,0.02220216,0.03176633,0.173,1126.708,0.000344
6044,0.02215226,0.03178426,0.173,1126.889,0.000343
6045,0.02206741,0.03170118,0.171,1127.068,0.000343
6046,0.02208866,0.03167008,0.172,1127.247,0.000343
6047,0.02216506,0.03181003,0.172,1127.427,0.000343
6048,0.02210003,0.03174226,0.173,1127.606,0.000342
6049,0.02212824,0.03179934,0.172,1127.786,0.000342
6050,0.02222376,0.03184329,0.172,1127.966,0.000342
6051,0.02221179,0.03174755,0.174,1128.147,0.000341
6052,0.02219488,0.03177123,0.173,1128.327,0.000341
6053,0.02211692,0.03171544,0.172,1128.506,0.000341
6054,0.02202515,0.03178990,0.171,1128.685,0.000340
6055,0.02217697,0.03173068,0.173,1128.865,0.000340
6056,0.02233338,0.03174256,0.172,1129.044,0.000340
6057,0.02224609,0.03174696,0.172,1129.223,0.000339
6058,0.02220304,0.03177684,0.172,1129.403,0.000339
6059,0.02218490,0.03184952,0.175,1129.585,0.000339
6060,0.02212849,0.03175534,0.175,1129.768,0.000338
6061,0.02212217,0.03173130,0.173,1129.948,0.000338
6062,0.02205724,0.03189258,0.172,1130.127,0.000338
6063,0.02217708,0.03186540,0.172,1130.307,0.000337
6064,0.02216953,0.03188606,0.172,1130.486,0.000337
6065,0.02221264,0.03184635,0.172,1130.666,0.000337
6066,0.02217431,0.03187724,0.172,1130.844,0.000336
6067,0.02213936,0.03182399,0.174,1131.026,0.000336
6068,0.02210287,0.03179073,0.176,1131.209,0.000336
6069,0.02213655,0.03183492,0.173,1131.390,0.000335
6070,0.02229081,0.03190122,0.172,1131.569,0.000335
6071,0.02240199,0.03193338,0.172,1131.748,0.000335
6072,0.02228820,0.03193229,0.172,1131.928,0.000334
6073,0.02225172,0.03191215,0.172,1132.107,0.000334
6074,0.02228600,0.03191488,0.172,1132.287,0.000334
6075,0.02221810,0.03184724,0.173,1132.467,0.000333
6076,0.02221889,0.03186468,0.174,1132.648,0.000333
6077,0.02218917,0.03190500,0.173,1132.828,0.000333
6078,0.02212730,0.03193245,0.177,1133.012,0.000332
6079,0.02223985,0.03187297,0.173,1133.192,0.000332
6080,0.02218997,0.03180563,0.173,1133.372,0.000332
6081,0.02219861,0.03178401,0.172,1133.551,0.000331
6082,0.02216295,0.03183973,0.174,1133.732,0.000331
6083,0.02224126,0.03184157,0.171,1133.911,0.000331
6084,0.02219491,0.03182561,0.175,1134.093,0.000331
6085,0.02206583,0.03188040,0.171,1134.272,0.000330
6086,0.02201934,0.03177173,0.172,1134.451,0.000330
6087,0.02196420,0.03177227,0.172,1134.630,0.000330
6088,0.02197608,0.03171539,0.172,1134.810,0.000329
6089,0.02203088,0.03165219,0.172,1134.989,0.000329
6090,0.02202862,0.03172780,0.172,1135.168,0.000329
6091,0.02202630,0.03171621,0.172,1135.347,0.000328
6092,0.02194026,0.03177774,0.174,1135.528,0.000328
6093,0.02195744,0.03175415,0.173,1135.709,0.000328
6094,0.02209330,0.03185809,0.172,1135.888,0.000327
6095,0.02209648,0.03180761,0.172,1136.067,0.000327
6096,0.02202362,0.03184992,0.173,1136.247,0.000327
6097,0.02208999,0.03181222,0.174,1136.429,0.000326
6098,0.02196725,0.03187996,0.173,1136.609,0.000326
6099,0.02193851,0.03188123,0.173,1136.789,0.000326
6100,0.02187914,0.03185541,0.174,1136.970,0.000325
6101,0.02188741,0.03187894,0.173,1137.151,0.000325
6102,0.02185369,0.03184678,0.172,1137.330,0.000325
6103,0.02186457,0.03191371,0.173,1137.511,0.000324
6104,0.02182555,0.03182514,0.173,1137.691,0.000324
6105,0.02177347,0.03190137,0.174,1137.872,0.000324
6106,0.02199207,0.03180531,0.172,1138.051,0.000323
6107,0.02200151,0.03188389,0.172,1138.231,0.000323
6108,0.02200987,0.03195384,0.172,1138.410,0.000323
6109,0.02195855,0.03180861,0.174,1138.591,0.000322
6110,0.02193516,0.03180361,0.172,1138.770,0.000322
6111,0.02192205,0.03189037,0.172,1138.950,0.000322
6112,0.02199735,0.03186800,0.173,1139.130,0.000321
6113,0.02195763,0.03184778,0.172,1139.310,0.000321
6114,0.02194609,0.03184334,0.172,1139.489,0.000321
6115,0.02189147,0.03185681,0.173,1139.669,0.000320
6116,0.02184517,0.03189972,0.173,1139.850,0.000320
6117,0.02182188,0.03183327,0.175,1140.032,0.000320
6118,0.02176940,0.03183482,0.173,1140.213,0.000319
6119,0.02175220,0.03182032,0.172,1140.392,0.000319
6120,0.02172981,0.03187376,0.173,1140.572,0.000319
6121,0.02178082,0.03188284,0.175,1140.754,0.000318
6122,0.02193349,0.03184375,0.174,1140.935,0.000318
6123,0.02195716,0.03187364,0.171,1141.114,0.000318
6124,0.02187891,0.03185530,0.173,1141.295,0.000317
6125,0.02182169,0.03188506,0.174,1141.476,0.000317
6126,0.02179061,0.03183659,0.175,1141.658,0.000317
6127,0.02172762,0.03188921,0.174,1141.840,0.000316
6128,0.02174681,0.03186645,0.174,1142.021,0.000316
6129,0.02175058,0.03191068,0.173,1142.202,0.000316
6130,0.02174325,0.03187640,0.173,1142.382,0.000315
6131,0.02169668,0.03184360,0.172,1142.562,0.000315
6132,0.02175570,0.03180527,0.180,1142.750,0.000315
6133,0.02175944,0.03181160,0.179,1142.936,0.000314
6134,0.02175118,0.03190817,0.181,1143.125,0.000314
6135,0.02174445,0.03186575,0.180,1143.312,0.000314
6136,0.02172872,0.03187099,0.178,1143.498,0.000313
6137,0.02172628,0.03183076,0.175,1143.680,0.000313
6138,0.02172995,0.03184684,0.172,1143.859,0.000313
6139,0.02175058,0.03196128,0.180,1144.046,0.000312
6140,0.02171535,0.03189534,0.188,1144.242,0.000312
6141,0.02171178,0.03190623,0.179,1144.428,0.000312
6142,0.02167519,0.03185191,0.178,1144.613,0.000311
6143,0.02169638,0.03196223,0.177,1144.798,0.000311
6144,0.02167878,0.03185032,0.175,1144.981,0.000311
6145,0.02165135,0.03190886,0.173,1145.162,0.000311
6146,0.02162261,0.03188273,0.175,1145.344,0.000310
6147,0.02162034,0.03189117,0.181,1145.532,0.000310
6148,0.02159141,0.03188675,0.186,1145.725,0.000310
6149,0.02158530,0.03192309,0.188,1145.920,0.000309
6150,0.02160344,0.03186704,0.188,1146.116,0.000309
6151,0.02153146,0.03193949,0.182,1146.306,0.000309
6152,0.02160989,0.03189080,0.183,1146.497,0.000308
6153,0.02155167,0.03184705,0.178,1146.682,0.000308
6154,0.02156406,0.03185179,0.189,1146.878,0.000308
6155,0.02168112,0.03187851,0.179,1147.064,0.000307
6156,0.02158274,0.03187186,0.174,1147.246,0.000307
6157,0.02149933,0.03187145,0.172,1147.425,0.000307
6158,0.02149447,0.03182896,0.175,1147.607,0.000306
6159,0.02147570,0.03196602,0.179,1147.794,0.000306
6160,0.02145280,0.03195576,0.179,1147.981,0.000306
6161,0.02147458,0.03195480,0.179,1148.167,0.000305
6162,0.02156961,0.03194329,0.185,1148.360,0.000305
6163,0.02149806,0.03194219,0.175,1148.542,0.000305
6164,0.02147774,0.03191621,0.173,1148.723,0.000304
6165,0.02146204,0.03195723,0.176,1148.906,0.000304
6166,0.02142776,0.03188693,0.177,1149.090,0.000304
6167,0.02145495,0.03190609,0.175,1149.272,0.000303
6168,0.02150126,0.03192794,0.182,1149.462,0.000303
6169,0.02148167,0.03188238,0.185,1149.655,0.000303
6170,0.02153833,0.03189695,0.180,1149.842,0.000302
6171,0.02154326,0.03186601,0.175,1150.024,0.000302
6172,0.02150919,0.03185991,0.177,1150.208,0.000302
6173,0.02140913,0.03189998,0.176,1150.391,0.000301
6174,0.02141580,0.03198536,0.177,1150.576,0.000301
6175,0.02142546,0.03190132,0.175,1150.759,0.000301
6176,0.02147661,0.03198322,0.173,1150.939,0.000300
6177,0.02149293,0.03193314,0.175,1151.122,0.000300
6178,0.02147614,0.03192073,0.178,1151.308,0.000300
6179,0.02143047,0.03183677,0.175,1151.491,0.000299
6180,0.02142686,0.03191994,0.178,1151.676,0.000299
6181,0.02144502,0.03191579,0.178,1151.862,0.000299
6182,0.02140852,0.03198303,0.180,1152.049,0.000298
6183,0.02145408,0.03199531,0.178,1152.235,0.000298
6184,0.02144272,0.03188758,0.177,1152.420,0.000298
6185,0.02137944,0.03187940,0.172,1152.599,0.000297
6186,0.02136625,0.03189629,0.175,1152.781,0.000297
6187,0.02136067,0.03189433,0.172,1152.961,0.000297
6188,0.02134944,0.03197621,0.179,1153.147,0.000296
6189,0.02130858,0.03192232,0.175,1153.330,0.000296
6190,0.02128758,0.03185161,0.176,1153.513,0.000296
6191,0.02134950,0.03188325,0.177,1153.697,0.000295
6192,0.02132095,0.03191208,0.175,1153.880,0.000295
6193,0.02135169,0.03195334,0.177,1154.064,0.000295
6194,0.02144126,0.03194165,0.176,1154.247,0.000294
6195,0.02142239,0.03189118,0.176,1154.430,0.000294
6196,0.02136060,0.03184324,0.177,1154.614,0.000294
6197,0.02134602,0.03189319,0.174,1154.795,0.000293
6198,0.02133550,0.03189898,0.176,1154.979,0.000293
6199,0.02135972,0.03196140,0.174,1155.160,0.000293
6200,0.02145378,0.03196973,0.176,1155.343,0.000292
6201,0.02139160,0.03195007,0.173,1155.524,0.000292
6202,0.02134040,0.03202059,0.175,1155.706,0.000292
6203,0.02135050,0.03198899,0.173,1155.887,0.000291
6204,0.02128902,0.03194677,0.178,1156.072,0.000291
6205,0.02131095,0.03191753,0.172,1156.252,0.000291
6206,0.02134521,0.03192992,0.178,1156.437,0.000290
6207,0.02127671,0.03190654,0.176,1156.621,0.000290
6208,0.02128457,0.03200409,0.180,1156.808,0.000290
6209,0.02129514,0.03196524,0.175,1156.990,0.000289
6210,0.02131170,0.03196295,0.177,1157.174,0.000289
6211,0.02137331,0.03194119,0.177,1157.359,0.000289
6212,0.02129072,0.03197343,0.176,1157.542,0.000288
6213,0.02125997,0.03196710,0.180,1157.729,0.000288
6214,0.02125632,0.03192473,0.174,1157.910,0.000288
6215,0.02129242,0.03187450,0.173,1158.090,0.000287
6216,0.02131837,0.03192784,0.172,1158.269,0.000287
6217,0.02129439,0.03197727,0.175,1158.452,0.000287
6218,0.02131733,0.03198569,0.177,1158.635,0.000286
6219,0.02126715,0.03199487,0.176,1158.818,0.000286
6220,0.02138912,0.03199966,0.175,1159.001,0.000286
6221,0.02143724,0.03202689,0.172,1159.180,0.000285
6222,0.02144791,0.03208604,0.173,1159.360,0.000285
6223,0.02144274,0.03203244,0.174,1159.541,0.000285
6224,0.02137786,0.03209210,0.178,1159.726,0.000284
6225,0.02131987,0.03204935,0.173,1159.906,0.000284
6226,0.02136792,0.03203537,0.179,1160.092,0.000284
6227,0.02135402,0.03207712,0.179,1160.278,0.000283
6228,0.02139153,0.03210281,0.172,1160.457,0.000283
6229,0.02133698,0.03205206,0.176,1160.640,0.000283
6230,0.02132092,0.03212362,0.177,1160.824,0.000282
6231,0.02142869,0.03209936,0.179,1161.010,0.000282
6232,0.02140026,0.03206481,0.176,1161.193,0.000282
6233,0.02128864,0.03197806,0.180,1161.380,0.000281
6234,0.02128079,0.03203649,0.179,1161.567,0.000281
6235,0.02137848,0.03213203,0.180,1161.755,0.000281
6236,0.02146647,0.03204071,0.177,1161.939,0.000280
6237,0.02146244,0.03212077,0.171,1162.117,0.000280
6238,0.02157425,0.03208141,0.171,1162.295,0.000280
6239,0.02146998,0.03212488,0.171,1162.473,0.000279
6240,0.02141268,0.03207196,0.170,1162.651,0.000279
6241,0.02135683,0.03212489,0.171,1162.829,0.000279
6242,0.02133843,0.03212139,0.171,1163.007,0.000278
6243,0.02134378,0.03208733,0.172,1163.187,0.000278
6244,0.02130533,0.03202389,0.170,1163.364,0.000278
6245,0.02132115,0.03203761,0.174,1163.545,0.000277
6246,0.02132951,0.03202532,0.171,1163.724,0.000277
6247,0.02142062,0.03203163,0.171,1163.902,0.000277
6248,0.02146866,0.03211412,0.171,1164.080,0.000276
6249,0.02141945,0.03208295,0.171,1164.258,0.000276
6250,0.02136823,0.03215521,0.171,1164.436,0.000276
6251,0.02142013,0.03218624,0.170,1164.614,0.000275
6252,0.02138606,0.03212757,0.172,1164.793,0.000275
6253,0.02128735,0.03216866,0.170,1164.970,0.000275
6254,0.02128859,0.03210188,0.176,1165.154,0.000274
6255,0.02127428,0.03205973,0.172,1165.333,0.000274
6256,0.02127780,0.03209874,0.175,1165.515,0.000274
6257,0.02127156,0.03207572,0.171,1165.694,0.000273
6258,0.02123729,0.03210690,0.170,1165.871,0.000273
6259,0.02120290,0.03206844,0.171,1166.050,0.000273
6260,0.02120728,0.03210487,0.171,1166.228,0.000272
6261,0.02118952,0.03211514,0.170,1166.405,0.000272
6262,0.02122272,0.03211272,0.174,1166.586,0.000272
6263,0.02117607,0.03209496,0.171,1166.765,0.000271
6264,0.02115887,0.03204235,0.171,1166.943,0.000271
6265,0.02113652,0.03209816,0.172,1167.122,0.000271
6266,0.02110384,0.03206122,0.175,1167.305,0.000270
6267,0.02112583,0.03205603,0.172,1167.484,0.000270
6268,0.02108934,0.03206731,0.172,1167.664,0.000270
6269,0.02105462,0.03210482,0.171,1167.842,0.000269
6270,0.02105927,0.03211663,0.171,1168.020,0.000269
6271,0.02110153,0.03214359,0.171,1168.198,0.000269
6272,0.02114187,0.03204285,0.171,1168.377,0.000268
6273,0.02117642,0.03199469,0.173,1168.558,0.000268
6274,0.02111709,0.03200956,0.171,1168.736,0.000268
6275,0.02110820,0.03206255,0.170,1168.914,0.000267
6276,0.02109633,0.03196387,0.170,1169.092,0.000267
6277,0.02108239,0.03202454,0.171,1169.270,0.000267
6278,0.02116495,0.03204223,0.175,1169.453,0.000266
6279,0.02113657,0.03209078,0.171,1169.631,0.000266
6280,0.02116689,0.03203271,0.177,1169.815,0.000266
6281,0.02114993,0.03207598,0.183,1170.005,0.000265
6282,0.02123819,0.03212682,0.179,1170.192,0.000265
6283,0.02123433,0.03215279,0.175,1170.374,0.000265
6284,0.02124115,0.03203412,0.173,1170.554,0.000264
6285,0.02120755,0.03213517,0.173,1170.734,0.000264
6286,0.02126226,0.03216841,0.171,1170.912,0.000264
6287,0.02123273,0.03207510,0.171,1171.091,0.000263
6288,0.02124645,0.03207386,0.171,1171.269,0.000263
6289,0.02130024,0.03209419,0.170,1171.446,0.000263
6290,0.02125862,0.03211663,0.170,1171.623,0.000262
6291,0.02119562,0.03205366,0.171,1171.801,0.000262
6292,0.02113805,0.03210034,0.170,1171.979,0.000262
6293,0.02115746,0.03203562,0.170,1172.156,0.000261
6294,0.02117196,0.03208070,0.171,1172.335,0.000261
6295,0.02117654,0.03202640,0.171,1172.513,0.000261
6296,0.02122566,0.03213457,0.170,1172.690,0.000260
6297,0.02126560,0.03216388,0.170,1172.867,0.000260
6298,0.02123586,0.03210884,0.170,1173.045,0.000260
6299,0.02120418,0.03212553,0.171,1173.222,0.000259
6300,0.02122204,0.03211253,0.170,1173.400,0.000259
6301,0.02120433,0.03213906,0.177,1173.585,0.000259
6302,0.02122865,0.03213589,0.180,1173.772,0.000258
6303,0.02117447,0.03213608,0.179,1173.959,0.000258
6304,0.02118427,0.03217790,0.172,1174.138,0.000258
6305,0.02119249,0.03210778,0.172,1174.317,0.000257
6306,0.02124399,0.03212017,0.179,1174.503,0.000257
6307,0.02125454,0.03206610,0.171,1174.682,0.000257
6308,0.02123089,0.03216045,0.176,1174.865,0.000256
6309,0.02131341,0.03211721,0.171,1175.044,0.000256
6310,0.02127954,0.03206580,0.171,1175.223,0.000256
6311,0.02121890,0.03211804,0.176,1175.406,0.000255
6312,0.02117399,0.03208123,0.178,1175.591,0.000255
6313,0.02112798,0.03214916,0.179,1175.778,0.000255
6314,0.02106351,0.03210452,0.178,1175.964,0.000254
6315,0.02103527,0.03216795,0.177,1176.149,0.000254
6316,0.02101820,0.03213463,0.171,1176.327,0.000254
6317,0.02102869,0.03214999,0.179,1176.513,0.000253
6318,0.02112950,0.03213308,0.178,1176.698,0.000253
6319,0.02109004,0.03212634,0.172,1176.878,0.000253
6320,0.02105339,0.03215883,0.171,1177.057,0.000252
6321,0.02108537,0.03218519,0.170,1177.234,0.000252
6322,0.02104856,0.03210259,0.170,1177.411,0.000252
6323,0.02105740,0.03205559,0.171,1177.589,0.000251
6324,0.02102852,0.03216606,0.171,1177.768,0.000251
6325,0.02102923,0.03216549,0.170,1177.945,0.000251
6326,0.02105284,0.03213361,0.170,1178.123,0.000250
6327,0.02101648,0.03205381,0.171,1178.301,0.000250
6328,0.02100333,0.03211096,0.170,1178.478,0.000250
6329,0.02111336,0.03211499,0.171,1178.656,0.000249
6330,0.02113025,0.03216598,0.170,1178.834,0.000249
6331,0.02108255,0.03216392,0.179,1179.021,0.000249
6332,0.02102731,0.03212310,0.177,1179.205,0.000248
6333,0.02101492,0.03213035,0.171,1179.384,0.000248
6334,0.02095363,0.03211847,0.171,1179.561,0.000248
6335,0.02095150,0.03210687,0.175,1179.744,0.000247
6336,0.02095576,0.03215844,0.180,1179.932,0.000247
6337,0.02095399,0.03215786,0.178,1180.117,0.000247
6338,0.02098049,0.03219702,0.177,1180.301,0.000246
6339,0.02096328,0.03217138,0.173,1180.482,0.000246
6340,0.02093277,0.03213950,0.180,1180.669,0.000246
6341,0.02104476,0.03224747,0.175,1180.852,0.000245
6342,0.02105669,0.03217862,0.178,1181.037,0.000245
6343,0.02106532,0.03220812,0.179,1181.223,0.000245
6344,0.02117630,0.03215327,0.179,1181.410,0.000244
6345,0.02106223,0.03210256,0.179,1181.596,0.000244
6346,0.02111375,0.03215176,0.175,1181.778,0.000244
6347,0.02113354,0.03214239,0.176,1181.962,0.000243
6348,0.02110186,0.03217316,0.179,1182.148,0.000243
6349,0.02109132,0.03216639,0.179,1182.334,0.000243
6350,0.02104141,0.03219724,0.178,1182.520,0.000242
6351,0.02096524,0.03223990,0.171,1182.698,0.000242
6352,0.02094380,0.03213263,0.172,1182.878,0.000242
6353,0.02091230,0.03225051,0.171,1183.056,0.000241
6354,0.02096291,0.03219628,0.170,1183.233,0.000241
6355,0.02090902,0.03216531,0.170,1183.411,0.000241
6356,0.02094411,0.03216763,0.175,1183.594,0.000240
6357,0.02086492,0.03220759,0.174,1183.776,0.000240
6358,0.02089778,0.03221560,0.171,1183.954,0.000240
6359,0.02095982,0.03218835,0.176,1184.137,0.000239
6360,0.02112428,0.03228122,0.179,1184.323,0.000239
6361,0.02100127,0.03227213,0.178,1184.508,0.000239
6362,0.02096105,0.03221849,0.176,1184.692,0.000238
6363,0.02105892,0.03220276,0.173,1184.872,0.000238
6364,0.02105010,0.03219946,0.175,1185.054,0.000238
6365,0.02099144,0.03223345,0.170,1185.231,0.000237
6366,0.02100036,0.03218802,0.177,1185.416,0.000237
6367,0.02099809,0.03223860,0.177,1185.600,0.000237
6368,0.02101132,0.03217122,0.172,1185.780,0.000236
6369,0.02116938,0.03218541,0.170,1185.957,0.000236
6370,0.02113022,0.03218346,0.170,1186.135,0.000236
6371,0.02109620,0.03222311,0.170,1186.312,0.000235
6372,0.02110192,0.03219514,0.170,1186.490,0.000235
6373,0.02106963,0.03221363,0.171,1186.668,0.000235
6374,0.02107356,0.03215279,0.171,1186.847,0.000234
6375,0.02096754,0.03216107,0.180,1187.035,0.000234
6376,0.02096235,0.03217366,0.178,1187.220,0.000234
6377,0.02095892,0.03219560,0.175,1187.403,0.000233
6378,0.02104516,0.03223975,0.173,1187.583,0.000233
6379,0.02100810,0.03222092,0.177,1187.768,0.000233
6380,0.02093889,0.03226132,0.172,1187.947,0.000232
6381,0.02091663,0.03226323,0.171,1188.125,0.000232
6382,0.02089783,0.03229602,0.170,1188.303,0.000232
6383,0.02085839,0.03226443,0.172,1188.482,0.000232
6384,0.02087733,0.03223021,0.180,1188.669,0.000231
6385,0.02090185,0.03225736,0.172,1188.848,0.000231
6386,0.02092690,0.03224185,0.170,1189.025,0.000231
6387,0.02088832,0.03232793,0.171,1189.203,0.000230
6388,0.02088766,0.03231994,0.170,1189.380,0.000230
6389,0.02092115,0.03230432,0.170,1189.558,0.000230
6390,0.02088698,0.03236360,0.172,1189.737,0.000229
6391,0.02088706,0.03233625,0.174,1189.919,0.000229
6392,0.02090272,0.03234515,0.170,1190.097,0.000229
6393,0.02090973,0.03227270,0.170,1190.274,0.000228
6394,0.02095559,0.03226712,0.169,1190.450,0.000228
6395,0.02093105,0.03223445,0.170,1190.628,0.000228
6396,0.02095632,0.03229235,0.172,1190.807,0.000227
6397,0.02093825,0.03230610,0.176,1190.990,0.000227
6398,0.02089285,0.03224774,0.176,1191.174,0.000227
6399,0.02089425,0.03230245,0.174,1191.355,0.000226
6400,0.02087737,0.03225961,0.175,1191.537,0.000226
6401,0.02083787,0.03229180,0.178,1191.723,0.000226
6402,0.02085971,0.03225511,0.175,1191.906,0.000225
6403,0.02082300,0.03229538,0.179,1192.093,0.000225
6404,0.02087381,0.03233112,0.177,1192.277,0.000225
6405,0.02090722,0.03232156,0.180,1192.465,0.000224
6406,0.02101569,0.03240357,0.179,1192.651,0.000224
6407,0.02103025,0.03230712,0.176,1192.835,0.000224
6408,0.02097680,0.03235059,0.175,1193.017,0.000223
6409,0.02093397,0.03227911,0.170,1193.195,0.000223
6410,0.02093728,0.03236171,0.177,1193.379,0.000223
6411,0.02092510,0.03242896,0.174,1193.560,0.000222
6412,0.02091179,0.03240266,0.174,1193.742,0.000222
6413,0.02089188,0.03239256,0.177,1193.927,0.000222
6414,0.02093478,0.03239048,0.175,1194.109,0.000221
6415,0.02084809,0.03231704,0.170,1194.286,0.000221
6416,0.02081029,0.03227947,0.172,1194.465,0.000221
6417,0.02084870,0.03233937,0.173,1194.645,0.000220
6418,0.02087492,0.03230852,0.173,1194.825,0.000220
6419,0.02086302,0.03228193,0.179,1195.012,0.000220
6420,0.02077857,0.03231195,0.181,1195.200,0.000219
6421,0.02079288,0.03231749,0.178,1195.386,0.000219
6422,0.02082496,0.03238542,0.173,1195.566,0.000219
6423,0.02083549,0.03243844,0.172,1195.746,0.000218
6424,0.02084353,0.03237638,0.170,1195.923,0.000218
6425,0.02082371,0.03241709,0.170,1196.100,0.000218
6426,0.02078778,0.03239250,0.170,1196.277,0.000217
6427,0.02081913,0.03233235,0.171,1196.455,0.000217
6428,0.02083773,0.03230709,0.170,1196.633,0.000217
6429,0.02085064,0.03232807,0.171,1196.811,0.000216
6430,0.02082881,0.03234288,0.171,1196.989,0.000216
6431,0.02078291,0.03236774,0.171,1197.167,0.000216
6432,0.02076621,0.03228058,0.170,1197.345,0.000216
6433,0.02075284,0.03229343,0.170,1197.522,0.000215
6434,0.02080597,0.03236337,0.170,1197.699,0.000215
6435,0.02078996,0.03228275,0.171,1197.878,0.000215
6436,0.02074037,0.03231233,0.171,1198.056,0.000214
6437,0.02072292,0.03233411,0.170,1198.234,0.000214
6438,0.02071092,0.03237461,0.171,1198.412,0.000214
6439,0.02070305,0.03234536,0.171,1198.590,0.000213
6440,0.02070413,0.03233442,0.171,1198.768,0.000213
6441,0.02071266,0.03233643,0.170,1198.945,0.000213
6442,0.02073899,0.03229762,0.170,1199.122,0.000212
6443,0.02074494,0.03233009,0.179,1199.309,0.000212
6444,0.02071752,0.03232616,0.184,1199.501,0.000212
6445,0.02069509,0.03234958,0.181,1199.690,0.000211
6446,0.02073035,0.03239178,0.182,1199.880,0.000211
6447,0.02071832,0.03235716,0.179,1200.066,0.000211
6448,0.02076278,0.03239284,0.174,1200.248,0.000210
6449,0.02076966,0.03238310,0.173,1200.428,0.000210
6450,0.02072645,0.03236080,0.174,1200.610,0.000210
6451,0.02068906,0.03232501,0.170,1200.787,0.000209
6452,0.02067137,0.03232132,0.171,1200.965,0.000209
6453,0.02065280,0.03234308,0.171,1201.144,0.000209
6454,0.02062315,0.03237323,0.171,1201.322,0.000208
6455,0.02062194,0.03231099,0.170,1201.500,0.000208
6456,0.02062572,0.03240717,0.171,1201.678,0.000208
6457,0.02063316,0.03235750,0.174,1201.860,0.000207
6458,0.02066625,0.03239664,0.176,1202.043,0.000207
6459,0.02064527,0.03239754,0.175,1202.225,0.000207
6460,0.02059997,0.03239595,0.172,1202.404,0.000206
6461,0.02061913,0.03237013,0.172,1202.584,0.000206
6462,0.02058459,0.03238475,0.171,1202.762,0.000206
6463,0.02054976,0.03238086,0.170,1202.940,0.000205
6464,0.02056132,0.03234290,0.172,1203.118,0.000205
6465,0.02055236,0.03236554,0.170,1203.295,0.000205
6466,0.02055109,0.03237305,0.170,1203.473,0.000205
6467,0.02052800,0.03238492,0.173,1203.653,0.000204
6468,0.02052247,0.03240376,0.180,1203.841,0.000204
6469,0.02054809,0.03237241,0.179,1204.027,0.000204
6470,0.02055277,0.03241299,0.178,1204.213,0.000203
6471,0.02055135,0.03243721,0.179,1204.399,0.000203
6472,0.02050318,0.03240557,0.177,1204.584,0.000203
6473,0.02055585,0.03241093,0.176,1204.768,0.000202
6474,0.02051935,0.03240500,0.176,1204.951,0.000202
6475,0.02055316,0.03238838,0.176,1205.134,0.000202
6476,0.02052187,0.03241262,0.173,1205.314,0.000201
6477,0.02051378,0.03241153,0.171,1205.493,0.000201
6478,0.02051674,0.03243305,0.171,1205.671,0.000201
6479,0.02050731,0.03235765,0.173,1205.851,0.000200
6480,0.02057004,0.03237246,0.171,1206.029,0.000200
6481,0.02051515,0.03238147,0.170,1206.206,0.000200
6482,0.02054737,0.03242624,0.170,1206.384,0.000199
6483,0.02050741,0.03240904,0.171,1206.562,0.000199
6484,0.02049729,0.03244868,0.171,1206.740,0.000199
6485,0.02058650,0.03242480,0.170,1206.918,0.000198
6486,0.02064683,0.03241865,0.171,1207.096,0.000198
6487,0.02077185,0.03240700,0.170,1207.273,0.000198
6488,0.02080883,0.03240253,0.172,1207.452,0.000197
6489,0.02085880,0.03237115,0.175,1207.635,0.000197
6490,0.02106772,0.03238274,0.170,1207.812,0.000197
6491,0.02102563,0.03238675,0.171,1207.991,0.000197
6492,0.02100732,0.03233863,0.171,1208.169,0.000196
6493,0.02093572,0.03237014,0.171,1208.347,0.000196
6494,0.02093288,0.03237755,0.171,1208.525,0.000196
6495,0.02088494,0.03233128,0.170,1208.703,0.000195
6496,0.02081636,0.03234847,0.170,1208.880,0.000195
6497,0.02078625,0.03233206,0.170,1209.057,0.000195
6498,0.02075316,0.03226758,0.170,1209.235,0.000194
6499,0.02079303,0.03238359,0.170,1209.412,0.000194
6500,0.02081105,0.03229742,0.171,1209.590,0.000194
6501,0.02076801,0.03235544,0.172,1209.770,0.000193
6502,0.02072931,0.03240071,0.171,1209.948,0.000193
6503,0.02075094,0.03236387,0.171,1210.127,0.000193
6504,0.02072964,0.03235661,0.171,1210.305,0.000192
6505,0.02068801,0.03237906,0.171,1210.483,0.000192
6506,0.02066176,0.03232306,0.171,1210.662,0.000192
6507,0.02069420,0.03235122,0.171,1210.840,0.000191
6508,0.02064522,0.03235360,0.171,1211.019,0.000191
6509,0.02068271,0.03237640,0.172,1211.198,0.000191
6510,0.02064732,0.03235486,0.171,1211.376,0.000191
6511,0.02064641,0.03240800,0.170,1211.553,0.000190
6512,0.02067966,0.03238084,0.175,1211.736,0.000190
6513,0.02075904,0.03238941,0.177,1211.921,0.000190
6514,0.02072845,0.03243266,0.170,1212.098,0.000189
6515,0.02069836,0.03239454,0.170,1212.276,0.000189
6516,0.02066339,0.03236162,0.170,1212.453,0.000189
6517,0.02067569,0.03240030,0.171,1212.631,0.000188
6518,0.02065731,0.03240158,0.171,1212.809,0.000188
6519,0.02069948,0.03240801,0.171,1212.987,0.000188
6520,0.02073464,0.03246873,0.171,1213.165,0.000187
6521,0.02069399,0.03242813,0.170,1213.343,0.000187
6522,0.02073544,0.03237840,0.171,1213.521,0.000187
6523,0.02081339,0.03243112,0.170,1213.698,0.000186
6524,0.02070283,0.03241707,0.175,1213.881,0.000186
6525,0.02062468,0.03243087,0.170,1214.059,0.000186
6526,0.02062766,0.03241582,0.171,1214.237,0.000185
6527,0.02062381,0.03239716,0.170,1214.414,0.000185
6528,0.02060224,0.03239564,0.170,1214.591,0.000185
6529,0.02056159,0.03236251,0.170,1214.769,0.000185
6530,0.02055236,0.03241213,0.170,1214.946,0.000184
6531,0.02052379,0.03240452,0.170,1215.124,0.000184
6532,0.02051680,0.03240193,0.171,1215.302,0.000184
6533,0.02051973,0.03243368,0.170,1215.480,0.000183
6534,0.02052384,0.03238017,0.170,1215.657,0.000183
6535,0.02051995,0.03241305,0.170,1215.835,0.000183
6536,0.02050354,0.03241034,0.170,1216.012,0.000182
6537,0.02051978,0.03240221,0.170,1216.189,0.000182
6538,0.02053732,0.03239361,0.175,1216.371,0.000182
6539,0.02048853,0.03237995,0.172,1216.551,0.000181
6540,0.02047735,0.03236544,0.171,1216.729,0.000181
6541,0.02049466,0.03248687,0.171,1216.907,0.000181
6542,0.02047805,0.03238187,0.171,1217.085,0.000180
6543,0.02047415,0.03240436,0.170,1217.262,0.000180
6544,0.02044385,0.03240256,0.171,1217.441,0.000180
6545,0.02044654,0.03240853,0.171,1217.619,0.000180
6546,0.02041258,0.03246626,0.171,1217.797,0.000179
6547,0.02043874,0.03244431,0.170,1217.974,0.000179
6548,0.02042554,0.03246811,0.170,1218.152,0.000179
6549,0.02043544,0.03244619,0.171,1218.330,0.000178
6550,0.02043500,0.03243511,0.171,1218.508,0.000178
6551,0.02043187,0.03247507,0.171,1218.686,0.000178
6552,0.02043589,0.03246081,0.170,1218.863,0.000177
6553,0.02043746,0.03247373,0.173,1219.043,0.000177
6554,0.02048486,0.03248916,0.173,1219.223,0.000177
6555,0.02055427,0.03255194,0.170,1219.400,0.000176
6556,0.02065873,0.03255529,0.171,1219.578,0.000176
6557,0.02065489,0.03252521,0.170,1219.756,0.000176
6558,0.02091222,0.03249959,0.171,1219.934,0.000176
6559,0.02094608,0.03251507,0.170,1220.111,0.000175
6560,0.02096152,0.03253805,0.171,1220.289,0.000175
6561,0.02092895,0.03253036,0.171,1220.467,0.000175
6562,0.02097909,0.03243046,0.171,1220.645,0.000174
6563,0.02088724,0.03242805,0.170,1220.822,0.000174
6564,0.02079823,0.03243319,0.170,1221.000,0.000174
6565,0.02077605,0.03245007,0.170,1221.178,0.000173
6566,0.02073523,0.03245706,0.171,1221.357,0.000173
6567,0.02070086,0.03246461,0.171,1221.535,0.000173
6568,0.02065748,0.03243072,0.172,1221.715,0.000172
6569,0.02068303,0.03240276,0.171,1221.893,0.000172
6570,0.02064666,0.03244775,0.170,1222.070,0.000172
6571,0.02066699,0.03242011,0.172,1222.249,0.000172
6572,0.02064629,0.03242384,0.172,1222.429,0.000171
6573,0.02063491,0.03247121,0.171,1222.607,0.000171
6574,0.02061946,0.03249822,0.174,1222.788,0.000171
6575,0.02062144,0.03244375,0.171,1222.966,0.000170
6576,0.02062277,0.03255403,0.171,1223.144,0.000170
6577,0.02056066,0.03252997,0.170,1223.321,0.000170
6578,0.02054153,0.03248164,0.170,1223.499,0.000169
6579,0.02051380,0.03252028,0.171,1223.677,0.000169
6580,0.02049400,0.03252533,0.171,1223.856,0.000169
6581,0.02050067,0.03247695,0.170,1224.033,0.000168
6582,0.02050281,0.03250965,0.173,1224.213,0.000168
6583,0.02046069,0.03255171,0.171,1224.392,0.000168
6584,0.02045290,0.03254731,0.172,1224.571,0.000168
6585,0.02044850,0.03254200,0.170,1224.748,0.000167
6586,0.02042534,0.03248879,0.170,1224.925,0.000167
6587,0.02041168,0.03256833,0.170,1225.103,0.000167
6588,0.02038751,0.03252822,0.170,1225.280,0.000166
6589,0.02039193,0.03252098,0.171,1225.458,0.000166
6590,0.02040963,0.03250238,0.171,1225.636,0.000166
6591,0.02041086,0.03251775,0.172,1225.815,0.000165
6592,0.02039697,0.03250072,0.171,1225.993,0.000165
6593,0.02040260,0.03254420,0.170,1226.170,0.000165
6594,0.02038343,0.03251800,0.171,1226.348,0.000164
6595,0.02039313,0.03256111,0.171,1226.526,0.000164
6596,0.02036250,0.03259539,0.171,1226.705,0.000164
6597,0.02037626,0.03253986,0.171,1226.883,0.000164
6598,0.02040815,0.03255092,0.173,1227.063,0.000163
6599,0.02037257,0.03256623,0.172,1227.242,0.000163
6600,0.02037116,0.03257221,0.171,1227.420,0.000163
6601,0.02033406,0.03258063,0.170,1227.597,0.000162
6602,0.02037311,0.03257121,0.171,1227.775,0.000162
6603,0.02035515,0.03257026,0.170,1227.953,0.000162
6604,0.02032766,0.03256687,0.171,1228.131,0.000161
6605,0.02034789,0.03253783,0.170,1228.309,0.000161
6606,0.02033397,0.03256227,0.170,1228.486,0.000161
6607,0.02035282,0.03256685,0.170,1228.663,0.000161
6608,0.02039408,0.03252809,0.170,1228.841,0.000160
6609,0.02053412,0.03253979,0.170,1229.018,0.000160
6610,0.02057417,0.03253021,0.171,1229.196,0.000160
6611,0.02053595,0.03251694,0.171,1229.374,0.000159
6612,0.02051879,0.03249983,0.170,1229.551,0.000159
6613,0.02054471,0.03255484,0.171,1229.729,0.000159
6614,0.02054159,0.03248223,0.173,1229.909,0.000158
6615,0.02048489,0.03251993,0.173,1230.090,0.000158
6616,0.02050278,0.03248056,0.171,1230.268,0.000158
6617,0.02055997,0.03247949,0.170,1230.445,0.000158
6618,0.02051520,0.03254364,0.170,1230.623,0.000157
6619,0.02045444,0.03250628,0.170,1230.801,0.000157
6620,0.02043511,0.03248310,0.170,1230.979,0.000157
6621,0.02045744,0.03250709,0.171,1231.157,0.000156
6622,0.02044112,0.03257196,0.171,1231.335,0.000156
6623,0.02047295,0.03252850,0.171,1231.513,0.000156
6624,0.02041314,0.03250867,0.171,1231.691,0.000155
6625,0.02046494,0.03251321,0.170,1231.868,0.000155
6626,0.02041674,0.03250293,0.170,1232.046,0.000155
6627,0.02047115,0.03252441,0.170,1232.223,0.000155
6628,0.02044592,0.03248340,0.172,1232.402,0.000154
6629,0.02041751,0.03250959,0.174,1232.583,0.000154
6630,0.02039542,0.03248716,0.173,1232.763,0.000154
6631,0.02037599,0.03247452,0.174,1232.944,0.000153
6632,0.02037135,0.03250363,0.172,1233.124,0.000153
6633,0.02034601,0.03255423,0.170,1233.300,0.000153
6634,0.02032462,0.03251099,0.175,1233.483,0.000153
6635,0.02033223,0.03257655,0.179,1233.670,0.000152
6636,0.02035534,0.03255619,0.177,1233.854,0.000152
6637,0.02035268,0.03254416,0.178,1234.040,0.000152
6638,0.02032446,0.03256413,0.176,1234.223,0.000151
6639,0.02035660,0.03254545,0.176,1234.406,0.000151
6640,0.02036178,0.03256961,0.177,1234.591,0.000151
6641,0.02035079,0.03259809,0.171,1234.769,0.000150
6642,0.02032694,0.03259297,0.176,1234.953,0.000150
6643,0.02029411,0.03260461,0.171,1235.131,0.000150
6644,0.02031063,0.03262193,0.171,1235.309,0.000150
6645,0.02030791,0.03260208,0.170,1235.486,0.000149
6646,0.02029939,0.03262949,0.172,1235.665,0.000149
6647,0.02026007,0.03260685,0.171,1235.843,0.000149
6648,0.02026869,0.03258296,0.171,1236.021,0.000148
6649,0.02024826,0.03255616,0.170,1236.199,0.000148
6650,0.02024798,0.03258867,0.170,1236.376,0.000148
6651,0.02022790,0.03256722,0.170,1236.554,0.000148
6652,0.02025482,0.03260606,0.171,1236.731,0.000147
6653,0.02024847,0.03263670,0.173,1236.911,0.000147
6654,0.02021716,0.03257912,0.186,1237.105,0.000147
6655,0.02022851,0.03258527,0.179,1237.292,0.000146
6656,0.02023766,0.03258864,0.178,1237.477,0.000146
6657,0.02024353,0.03257655,0.177,1237.662,0.000146
6658,0.02026186,0.03254869,0.180,1237.849,0.000145
6659,0.02026253,0.03249766,0.176,1238.032,0.000145
6660,0.02024774,0.03255705,0.175,1238.215,0.000145
6661,0.02027360,0.03256865,0.185,1238.407,0.000145
6662,0.02025562,0.03260554,0.178,1238.592,0.000144
6663,0.02026637,0.03257974,0.176,1238.776,0.000144
6664,0.02026090,0.03258625,0.172,1238.956,0.000144
6665,0.02024266,0.03261302,0.174,1239.137,0.000143
6666,0.02024747,0.03260367,0.179,1239.324,0.000143
6667,0.02024511,0.03262628,0.179,1239.511,0.000143
6668,0.02027244,0.03265190,0.180,1239.698,0.000143
6669,0.02027221,0.03262235,0.183,1239.888,0.000142
6670,0.02025850,0.03262466,0.189,1240.085,0.000142
6671,0.02024421,0.03262021,0.177,1240.269,0.000142
6672,0.02026867,0.03259112,0.173,1240.450,0.000141
6673,0.02029484,0.03260857,0.171,1240.628,0.000141
6674,0.02033572,0.03255983,0.178,1240.814,0.000141
6675,0.02033875,0.03261990,0.177,1240.998,0.000141
6676,0.02034787,0.03259654,0.173,1241.179,0.000140
6677,0.02037563,0.03270766,0.170,1241.356,0.000140
6678,0.02039884,0.03261806,0.173,1241.537,0.000140
6679,0.02038072,0.03264537,0.172,1241.716,0.000139
6680,0.02038173,0.03263993,0.176,1241.899,0.000139
6681,0.02038575,0.03261559,0.175,1242.081,0.000139
6682,0.02034726,0.03269490,0.174,1242.263,0.000139
6683,0.02032991,0.03260570,0.175,1242.445,0.000138
6684,0.02035379,0.03259801,0.176,1242.628,0.000138
6685,0.02030835,0.03268012,0.177,1242.812,0.000138
6686,0.02033356,0.03264783,0.181,1243.001,0.000137
6687,0.02034720,0.03267104,0.180,1243.188,0.000137
6688,0.02030504,0.03264042,0.172,1243.368,0.000137
6689,0.02028676,0.03259884,0.179,1243.554,0.000137
6690,0.02024562,0.03260989,0.182,1243.743,0.000136
6691,0.02026547,0.03260852,0.183,1243.934,0.000136
6692,0.02024081,0.03257953,0.186,1244.127,0.000136
6693,0.02025217,0.03261540,0.183,1244.318,0.000135
6694,0.02023465,0.03264018,0.187,1244.512,0.000135
6695,0.02026041,0.03265982,0.180,1244.699,0.000135
6696,0.02026272,0.03260597,0.181,1244.887,0.000135
6697,0.02022412,0.03264448,0.185,1245.080,0.000134
6698,0.02018256,0.03266146,0.182,1245.270,0.000134
6699,0.02019179,0.03268731,0.183,1245.460,0.000134
6700,0.02019624,0.03266991,0.182,1245.650,0.000133
6701,0.02018346,0.03270653,0.185,1245.842,0.000133
6702,0.02021942,0.03268689,0.179,1246.029,0.000133
6703,0.02026120,0.03269652,0.181,1246.217,0.000133
6704,0.02026478,0.03263012,0.181,1246.405,0.000132
6705,0.02024152,0.03263146,0.184,1246.596,0.000132
6706,0.02022433,0.03266790,0.186,1246.789,0.000132
6707,0.02019979,0.03270497,0.180,1246.976,0.000132
6708,0.02021292,0.03265044,0.175,1247.159,0.000131
6709,0.02020239,0.03264765,0.172,1247.338,0.000131
6710,0.02021255,0.03264700,0.171,1247.517,0.000131
6711,0.02024379,0.03266534,0.171,1247.695,0.000130
6712,0.02022583,0.03269116,0.171,1247.873,0.000130
6713,0.02021532,0.03267239,0.171,1248.051,0.000130
6714,0.02020501,0.03264538,0.170,1248.229,0.000130
6715,0.02020487,0.03268744,0.172,1248.408,0.000129
6716,0.02021066,0.03268996,0.171,1248.587,0.000129
6717,0.02025413,0.03271198,0.191,1248.786,0.000129
6718,0.02023943,0.03267736,0.179,1248.973,0.000128
6719,0.02020208,0.03270962,0.178,1249.158,0.000128
6720,0.02019885,0.03267427,0.173,1249.339,0.000128
6721,0.02023418,0.03269285,0.173,1249.519,0.000128
6722,0.02023934,0.03269780,0.174,1249.700,0.000127
6723,0.02022302,0.03264724,0.177,1249.884,0.000127
6724,0.02020952,0.03270648,0.173,1250.065,0.000127
6725,0.02023656,0.03268009,0.173,1250.245,0.000127
6726,0.02021676,0.03269522,0.174,1250.426,0.000126
6727,0.02018759,0.03266249,0.179,1250.612,0.000126
6728,0.02019564,0.03266690,0.178,1250.797,0.000126
6729,0.02020989,0.03272444,0.175,1250.979,0.000125
6730,0.02020329,0.03272115,0.174,1251.161,0.000125
6731,0.02016223,0.03272418,0.173,1251.341,0.000125
6732,0.02018184,0.03269814,0.173,1251.521,0.000125
6733,0.02014624,0.03269196,0.175,1251.703,0.000124
6734,0.02014403,0.03271744,0.173,1251.883,0.000124
6735,0.02012658,0.03271080,0.174,1252.064,0.000124
6736,0.02011914,0.03272996,0.175,1252.246,0.000123
6737,0.02011648,0.03274642,0.173,1252.427,0.000123
6738,0.02009341,0.03275684,0.173,1252.608,0.000123
6739,0.02009408,0.03271795,0.174,1252.789,0.000123
6740,0.02009177,0.03272943,0.173,1252.970,0.000122
6741,0.02009487,0.03269958,0.171,1253.148,0.000122
6742,0.02009343,0.03275847,0.171,1253.327,0.000122
6743,0.02008574,0.03271733,0.171,1253.505,0.000122
6744,0.02011170,0.03269698,0.174,1253.686,0.000121
6745,0.02011140,0.03271837,0.176,1253.869,0.000121
6746,0.02012392,0.03271118,0.172,1254.048,0.000121
6747,0.02011648,0.03272708,0.172,1254.227,0.000120
6748,0.02011591,0.03270972,0.171,1254.405,0.000120
6749,0.02014473,0.03275095,0.172,1254.585,0.000120
6750,0.02014760,0.03270375,0.174,1254.766,0.000120
6751,0.02012183,0.03273330,0.173,1254.947,0.000119
6752,0.02009050,0.03269024,0.172,1255.126,0.000119
6753,0.02009114,0.03270826,0.172,1255.306,0.000119
6754,0.02008441,0.03270206,0.172,1255.486,0.000119
6755,0.02007991,0.03270285,0.171,1255.664,0.000118
6756,0.02013491,0.03271990,0.172,1255.843,0.000118
6757,0.02011255,0.03270279,0.172,1256.022,0.000118
6758,0.02010714,0.03276739,0.171,1256.200,0.000118
6759,0.02013005,0.03273647,0.171,1256.379,0.000117
6760,0.02013033,0.03278926,0.171,1256.557,0.000117
6761,0.02012450,0.03277108,0.172,1256.736,0.000117
6762,0.02010861,0.03273031,0.172,1256.916,0.000116
6763,0.02012909,0.03276749,0.177,1257.101,0.000116
6764,0.02008810,0.03277249,0.174,1257.282,0.000116
6765,0.02010669,0.03276550,0.173,1257.463,0.000116
6766,0.02010022,0.03274767,0.173,1257.643,0.000115
6767,0.02011464,0.03275129,0.171,1257.821,0.000115
6768,0.02012986,0.03274414,0.173,1258.001,0.000115
6769,0.02013610,0.03277406,0.171,1258.180,0.000115
6770,0.02013251,0.03270901,0.171,1258.358,0.000114
6771,0.02010165,0.03271751,0.171,1258.536,0.000114
6772,0.02010768,0.03271476,0.172,1258.715,0.000114
6773,0.02008787,0.03269887,0.171,1258.894,0.000114
6774,0.02009252,0.03271572,0.174,1259.075,0.000113
6775,0.02013221,0.03270354,0.172,1259.254,0.000113
6776,0.02012415,0.03269363,0.172,1259.434,0.000113
6777,0.02009945,0.03270207,0.171,1259.612,0.000112
6778,0.02009356,0.03272095,0.171,1259.791,0.000112
6779,0.02009677,0.03271906,0.171,1259.969,0.000112
6780,0.02008313,0.03273043,0.172,1260.148,0.000112
6781,0.02007494,0.03267451,0.171,1260.327,0.000111
6782,0.02008523,0.03274060,0.173,1260.507,0.000111
6783,0.02009769,0.03277478,0.172,1260.686,0.000111
6784,0.02014097,0.03274484,0.173,1260.866,0.000111
6785,0.02012475,0.03276540,0.172,1261.045,0.000110
6786,0.02015868,0.03275492,0.172,1261.225,0.000110
6787,0.02010279,0.03274124,0.172,1261.404,0.000110
6788,0.02010651,0.03270820,0.172,1261.584,0.000110
6789,0.02009910,0.03272494,0.173,1261.764,0.000109
6790,0.02007601,0.03269900,0.173,1261.944,0.000109
6791,0.02010889,0.03273526,0.172,1262.123,0.000109
6792,0.02006318,0.03272587,0.172,1262.303,0.000109
6793,0.02007601,0.03272293,0.173,1262.483,0.000108
6794,0.02006161,0.03272062,0.171,1262.660,0.000108
6795,0.02006352,0.03276256,0.170,1262.837,0.000108
6796,0.02004238,0.03275387,0.170,1263.014,0.000108
6797,0.02002758,0.03272776,0.172,1263.193,0.000107
6798,0.02003597,0.03274595,0.172,1263.373,0.000107
6799,0.02002199,0.03273954,0.171,1263.551,0.000107
6800,0.02001205,0.03272589,0.172,1263.731,0.000106
6801,0.02003013,0.03270814,0.172,1263.910,0.000106
6802,0.02003159,0.03268754,0.171,1264.088,0.000106
6803,0.02001451,0.03270108,0.172,1264.268,0.000106
6804,0.02002529,0.03272820,0.181,1264.456,0.000105
6805,0.01999269,0.03270897,0.177,1264.641,0.000105
6806,0.02001753,0.03273437,0.176,1264.824,0.000105
6807,0.02001488,0.03275422,0.176,1265.007,0.000105
6808,0.02002814,0.03275494,0.178,1265.193,0.000104
6809,0.02003035,0.03273453,0.176,1265.376,0.000104
6810,0.02003662,0.03275307,0.178,1265.562,0.000104
6811,0.02001198,0.03275415,0.177,1265.746,0.000104
6812,0.02000542,0.03272950,0.173,1265.926,0.000103
6813,0.02001876,0.03283167,0.172,1266.106,0.000103
6814,0.02003091,0.03276296,0.178,1266.292,0.000103
6815,0.02001466,0.03271941,0.174,1266.473,0.000103
6816,0.02000293,0.03277029,0.174,1266.654,0.000102
6817,0.02001269,0.03271410,0.173,1266.835,0.000102
6818,0.02001311,0.03270526,0.172,1267.014,0.000102
6819,0.02004821,0.03275347,0.172,1267.194,0.000102
6820,0.02007187,0.03273970,0.175,1267.376,0.000101
6821,0.02003881,0.03276341,0.172,1267.556,0.000101
6822,0.02002263,0.03269868,0.177,1267.739,0.000101
6823,0.02002837,0.03272679,0.172,1267.919,0.000101
6824,0.02003540,0.03271233,0.173,1268.099,0.000100
6825,0.02000330,0.03275483,0.178,1268.285,0.000100
6826,0.02000180,0.03273258,0.181,1268.473,0.000100
6827,0.01998889,0.03273728,0.176,1268.656,0.000100
6828,0.01998223,0.03271230,0.180,1268.844,0.000099
6829,0.01998560,0.03275578,0.173,1269.024,0.000099
6830,0.01998215,0.03278584,0.176,1269.207,0.000099
6831,0.01994934,0.03276879,0.184,1269.399,0.000099
6832,0.01996115,0.03271852,0.174,1269.581,0.000098
6833,0.01997119,0.03274256,0.180,1269.769,0.000098
6834,0.01996127,0.03277870,0.186,1269.962,0.000098
6835,0.01995794,0.03277218,0.183,1270.153,0.000098
6836,0.01994701,0.03275271,0.173,1270.333,0.000097
6837,0.01995727,0.03277366,0.173,1270.514,0.000097
6838,0.01994451,0.03271514,0.174,1270.696,0.000097
6839,0.01996516,0.03273888,0.172,1270.875,0.000097
6840,0.01998632,0.03275363,0.169,1271.052,0.000096
6841,0.01997518,0.03274669,0.172,1271.231,0.000096
6842,0.01996825,0.03274738,0.170,1271.409,0.000096
6843,0.01993965,0.03276956,0.171,1271.587,0.000096
6844,0.01995464,0.03276226,0.173,1271.767,0.000095
6845,0.01992832,0.03277823,0.170,1271.945,0.000095
6846,0.01995061,0.03278229,0.171,1272.123,0.000095
6847,0.01993847,0.03279634,0.172,1272.302,0.000095
6848,0.01993635,0.03280718,0.170,1272.480,0.000094
6849,0.01991547,0.03276532,0.171,1272.659,0.000094
6850,0.01992402,0.03277177,0.179,1272.845,0.000094
6851,0.01992994,0.03279024,0.173,1273.025,0.000094
6852,0.01992082,0.03274643,0.172,1273.204,0.000093
6853,0.01991654,0.03280387,0.170,1273.381,0.000093
6854,0.01994829,0.03285636,0.171,1273.560,0.000093
6855,0.01996092,0.03279836,0.173,1273.740,0.000093
6856,0.01994353,0.03284495,0.170,1273.917,0.000093
6857,0.01991417,0.03281319,0.179,1274.103,0.000092
6858,0.01991474,0.03280517,0.177,1274.288,0.000092
6859,0.01990842,0.03280674,0.173,1274.468,0.000092
6860,0.01990581,0.03278024,0.171,1274.647,0.000092
6861,0.01990449,0.03282630,0.171,1274.825,0.000091
6862,0.01991166,0.03280238,0.174,1275.006,0.000091
6863,0.01990949,0.03280956,0.178,1275.191,0.000091
6864,0.01990675,0.03279548,0.176,1275.374,0.000091
6865,0.01988965,0.03284943,0.174,1275.556,0.000090
6866,0.01988574,0.03282732,0.172,1275.735,0.000090
6867,0.01991170,0.03282069,0.177,1275.920,0.000090
6868,0.01989571,0.03279083,0.173,1276.100,0.000090
6869,0.01992037,0.03279143,0.171,1276.278,0.000089
6870,0.01990357,0.03281526,0.173,1276.459,0.000089
6871,0.01992584,0.03283470,0.171,1276.637,0.000089
6872,0.01988551,0.03281558,0.170,1276.814,0.000089
6873,0.01989775,0.03284944,0.171,1276.992,0.000088
6874,0.01988356,0.03284671,0.174,1277.173,0.000088
6875,0.01989149,0.03282676,0.174,1277.354,0.000088
6876,0.01990666,0.03281119,0.171,1277.532,0.000088
6877,0.01990144,0.03279589,0.171,1277.711,0.000088
6878,0.01990995,0.03278978,0.172,1277.890,0.000087
6879,0.01990049,0.03282827,0.172,1278.069,0.000087
6880,0.01989543,0.03283423,0.170,1278.247,0.000087
6881,0.01990106,0.03282028,0.170,1278.424,0.000087
6882,0.01992648,0.03283326,0.170,1278.601,0.000086
6883,0.01995019,0.03282346,0.172,1278.781,0.000086
6884,0.01994133,0.03281003,0.172,1278.960,0.000086
6885,0.01989847,0.03283283,0.179,1279.146,0.000086
6886,0.01991204,0.03278789,0.172,1279.326,0.000085
6887,0.01989589,0.03283807,0.170,1279.504,0.000085
6888,0.01988735,0.03287560,0.175,1279.686,0.000085
6889,0.01988648,0.03287410,0.174,1279.868,0.000085
6890,0.01987986,0.03285467,0.171,1280.046,0.000084
6891,0.01987624,0.03285644,0.173,1280.226,0.000084
6892,0.01986722,0.03284462,0.172,1280.406,0.000084
6893,0.01986043,0.03283429,0.171,1280.584,0.000084
6894,0.01988535,0.03286514,0.170,1280.761,0.000084
6895,0.01986779,0.03286591,0.179,1280.948,0.000083
6896,0.01987121,0.03288437,0.172,1281.127,0.000083
6897,0.01984613,0.03288644,0.173,1281.308,0.000083
6898,0.01984065,0.03292289,0.172,1281.487,0.000083
6899,0.01983130,0.03290296,0.170,1281.665,0.000082
6900,0.01983654,0.03289667,0.170,1281.843,0.000082
6901,0.01982795,0.03286466,0.170,1282.020,0.000082
6902,0.01984855,0.03287314,0.173,1282.200,0.000082
6903,0.01982519,0.03289535,0.177,1282.385,0.000081
6904,0.01983292,0.03286892,0.180,1282.572,0.000081
6905,0.01982967,0.03288146,0.175,1282.754,0.000081
6906,0.01982932,0.03288490,0.177,1282.938,0.000081
6907,0.01984189,0.03289791,0.172,1283.117,0.000081
6908,0.01983059,0.03291142,0.171,1283.295,0.000080
6909,0.01983425,0.03291264,0.170,1283.472,0.000080
6910,0.01982327,0.03291199,0.171,1283.650,0.000080
6911,0.01981142,0.03290182,0.171,1283.829,0.000080
6912,0.01982030,0.03290494,0.170,1284.006,0.000079
6913,0.01980660,0.03290167,0.175,1284.188,0.000079
6914,0.01980683,0.03289897,0.183,1284.378,0.000079
6915,0.01982433,0.03292788,0.174,1284.559,0.000079
6916,0.01982010,0.03291795,0.182,1284.748,0.000079
6917,0.01981216,0.03292814,0.170,1284.925,0.000078
6918,0.01981592,0.03294958,0.174,1285.106,0.000078
6919,0.01979715,0.03293778,0.175,1285.289,0.000078
6920,0.01980847,0.03293226,0.170,1285.466,0.000078
6921,0.01979697,0.03292053,0.171,1285.645,0.000077
6922,0.01981231,0.03292769,0.176,1285.829,0.000077
6923,0.01981417,0.03288607,0.171,1286.007,0.000077
6924,0.01985184,0.03290882,0.171,1286.186,0.000077
6925,0.01982538,0.03291991,0.174,1286.367,0.000077
6926,0.01982457,0.03293024,0.172,1286.546,0.000076
6927,0.01982484,0.03292539,0.171,1286.724,0.000076
6928,0.01981915,0.03292585,0.175,1286.906,0.000076
6929,0.01980576,0.03292277,0.176,1287.090,0.000076
6930,0.01980476,0.03291173,0.173,1287.270,0.000075
6931,0.01980810,0.03286780,0.173,1287.450,0.000075
6932,0.01984675,0.03285458,0.172,1287.630,0.000075
6933,0.01983866,0.03287437,0.170,1287.807,0.000075
6934,0.01987197,0.03287502,0.170,1287.985,0.000075
6935,0.01985035,0.03288388,0.171,1288.162,0.000074
6936,0.01984635,0.03287076,0.170,1288.340,0.000074
6937,0.01983103,0.03288068,0.171,1288.518,0.000074
6938,0.01987540,0.03293742,0.171,1288.696,0.000074
6939,0.01986323,0.03285242,0.170,1288.873,0.000074
6940,0.01982608,0.03290057,0.171,1289.051,0.000073
6941,0.01983387,0.03286784,0.170,1289.229,0.000073
6942,0.01982613,0.03293311,0.170,1289.407,0.000073
6943,0.01983137,0.03286176,0.171,1289.585,0.000073
6944,0.01983655,0.03286515,0.172,1289.764,0.000072
6945,0.01984440,0.03289204,0.171,1289.942,0.000072
6946,0.01982437,0.03284337,0.170,1290.119,0.000072
6947,0.01982612,0.03289491,0.170,1290.297,0.000072
6948,0.01983333,0.03286545,0.169,1290.473,0.000072
6949,0.01980870,0.03285385,0.170,1290.650,0.000071
6950,0.01979977,0.03288369,0.171,1290.829,0.000071
6951,0.01981984,0.03289150,0.181,1291.017,0.000071
6952,0.01980732,0.03287392,0.173,1291.198,0.000071
6953,0.01980609,0.03289445,0.172,1291.377,0.000071
6954,0.01981081,0.03288538,0.171,1291.555,0.000070
6955,0.01981357,0.03288794,0.171,1291.734,0.000070
6956,0.01980487,0.03288842,0.171,1291.913,0.000070
6957,0.01980523,0.03287828,0.173,1292.093,0.000070
6958,0.01980188,0.03288926,0.171,1292.271,0.000069
6959,0.01979409,0.03289377,0.170,1292.449,0.000069
6960,0.01980247,0.03292022,0.171,1292.627,0.000069
6961,0.01978948,0.03289222,0.171,1292.805,0.000069
6962,0.01978941,0.03289514,0.171,1292.983,0.000069
6963,0.01977936,0.03290288,0.171,1293.162,0.000068
6964,0.01977912,0.03289601,0.172,1293.342,0.000068
6965,0.01976737,0.03292523,0.170,1293.519,0.000068
6966,0.01977395,0.03290772,0.171,1293.697,0.000068
6967,0.01977724,0.03289677,0.174,1293.878,0.000068
6968,0.01976801,0.03290901,0.174,1294.060,0.000067
6969,0.01976640,0.03290432,0.172,1294.239,0.000067
6970,0.01975452,0.03292197,0.171,1294.417,0.000067
6971,0.01977548,0.03287932,0.171,1294.595,0.000067
6972,0.01978307,0.03290802,0.174,1294.776,0.000067
6973,0.01976313,0.03290844,0.171,1294.954,0.000066
6974,0.01975291,0.03290974,0.176,1295.137,0.000066
6975,0.01976577,0.03290657,0.170,1295.315,0.000066
6976,0.01976031,0.03294073,0.171,1295.492,0.000066
6977,0.01978118,0.03292501,0.172,1295.672,0.000066
6978,0.01979818,0.03294193,0.170,1295.849,0.000065
6979,0.01978985,0.03291942,0.179,1296.036,0.000065
6980,0.01978455,0.03292874,0.172,1296.215,0.000065
6981,0.01977873,0.03295992,0.171,1296.394,0.000065
6982,0.01978598,0.03294281,0.172,1296.573,0.000064
6983,0.01978117,0.03292053,0.171,1296.751,0.000064
6984,0.01976560,0.03286129,0.171,1296.929,0.000064
6985,0.01976517,0.03292208,0.172,1297.108,0.000064
6986,0.01975772,0.03291356,0.172,1297.288,0.000064
6987,0.01976095,0.03292822,0.171,1297.467,0.000063
6988,0.01979129,0.03294099,0.173,1297.646,0.000063
6989,0.01978360,0.03294240,0.171,1297.825,0.000063
6990,0.01978282,0.03294333,0.171,1298.004,0.000063
6991,0.01975832,0.03293469,0.170,1298.181,0.000063
6992,0.01976646,0.03295015,0.170,1298.358,0.000062
6993,0.01976894,0.03292965,0.177,1298.542,0.000062
6994,0.01976583,0.03296941,0.171,1298.720,0.000062
6995,0.01979288,0.03292482,0.172,1298.899,0.000062
6996,0.01977657,0.03295471,0.173,1299.080,0.000062
6997,0.01977156,0.03293951,0.171,1299.258,0.000061
6998,0.01976175,0.03294784,0.171,1299.436,0.000061
6999,0.01975958,0.03293343,0.170,1299.613,0.000061
7000,0.01973902,0.03294659,0.171,1299.791,0.000061
7001,0.01974225,0.03293642,0.171,1299.969,0.000061
7002,0.01973649,0.03293240,0.170,1300.146,0.000061
7003,0.01973930,0.03293067,0.171,1300.325,0.000060
7004,0.01974698,0.03297117,0.170,1300.502,0.000060
7005,0.01975038,0.03296350,0.171,1300.680,0.000060
7006,0.01974395,0.03293104,0.170,1300.858,0.000060
7007,0.01974128,0.03294270,0.179,1301.044,0.000060
7008,0.01974730,0.03296052,0.177,1301.228,0.000059
7009,0.01974795,0.03295071,0.177,1301.412,0.000059
7010,0.01972656,0.03297163,0.179,1301.598,0.000059
7011,0.01974195,0.03296778,0.181,1301.786,0.000059
7012,0.01973724,0.03295062,0.176,1301.970,0.000059
7013,0.01972968,0.03291253,0.174,1302.151,0.000058
7014,0.01973523,0.03293636,0.172,1302.331,0.000058
7015,0.01974160,0.03292768,0.181,1302.519,0.000058
7016,0.01973640,0.03295764,0.181,1302.709,0.000058
7017,0.01972328,0.03296231,0.173,1302.889,0.000058
7018,0.01972701,0.03295375,0.170,1303.067,0.000057
7019,0.01971794,0.03295971,0.172,1303.246,0.000057
7020,0.01971136,0.03294604,0.172,1303.425,0.000057
7021,0.01971995,0.03295616,0.181,1303.614,0.000057
7022,0.01970389,0.03295038,0.174,1303.795,0.000057
7023,0.01971355,0.03297270,0.170,1303.973,0.000056
7024,0.01970630,0.03294667,0.174,1304.154,0.000056
7025,0.01972165,0.03295173,0.174,1304.335,0.000056
7026,0.01970948,0.03295659,0.171,1304.514,0.000056
7027,0.01970488,0.03294531,0.172,1304.693,0.000056
7028,0.01970180,0.03293949,0.171,1304.871,0.000056
7029,0.01971175,0.03295842,0.170,1305.048,0.000055
7030,0.01971354,0.03294936,0.170,1305.225,0.000055
7031,0.01971374,0.03296653,0.170,1305.403,0.000055
7032,0.01971859,0.03295256,0.171,1305.581,0.000055
7033,0.01970559,0.03296435,0.171,1305.759,0.000055
7034,0.01970928,0.03301657,0.171,1305.938,0.000054
7035,0.01970262,0.03297878,0.171,1306.116,0.000054
7036,0.01970491,0.03296659,0.170,1306.293,0.000054
7037,0.01971155,0.03297635,0.171,1306.471,0.000054
7038,0.01971949,0.03298079,0.171,1306.649,0.000054
7039,0.01978370,0.03294713,0.170,1306.826,0.000054
7040,0.01977302,0.03295071,0.172,1307.005,0.000053
7041,0.01976317,0.03299251,0.173,1307.186,0.000053
7042,0.01973812,0.03293987,0.176,1307.369,0.000053
7043,0.01973858,0.03294872,0.173,1307.549,0.000053
7044,0.01973852,0.03296260,0.171,1307.727,0.000053
7045,0.01972152,0.03296389,0.171,1307.905,0.000052
7046,0.01971652,0.03296312,0.171,1308.083,0.000052
7047,0.01971610,0.03294722,0.171,1308.261,0.000052
7048,0.01972319,0.03292466,0.171,1308.439,0.000052
7049,0.01969611,0.03293488,0.171,1308.618,0.000052
7050,0.01970135,0.03294987,0.170,1308.795,0.000052
7051,0.01968743,0.03295716,0.171,1308.973,0.000051
7052,0.01969837,0.03298651,0.171,1309.151,0.000051
7053,0.01969526,0.03295803,0.170,1309.329,0.000051
7054,0.01969260,0.03294216,0.171,1309.507,0.000051
7055,0.01969027,0.03294713,0.176,1309.690,0.000051
7056,0.01968722,0.03292545,0.173,1309.871,0.000050
7057,0.01967808,0.03295228,0.179,1310.057,0.000050
7058,0.01968247,0.03296284,0.172,1310.237,0.000050
7059,0.01968480,0.03296028,0.170,1310.415,0.000050
7060,0.01967691,0.03296831,0.171,1310.593,0.000050
7061,0.01968370,0.03295410,0.172,1310.772,0.000050
7062,0.01967469,0.03295999,0.170,1310.950,0.000049
7063,0.01967908,0.03293288,0.170,1311.127,0.000049
7064,0.01966707,0.03295676,0.171,1311.305,0.000049
7065,0.01967733,0.03297183,0.171,1311.483,0.000049
7066,0.01968161,0.03297836,0.171,1311.662,0.000049
7067,0.01967821,0.03296425,0.171,1311.840,0.000049
7068,0.01966874,0.03296664,0.171,1312.018,0.000048
7069,0.01968193,0.03297757,0.172,1312.197,0.000048
7070,0.01967743,0.03298422,0.172,1312.376,0.000048
7071,0.01968031,0.03297898,0.171,1312.554,0.000048
7072,0.01967529,0.03300003,0.170,1312.732,0.000048
7073,0.01967246,0.03299267,0.172,1312.910,0.000047
7074,0.01966954,0.03298416,0.170,1313.088,0.000047
7075,0.01969223,0.03295490,0.171,1313.266,0.000047
7076,0.01968607,0.03295930,0.170,1313.444,0.000047
7077,0.01969728,0.03293707,0.171,1313.622,0.000047
7078,0.01967680,0.03296312,0.170,1313.800,0.000047
7079,0.01966975,0.03299256,0.171,1313.978,0.000046
7080,0.01966950,0.03296776,0.171,1314.156,0.000046
7081,0.01967255,0.03298978,0.171,1314.334,0.000046
7082,0.01967455,0.03299997,0.171,1314.513,0.000046
7083,0.01964992,0.03298712,0.171,1314.692,0.000046
7084,0.01966590,0.03296331,0.170,1314.869,0.000046
7085,0.01967072,0.03300161,0.175,1315.051,0.000045
7086,0.01966631,0.03296368,0.170,1315.228,0.000045
7087,0.01964869,0.03296285,0.171,1315.407,0.000045
7088,0.01965969,0.03298416,0.171,1315.585,0.000045
7089,0.01966251,0.03300114,0.170,1315.763,0.000045
7090,0.01966441,0.03297211,0.170,1315.940,0.000045
7091,0.01967036,0.03304126,0.170,1316.118,0.000044
7092,0.01965683,0.03300875,0.170,1316.295,0.000044
7093,0.01964817,0.03301478,0.174,1316.476,0.000044
7094,0.01965557,0.03300538,0.174,1316.658,0.000044
7095,0.01965052,0.03302866,0.173,1316.839,0.000044
7096,0.01963752,0.03300470,0.176,1317.022,0.000044
7097,0.01967155,0.03297537,0.183,1317.213,0.000043
7098,0.01964502,0.03300197,0.172,1317.392,0.000043
7099,0.01963700,0.03299919,0.172,1317.571,0.000043
7100,0.01964518,0.03300698,0.173,1317.752,0.000043
7101,0.01964032,0.03300445,0.171,1317.930,0.000043
7102,0.01964198,0.03301960,0.171,1318.108,0.000043
7103,0.01965445,0.03302145,0.171,1318.286,0.000043
7104,0.01965290,0.03302033,0.171,1318.464,0.000042
7105,0.01964165,0.03301964,0.171,1318.642,0.000042
7106,0.01963410,0.03302058,0.171,1318.821,0.000042
7107,0.01963571,0.03301474,0.170,1318.998,0.000042
7108,0.01964055,0.03298994,0.170,1319.175,0.000042
7109,0.01962687,0.03299887,0.171,1319.353,0.000042
7110,0.01964136,0.03300716,0.176,1319.537,0.000041
7111,0.01963874,0.03298476,0.171,1319.716,0.000041
7112,0.01963715,0.03299155,0.171,1319.894,0.000041
7113,0.01964959,0.03300761,0.170,1320.072,0.000041
7114,0.01962961,0.03299328,0.170,1320.249,0.000041
7115,0.01963423,0.03299143,0.170,1320.426,0.000041
7116,0.01963168,0.03303035,0.170,1320.603,0.000040
7117,0.01963370,0.03303367,0.171,1320.781,0.000040
7118,0.01962198,0.03302956,0.173,1320.960,0.000040
7119,0.01962648,0.03301383,0.171,1321.139,0.000040
7120,0.01963498,0.03301824,0.171,1321.317,0.000040
7121,0.01963407,0.03301350,0.171,1321.496,0.000040
7122,0.01963708,0.03302099,0.171,1321.674,0.000040
7123,0.01964422,0.03300406,0.170,1321.852,0.000039
7124,0.01963040,0.03299191,0.179,1322.038,0.000039
7125,0.01962424,0.03302639,0.170,1322.215,0.000039
7126,0.01963073,0.03302037,0.171,1322.393,0.000039
7127,0.01961909,0.03299513,0.172,1322.572,0.000039
7128,0.01962821,0.03303005,0.170,1322.750,0.000039
7129,0.01961674,0.03302447,0.171,1322.928,0.000038
7130,0.01961682,0.03301772,0.172,1323.107,0.000038
7131,0.01961905,0.03298323,0.170,1323.285,0.000038
7132,0.01962178,0.03302876,0.170,1323.462,0.000038
7133,0.01961816,0.03302038,0.170,1323.640,0.000038
7134,0.01961501,0.03302215,0.170,1323.817,0.000038
7135,0.01961745,0.03300849,0.171,1323.995,0.000038
7136,0.01961768,0.03302118,0.170,1324.172,0.000037
7137,0.01962753,0.03299367,0.170,1324.349,0.000037
7138,0.01962768,0.03303875,0.171,1324.527,0.000037
7139,0.01961734,0.03299889,0.170,1324.704,0.000037
7140,0.01961368,0.03302469,0.170,1324.882,0.000037
7141,0.01962798,0.03305339,0.171,1325.060,0.000037
7142,0.01962626,0.03304329,0.170,1325.237,0.000037
7143,0.01962307,0.03306217,0.170,1325.415,0.000036
7144,0.01961137,0.03304387,0.170,1325.592,0.000036
7145,0.01963794,0.03304759,0.171,1325.770,0.000036
7146,0.01963115,0.03304244,0.170,1325.948,0.000036
7147,0.01962888,0.03304926,0.170,1326.125,0.000036
7148,0.01961788,0.03303888,0.171,1326.303,0.000036
7149,0.01962175,0.03301978,0.170,1326.480,0.000036
7150,0.01961278,0.03304537,0.170,1326.658,0.000035
7151,0.01961662,0.03306044,0.170,1326.835,0.000035
7152,0.01960950,0.03303567,0.170,1327.012,0.000035
7153,0.01961125,0.03304278,0.170,1327.189,0.000035
7154,0.01959382,0.03306620,0.170,1327.366,0.000035
7155,0.01960168,0.03305994,0.170,1327.543,0.000035
7156,0.01959572,0.03306521,0.171,1327.721,0.000035
7157,0.01959834,0.03304486,0.171,1327.899,0.000034
7158,0.01959502,0.03304902,0.172,1328.079,0.000034
7159,0.01960436,0.03306165,0.171,1328.257,0.000034
7160,0.01959643,0.03308138,0.175,1328.440,0.000034
7161,0.01959377,0.03305638,0.171,1328.619,0.000034
7162,0.01960067,0.03306107,0.172,1328.798,0.000034
7163,0.01958528,0.03306150,0.170,1328.976,0.000034
7164,0.01959539,0.03303911,0.170,1329.153,0.000033
7165,0.01959157,0.03304239,0.170,1329.331,0.000033
7166,0.01959067,0.03305130,0.170,1329.508,0.000033
7167,0.01957656,0.03305707,0.170,1329.685,0.000033
7168,0.01960221,0.03305077,0.170,1329.862,0.000033
7169,0.01959504,0.03305348,0.171,1330.040,0.000033
7170,0.01960551,0.03307531,0.169,1330.217,0.000033
7171,0.01958686,0.03308144,0.170,1330.394,0.000033
7172,0.01959101,0.03307332,0.170,1330.571,0.000032
7173,0.01958257,0.03305917,0.170,1330.749,0.000032
7174,0.01957984,0.03307211,0.170,1330.926,0.000032
7175,0.01959036,0.03306674,0.170,1331.104,0.000032
7176,0.01958690,0.03309026,0.170,1331.281,0.000032
7177,0.01958070,0.03305187,0.170,1331.458,0.000032
7178,0.01959241,0.03303862,0.170,1331.636,0.000032
7179,0.01958477,0.03307215,0.170,1331.814,0.000031
7180,0.01958522,0.03305845,0.171,1331.991,0.000031
7181,0.01958036,0.03305435,0.171,1332.170,0.000031
7182,0.01957867,0.03304123,0.171,1332.347,0.000031
7183,0.01958235,0.03305092,0.170,1332.525,0.000031
7184,0.01958452,0.03306133,0.170,1332.702,0.000031
7185,0.01958633,0.03308716,0.171,1332.880,0.000031
7186,0.01958047,0.03304081,0.171,1333.059,0.000031
7187,0.01957607,0.03305845,0.170,1333.236,0.000030
7188,0.01959264,0.03308542,0.169,1333.412,0.000030
7189,0.01958309,0.03303236,0.171,1333.590,0.000030
7190,0.01957512,0.03304590,0.173,1333.770,0.000030
7191,0.01958069,0.03304213,0.171,1333.948,0.000030
7192,0.01958233,0.03303775,0.170,1334.125,0.000030
7193,0.01957866,0.03303161,0.170,1334.302,0.000030
7194,0.01956539,0.03303687,0.170,1334.480,0.000030
7195,0.01957984,0.03304319,0.170,1334.657,0.000029
7196,0.01956979,0.03304356,0.171,1334.835,0.000029
7197,0.01959881,0.03305649,0.170,1335.012,0.000029
7198,0.01958295,0.03304626,0.171,1335.189,0.000029
7199,0.01957619,0.03305644,0.170,1335.367,0.000029
7200,0.01956815,0.03301474,0.170,1335.545,0.000029
7201,0.01956916,0.03304365,0.170,1335.722,0.000029
7202,0.01957774,0.03305780,0.170,1335.899,0.000029
7203,0.01958280,0.03302327,0.170,1336.076,0.000028
7204,0.01957345,0.03302327,0.171,1336.254,0.000028
7205,0.01956576,0.03302242,0.174,1336.435,0.000028
7206,0.01956174,0.03302917,0.170,1336.613,0.000028
7207,0.01957138,0.03302932,0.180,1336.800,0.000028
7208,0.01957271,0.03303122,0.178,1336.985,0.000028
7209,0.01957478,0.03305134,0.171,1337.164,0.000028
7210,0.01955765,0.03304901,0.176,1337.347,0.000028
7211,0.01955727,0.03304500,0.170,1337.524,0.000027
7212,0.01956187,0.03305477,0.175,1337.706,0.000027
7213,0.01956583,0.03306178,0.172,1337.885,0.000027
7214,0.01956422,0.03303697,0.172,1338.064,0.000027
7215,0.01956104,0.03303972,0.170,1338.242,0.000027
7216,0.01957305,0.03304349,0.170,1338.419,0.000027
7217,0.01957825,0.03306552,0.171,1338.597,0.000027
7218,0.01957387,0.03305275,0.170,1338.774,0.000027
7219,0.01956285,0.03305448,0.170,1338.952,0.000027
7220,0.01956838,0.03305195,0.172,1339.132,0.000026
7221,0.01955822,0.03305853,0.170,1339.309,0.000026
7222,0.01956068,0.03307039,0.170,1339.487,0.000026
7223,0.01956231,0.03307030,0.173,1339.667,0.000026
7224,0.01956969,0.03306617,0.171,1339.846,0.000026
7225,0.01955799,0.03305479,0.173,1340.025,0.000026
7226,0.01955735,0.03305917,0.174,1340.207,0.000026
7227,0.01955846,0.03303759,0.175,1340.389,0.000026
7228,0.01957803,0.03306957,0.182,1340.579,0.000025
7229,0.01955459,0.03307735,0.173,1340.760,0.000025
7230,0.01954717,0.03307878,0.171,1340.938,0.000025
7231,0.01955664,0.03305032,0.171,1341.116,0.000025
7232,0.01956397,0.03304955,0.171,1341.294,0.000025
7233,0.01954600,0.03307368,0.170,1341.472,0.000025
7234,0.01955441,0.03302735,0.170,1341.649,0.000025
7235,0.01956030,0.03306594,0.170,1341.827,0.000025
7236,0.01955648,0.03305158,0.170,1342.005,0.000025
7237,0.01955008,0.03304797,0.170,1342.182,0.000024
7238,0.01955086,0.03306331,0.170,1342.359,0.000024
7239,0.01956105,0.03305975,0.171,1342.537,0.000024
7240,0.01955742,0.03307037,0.172,1342.716,0.000024
7241,0.01954323,0.03306680,0.171,1342.894,0.000024
7242,0.01956448,0.03307970,0.170,1343.071,0.000024
7243,0.01954699,0.03308741,0.170,1343.248,0.000024
7244,0.01954351,0.03304563,0.171,1343.427,0.000024
7245,0.01954397,0.03306209,0.170,1343.604,0.000024
7246,0.01955890,0.03305205,0.172,1343.783,0.000024
7247,0.01954380,0.03305789,0.170,1343.960,0.000023
7248,0.01953905,0.03304593,0.170,1344.138,0.000023
7249,0.01955380,0.03305574,0.170,1344.316,0.000023
7250,0.01955378,0.03307884,0.172,1344.495,0.000023
7251,0.01955647,0.03308524,0.170,1344.672,0.000023
7252,0.01954182,0.03306751,0.178,1344.857,0.000023
7253,0.01954685,0.03305202,0.179,1345.044,0.000023
7254,0.01955200,0.03306886,0.171,1345.222,0.000023
7255,0.01954481,0.03305740,0.176,1345.406,0.000023
7256,0.01954103,0.03306937,0.174,1345.587,0.000022
7257,0.01954079,0.03307103,0.171,1345.765,0.000022
7258,0.01955142,0.03305024,0.171,1345.943,0.000022
7259,0.01954456,0.03306403,0.170,1346.120,0.000022
7260,0.01954114,0.03306064,0.171,1346.298,0.000022
7261,0.01953926,0.03305399,0.170,1346.476,0.000022
7262,0.01952890,0.03304636,0.170,1346.653,0.000022
7263,0.01953508,0.03304602,0.170,1346.831,0.000022
7264,0.01953765,0.03307928,0.170,1347.009,0.000022
7265,0.01954576,0.03308786,0.170,1347.186,0.000022
7266,0.01953794,0.03304841,0.170,1347.363,0.000022
7267,0.01954399,0.03307300,0.170,1347.540,0.000021
7268,0.01954495,0.03306345,0.170,1347.718,0.000021
7269,0.01954904,0.03309563,0.170,1347.895,0.000021
7270,0.01954982,0.03307390,0.171,1348.073,0.000021
7271,0.01953950,0.03305078,0.172,1348.252,0.000021
7272,0.01954519,0.03305375,0.172,1348.431,0.000021
7273,0.01953189,0.03307097,0.172,1348.611,0.000021
7274,0.01954439,0.03307208,0.172,1348.790,0.000021
7275,0.01952567,0.03307274,0.173,1348.970,0.000021
7276,0.01952981,0.03307063,0.171,1349.148,0.000021
7277,0.01955586,0.03307238,0.170,1349.325,0.000020
7278,0.01954028,0.03308810,0.171,1349.503,0.000020
7279,0.01953177,0.03307781,0.171,1349.682,0.000020
7280,0.01954135,0.03307611,0.172,1349.861,0.000020
7281,0.01953440,0.03306076,0.171,1350.039,0.000020
7282,0.01953464,0.03304064,0.170,1350.216,0.000020
7283,0.01953630,0.03307595,0.170,1350.393,0.000020
7284,0.01952665,0.03307163,0.172,1350.572,0.000020
7285,0.01952637,0.03305588,0.171,1350.750,0.000020
7286,0.01953898,0.03305884,0.170,1350.927,0.000020
7287,0.01953234,0.03307555,0.179,1351.113,0.000020
7288,0.01954511,0.03309083,0.174,1351.294,0.000019
7289,0.01953838,0.03306691,0.172,1351.473,0.000019
7290,0.01952940,0.03306583,0.176,1351.657,0.000019
7291,0.01952228,0.03306853,0.170,1351.834,0.000019
7292,0.01954437,0.03308510,0.171,1352.013,0.000019
7293,0.01952156,0.03306722,0.174,1352.194,0.000019
7294,0.01952845,0.03307488,0.174,1352.376,0.000019
7295,0.01952819,0.03309659,0.171,1352.554,0.000019
7296,0.01951751,0.03306920,0.170,1352.731,0.000019
7297,0.01952802,0.03308892,0.170,1352.909,0.000019
7298,0.01951325,0.03305208,0.170,1353.086,0.000019
7299,0.01951821,0.03305786,0.170,1353.263,0.000019
7300,0.01953719,0.03307972,0.170,1353.441,0.000018
7301,0.01951791,0.03307665,0.170,1353.618,0.000018
7302,0.01951681,0.03307855,0.171,1353.797,0.000018
7303,0.01952059,0.03308408,0.171,1353.974,0.000018
7304,0.01952105,0.03305546,0.170,1354.152,0.000018
7305,0.01952009,0.03305567,0.169,1354.328,0.000018
7306,0.01953258,0.03307200,0.170,1354.506,0.000018
7307,0.01952056,0.03306523,0.170,1354.683,0.000018
7308,0.01951091,0.03305555,0.169,1354.859,0.000018
7309,0.01951677,0.03305553,0.172,1355.038,0.000018
7310,0.01953034,0.03306490,0.171,1355.217,0.000018
7311,0.01952800,0.03305872,0.170,1355.394,0.000018
7312,0.01952847,0.03306537,0.170,1355.571,0.000017
7313,0.01952104,0.03305193,0.170,1355.748,0.000017
7314,0.01952677,0.03307209,0.171,1355.926,0.000017
7315,0.01951028,0.03305846,0.169,1356.103,0.000017
7316,0.01951010,0.03306426,0.170,1356.280,0.000017
7317,0.01951397,0.03307412,0.177,1356.465,0.000017
7318,0.01952481,0.03306213,0.178,1356.651,0.000017
7319,0.01951258,0.03306023,0.183,1356.841,0.000017
7320,0.01953189,0.03308558,0.176,1357.025,0.000017
7321,0.01950867,0.03307274,0.176,1357.208,0.000017
7322,0.01952433,0.03307495,0.176,1357.391,0.000017
7323,0.01952149,0.03307337,0.179,1357.577,0.000017
7324,0.01951292,0.03305909,0.176,1357.763,0.000017
7325,0.01951322,0.03306385,0.176,1357.946,0.000016
7326,0.01952368,0.03307773,0.173,1358.126,0.000016
7327,0.01951517,0.03309327,0.171,1358.305,0.000016
7328,0.01950932,0.03307891,0.173,1358.486,0.000016
7329,0.01951609,0.03308319,0.171,1358.664,0.000016
7330,0.01951015,0.03309675,0.171,1358.843,0.000016
7331,0.01950214,0.03308862,0.174,1359.025,0.000016
7332,0.01950971,0.03309547,0.178,1359.210,0.000016
7333,0.01950935,0.03310766,0.179,1359.396,0.000016
7334,0.01950817,0.03308121,0.175,1359.579,0.000016
7335,0.01951302,0.03307843,0.174,1359.761,0.000016
7336,0.01951284,0.03307448,0.174,1359.942,0.000016
7337,0.01950387,0.03308721,0.170,1360.119,0.000016
7338,0.01949615,0.03307713,0.170,1360.296,0.000016
7339,0.01952715,0.03305910,0.175,1360.479,0.000015
7340,0.01949509,0.03306681,0.172,1360.659,0.000015
7341,0.01949790,0.03306184,0.170,1360.836,0.000015
7342,0.01950230,0.03306398,0.173,1361.016,0.000015
7343,0.01951253,0.03307499,0.179,1361.202,0.000015
7344,0.01951228,0.03305929,0.179,1361.388,0.000015
7345,0.01951284,0.03306933,0.183,1361.579,0.000015
7346,0.01952245,0.03307229,0.182,1361.768,0.000015
7347,0.01951280,0.03306590,0.181,1361.957,0.000015
7348,0.01950657,0.03305972,0.185,1362.149,0.000015
7349,0.01952809,0.03306838,0.177,1362.333,0.000015
7350,0.01949668,0.03305669,0.177,1362.518,0.000015
7351,0.01951132,0.03307686,0.173,1362.698,0.000015
7352,0.01950964,0.03306590,0.170,1362.875,0.000015
7353,0.01950543,0.03308504,0.170,1363.052,0.000015
7354,0.01950570,0.03306393,0.170,1363.229,0.000015
7355,0.01949854,0.03307317,0.173,1363.410,0.000014
7356,0.01950983,0.03307121,0.172,1363.589,0.000014
7357,0.01949899,0.03308629,0.170,1363.766,0.000014
7358,0.01950430,0.03307818,0.171,1363.944,0.000014
7359,0.01950748,0.03309201,0.170,1364.122,0.000014
7360,0.01950648,0.03308893,0.171,1364.299,0.000014
7361,0.01949813,0.03308794,0.171,1364.478,0.000014
7362,0.01950353,0.03306645,0.171,1364.655,0.000014
7363,0.01950650,0.03307380,0.171,1364.833,0.000014
7364,0.01949947,0.03308051,0.171,1365.012,0.000014
7365,0.01949006,0.03307986,0.170,1365.188,0.000014
7366,0.01951004,0.03309841,0.170,1365.366,0.000014
7367,0.01951024,0.03309934,0.183,1365.555,0.000014
7368,0.01951225,0.03311387,0.179,1365.742,0.000014
7369,0.01950043,0.03308183,0.173,1365.923,0.000014
7370,0.01949344,0.03308722,0.171,1366.100,0.000014
7371,0.01949843,0.03309914,0.169,1366.277,0.000014
7372,0.01950769,0.03310768,0.171,1366.455,0.000013
7373,0.01950065,0.03310391,0.177,1366.640,0.000013
7374,0.01950940,0.03308943,0.177,1366.824,0.000013
7375,0.01950352,0.03311557,0.171,1367.002,0.000013
7376,0.01950105,0.03311330,0.170,1367.179,0.000013
7377,0.01950617,0.03309686,0.171,1367.357,0.000013
7378,0.01950392,0.03310292,0.172,1367.536,0.000013
7379,0.01950717,0.03311630,0.173,1367.717,0.000013
7380,0.01951094,0.03310006,0.171,1367.896,0.000013
7381,0.01950865,0.03311299,0.170,1368.074,0.000013
7382,0.01951047,0.03309336,0.170,1368.252,0.000013
7383,0.01949298,0.03311057,0.170,1368.430,0.000013
7384,0.01949365,0.03310274,0.171,1368.608,0.000013
7385,0.01949488,0.03308453,0.170,1368.786,0.000013
7386,0.01949408,0.03311603,0.170,1368.963,0.000013
7387,0.01949643,0.03308491,0.175,1369.145,0.000013
7388,0.01950777,0.03312086,0.174,1369.326,0.000013
7389,0.01949846,0.03310919,0.173,1369.506,0.000013
7390,0.01950044,0.03312048,0.175,1369.689,0.000013
7391,0.01950258,0.03311634,0.174,1369.870,0.000013
7392,0.01949399,0.03312354,0.171,1370.048,0.000012
7393,0.01949882,0.03309195,0.171,1370.227,0.000012
7394,0.01949894,0.03309606,0.172,1370.406,0.000012
7395,0.01948913,0.03308374,0.171,1370.584,0.000012
7396,0.01948222,0.03309742,0.173,1370.765,0.000012
7397,0.01949587,0.03309349,0.172,1370.945,0.000012
7398,0.01949262,0.03308488,0.173,1371.125,0.000012
7399,0.01948643,0.03311057,0.171,1371.304,0.000012
7400,0.01948513,0.03309433,0.170,1371.481,0.000012
7401,0.01949917,0.03307849,0.170,1371.658,0.000012
7402,0.01951197,0.03306351,0.187,1371.852,0.000012
7403,0.01949972,0.03309236,0.172,1372.031,0.000012
7404,0.01949435,0.03308159,0.170,1372.209,0.000012
7405,0.01949480,0.03309161,0.171,1372.387,0.000012
7406,0.01950300,0.03308377,0.170,1372.564,0.000012
7407,0.01950186,0.03307167,0.172,1372.744,0.000012
7408,0.01949147,0.03306795,0.178,1372.930,0.000012
7409,0.01949378,0.03307997,0.175,1373.112,0.000012
7410,0.01949541,0.03307563,0.170,1373.290,0.000012
7411,0.01949987,0.03306987,0.170,1373.467,0.000012
7412,0.01949687,0.03306184,0.171,1373.645,0.000012
7413,0.01949885,0.03306195,0.170,1373.823,0.000012
7414,0.01949128,0.03305574,0.170,1374.001,0.000012
7415,0.01951046,0.03306073,0.171,1374.178,0.000012
7416,0.01949313,0.03306760,0.170,1374.356,0.000012
7417,0.01949860,0.03305849,0.175,1374.538,0.000011
7418,0.01947562,0.03305712,0.181,1374.726,0.000011
7419,0.01949705,0.03307647,0.179,1374.913,0.000011
7420,0.01950886,0.03307149,0.183,1375.104,0.000011
7421,0.01948089,0.03306391,0.176,1375.287,0.000011
7422,0.01949135,0.03308191,0.172,1375.466,0.000011
7423,0.01950092,0.03308358,0.171,1375.645,0.000011
7424,0.01949140,0.03308516,0.171,1375.823,0.000011
7425,0.01948724,0.03308619,0.170,1376.001,0.000011
7426,0.01949969,0.03308921,0.172,1376.180,0.000011
7427,0.01947369,0.03310114,0.174,1376.362,0.000011
7428,0.01950180,0.03309080,0.174,1376.543,0.000011
7429,0.01949718,0.03308656,0.174,1376.724,0.000011
7430,0.01948384,0.03307756,0.170,1376.902,0.000011
7431,0.01949013,0.03308024,0.170,1377.079,0.000011
7432,0.01948695,0.03307593,0.170,1377.256,0.000011
7433,0.01949031,0.03307285,0.170,1377.434,0.000011
7434,0.01949231,0.03306701,0.170,1377.611,0.000011
7435,0.01948293,0.03308546,0.171,1377.789,0.000011
7436,0.01947155,0.03308671,0.176,1377.972,0.000011
7437,0.01947405,0.03307694,0.172,1378.151,0.000011
7438,0.01950373,0.03308515,0.177,1378.336,0.000011
7439,0.01949738,0.03307711,0.179,1378.522,0.000011
7440,0.01948815,0.03309718,0.174,1378.703,0.000011
7441,0.01948830,0.03309770,0.171,1378.882,0.000011
7442,0.01948467,0.03308256,0.170,1379.060,0.000011
7443,0.01949135,0.03309441,0.171,1379.238,0.000011
7444,0.01950002,0.03309876,0.170,1379.415,0.000011
7445,0.01948000,0.03309093,0.170,1379.593,0.000011
7446,0.01948914,0.03309560,0.172,1379.772,0.000011
7447,0.01949428,0.03309598,0.170,1379.950,0.000011
7448,0.01947829,0.03308569,0.170,1380.127,0.000011
7449,0.01949589,0.03309688,0.170,1380.304,0.000011
7450,0.01948178,0.03308751,0.170,1380.481,0.000011
7451,0.01948099,0.03308827,0.172,1380.660,0.000011
7452,0.01948009,0.03307972,0.170,1380.838,0.000011
7453,0.01948744,0.03308752,0.184,1381.029,0.000010
7454,0.01948124,0.03308999,0.175,1381.212,0.000010
7455,0.01949759,0.03307408,0.172,1381.391,0.000010
7456,0.01949270,0.03307092,0.173,1381.572,0.000010
7457,0.01948802,0.03307392,0.172,1381.751,0.000010
7458,0.01948152,0.03309433,0.172,1381.931,0.000010
7459,0.01947749,0.03308283,0.171,1382.109,0.000010
7460,0.01949809,0.03308477,0.171,1382.288,0.000010
7461,0.01947563,0.03308311,0.172,1382.467,0.000010
7462,0.01947685,0.03309528,0.171,1382.645,0.000010
7463,0.01948128,0.03309179,0.179,1382.832,0.000010
7464,0.01947732,0.03308946,0.183,1383.022,0.000010
7465,0.01948781,0.03308162,0.178,1383.207,0.000010
7466,0.01947444,0.03308437,0.175,1383.389,0.000010
7467,0.01947546,0.03310241,0.175,1383.572,0.000010
7468,0.01948001,0.03309452,0.177,1383.757,0.000010
7469,0.01947535,0.03309949,0.176,1383.940,0.000010
7470,0.01948856,0.03310622,0.175,1384.123,0.000010
7471,0.01948742,0.03308785,0.174,1384.304,0.000010
7472,0.01949473,0.03309977,0.174,1384.485,0.000010
7473,0.01948266,0.03310356,0.175,1384.667,0.000010
7474,0.01946455,0.03310648,0.173,1384.847,0.000010
7475,0.01947606,0.03309661,0.172,1385.026,0.000010
7476,0.01947728,0.03308578,0.172,1385.206,0.000010
7477,0.01948386,0.03309068,0.172,1385.385,0.000010
7478,0.01947754,0.03309319,0.172,1385.564,0.000010
7479,0.01948299,0.03309111,0.172,1385.743,0.000010
7480,0.01948155,0.03308688,0.173,1385.923,0.000010
7481,0.01947951,0.03308649,0.173,1386.103,0.000010
7482,0.01948708,0.03309692,0.172,1386.282,0.000010
7483,0.01947837,0.03308622,0.172,1386.462,0.000010
7484,0.01947876,0.03308268,0.172,1386.642,0.000010
7485,0.01948564,0.03309566,0.172,1386.821,0.000010
7486,0.01947501,0.03309190,0.175,1387.004,0.000010
7487,0.01948843,0.03308218,0.175,1387.186,0.000010
7488,0.01947779,0.03309357,0.171,1387.365,0.000010
7489,0.01948062,0.03309443,0.172,1387.544,0.000010
7490,0.01947192,0.03309029,0.173,1387.724,0.000010
7491,0.01947783,0.03308688,0.172,1387.903,0.000010
7492,0.01949188,0.03308733,0.172,1388.083,0.000010
7493,0.01946964,0.03309720,0.172,1388.262,0.000010
7494,0.01948807,0.03309753,0.174,1388.444,0.000010
7495,0.01947819,0.03308711,0.173,1388.624,0.000010
7496,0.01947233,0.03309687,0.172,1388.804,0.000010
7497,0.01947814,0.03309097,0.172,1388.983,0.000010
7498,0.01946920,0.03309147,0.172,1389.162,0.000010
7499,0.01948266,0.03309785,0.173,1389.342,0.000010
7500,0.01948451,0.03309890,0.173,1389.522,0.000010
7501,0.01948206,0.03309122,0.177,1389.706,0.000010
7502,0.02015893,0.03318867,0.171,1389.885,0.000324
7503,0.02186017,0.03300251,0.173,1390.065,0.000324
7504,0.02236773,0.03302081,0.173,1390.246,0.000324
7505,0.02241444,0.03287994,0.173,1390.425,0.000324
7506,0.02209501,0.03283074,0.172,1390.605,0.000324
7507,0.02181850,0.03283745,0.173,1390.785,0.000324
7508,0.02165692,0.03279499,0.172,1390.965,0.000324
7509,0.02157070,0.03273168,0.174,1391.146,0.000324
7510,0.02142489,0.03284403,0.172,1391.325,0.000324
7511,0.02151210,0.03295668,0.174,1391.507,0.000324
7512,0.02157314,0.03293344,0.173,1391.688,0.000324
7513,0.02169892,0.03287799,0.174,1391.869,0.000324
7514,0.02152092,0.03286519,0.176,1392.051,0.000324
7515,0.02152839,0.03286098,0.177,1392.236,0.000324
7516,0.02126452,0.03275098,0.178,1392.422,0.000324
7517,0.02115081,0.03275644,0.177,1392.606,0.000324
7518,0.02115675,0.03281350,0.177,1392.791,0.000324
7519,0.02111327,0.03278996,0.177,1392.975,0.000324
7520,0.02105221,0.03274212,0.180,1393.163,0.000324
7521,0.02108580,0.03286557,0.176,1393.346,0.000324
7522,0.02110838,0.03280679,0.174,1393.528,0.000324
7523,0.02111541,0.03283790,0.175,1393.710,0.000324
7524,0.02110729,0.03282082,0.173,1393.891,0.000324
7525,0.02106447,0.03281137,0.174,1394.071,0.000324
7526,0.02110845,0.03272573,0.174,1394.253,0.000324
7527,0.02107150,0.03270690,0.177,1394.437,0.000324
7528,0.02104691,0.03273161,0.172,1394.616,0.000324
7529,0.02109275,0.03269941,0.171,1394.794,0.000324
7530,0.02107682,0.03274565,0.170,1394.972,0.000324
7531,0.02097359,0.03270665,0.173,1395.152,0.000324
7532,0.02093554,0.03279673,0.172,1395.331,0.000324
7533,0.02093361,0.03277384,0.172,1395.511,0.000324
7534,0.02091295,0.03279686,0.171,1395.689,0.000324
7535,0.02101546,0.03274046,0.171,1395.867,0.000324
7536,0.02093378,0.03279456,0.170,1396.045,0.000324
7537,0.02103149,0.03284762,0.172,1396.223,0.000324
7538,0.02107716,0.03282346,0.170,1396.401,0.000324
7539,0.02099155,0.03282599,0.170,1396.578,0.000324
7540,0.02093633,0.03278511,0.171,1396.756,0.000324
7541,0.02092953,0.03275320,0.173,1396.935,0.000324
7542,0.02083345,0.03286030,0.175,1397.117,0.000324
7543,0.02072358,0.03292898,0.175,1397.300,0.000324
7544,0.02076861,0.03277316,0.173,1397.480,0.000324
7545,0.02082019,0.03276610,0.170,1397.657,0.000324
7546,0.02081172,0.03282387,0.173,1397.838,0.000324
7547,0.02080659,0.03288637,0.171,1398.016,0.000324
7548,0.02075169,0.03292674,0.170,1398.193,0.000324
7549,0.02097323,0.03291989,0.170,1398.371,0.000324
7550,0.02093102,0.03297748,0.171,1398.549,0.000324
7551,0.02085098,0.03293389,0.173,1398.729,0.000324
7552,0.02083409,0.03290316,0.171,1398.907,0.000324
7553,0.02090146,0.03295523,0.172,1399.086,0.000324
7554,0.02099882,0.03298504,0.171,1399.264,0.000324
7555,0.02094689,0.03296049,0.172,1399.443,0.000324
7556,0.02089917,0.03293645,0.172,1399.622,0.000324
7557,0.02087407,0.03297568,0.173,1399.803,0.000324
7558,0.02088132,0.03287496,0.172,1399.982,0.000324
7559,0.02094863,0.03285778,0.172,1400.161,0.000324
7560,0.02081233,0.03290030,0.171,1400.339,0.000324
7561,0.02081704,0.03286277,0.171,1400.517,0.000324
7562,0.02080175,0.03287272,0.172,1400.696,0.000324
7563,0.02075330,0.03291819,0.170,1400.874,0.000324
7564,0.02072101,0.03286104,0.170,1401.051,0.000324
7565,0.02074636,0.03285074,0.171,1401.228,0.000323
7566,0.02072204,0.03289147,0.170,1401.405,0.000323
7567,0.02072949,0.03286567,0.170,1401.583,0.000323
7568,0.02067813,0.03287793,0.170,1401.761,0.000323
7569,0.02069086,0.03292724,0.171,1401.939,0.000323
7570,0.02076646,0.03292470,0.170,1402.117,0.000323
7571,0.02076121,0.03292818,0.171,1402.294,0.000323
7572,0.02074763,0.03292583,0.170,1402.471,0.000323
7573,0.02075422,0.03284999,0.170,1402.649,0.000323
7574,0.02073171,0.03293952,0.171,1402.827,0.000323
7575,0.02080871,0.03296082,0.172,1403.006,0.000323
7576,0.02078988,0.03300882,0.174,1403.186,0.000323
7577,0.02080168,0.03290066,0.173,1403.367,0.000323
7578,0.02075406,0.03285753,0.182,1403.556,0.000323
7579,0.02068736,0.03292603,0.179,1403.742,0.000323
7580,0.02068279,0.03293938,0.177,1403.926,0.000323
7581,0.02074625,0.03287830,0.177,1404.110,0.000323
7582,0.02078525,0.03277814,0.178,1404.295,0.000323
7583,0.02079493,0.03278857,0.175,1404.478,0.000323
7584,0.02072403,0.03284408,0.175,1404.660,0.000323
7585,0.02073368,0.03291418,0.173,1404.840,0.000323
7586,0.02065307,0.03281951,0.173,1405.020,0.000323
7587,0.02061375,0.03283336,0.171,1405.199,0.000323
7588,0.02065052,0.03283453,0.173,1405.379,0.000323
7589,0.02061781,0.03284353,0.173,1405.559,0.000323
7590,0.02059229,0.03285829,0.173,1405.739,0.000323
7591,0.02065862,0.03296224,0.171,1405.917,0.000323
7592,0.02063688,0.03282849,0.173,1406.098,0.000323
7593,0.02083526,0.03283743,0.176,1406.281,0.000323
7594,0.02082284,0.03286595,0.184,1406.473,0.000323
7595,0.02068460,0.03291018,0.190,1406.670,0.000323
7596,0.02065045,0.03295894,0.184,1406.861,0.000323
7597,0.02079527,0.03298971,0.181,1407.050,0.000323
7598,0.02075997,0.03296939,0.175,1407.232,0.000323
7599,0.02075410,0.03295703,0.178,1407.417,0.000323
7600,0.02057705,0.03292668,0.181,1407.605,0.000323
7601,0.02051501,0.03288519,0.178,1407.790,0.000323
7602,0.02051930,0.03289119,0.180,1407.978,0.000323
7603,0.02058110,0.03291380,0.180,1408.165,0.000323
7604,0.02069341,0.03285637,0.179,1408.351,0.000323
7605,0.02065680,0.03288736,0.179,1408.538,0.000323
7606,0.02083078,0.03292064,0.178,1408.724,0.000323
7607,0.02078408,0.03289238,0.178,1408.909,0.000323
7608,0.02077587,0.03288116,0.178,1409.094,0.000323
7609,0.02087904,0.03286336,0.177,1409.279,0.000323
7610,0.02082759,0.03298553,0.178,1409.464,0.000323
